ISO-10303-21;
HEADER;
FILE_DESCRIPTION(('Open CASCADE Model'),'2;1');
FILE_NAME('Open CASCADE Shape Model','2026-10-06T16:00:44',('Author'),(
    'Open CASCADE'),'Open CASCADE STEP processor 7.9','Open CASCADE 7.9'
  ,'Unknown');
FILE_SCHEMA(('AUTOMOTIVE_DESIGN { 1 0 10303 214 1 1 1 1 }'));
ENDSEC;
DATA;
#1 = APPLICATION_PROTOCOL_DEFINITION('international standard',
  'automotive_design',2000,#2);
#2 = APPLICATION_CONTEXT(
  'core data for automotive mechanical design processes');
#3 = SHAPE_DEFINITION_REPRESENTATION(#4,#10);
#4 = PRODUCT_DEFINITION_SHAPE('','',#5);
#5 = PRODUCT_DEFINITION('design','',#6,#9);
#6 = PRODUCT_DEFINITION_FORMATION('','',#7);
#7 = PRODUCT('Open CASCADE STEP translator 7.9 1',
  'Open CASCADE STEP translator 7.9 1','',(#8));
#8 = PRODUCT_CONTEXT('',#2,'mechanical');
#9 = PRODUCT_DEFINITION_CONTEXT('part definition',#2,'design');
#10 = ADVANCED_BREP_SHAPE_REPRESENTATION('',(#11,#15),#6530);
#11 = AXIS2_PLACEMENT_3D('',#12,#13,#14);
#12 = CARTESIAN_POINT('',(0.,0.,0.));
#13 = DIRECTION('',(0.,0.,1.));
#14 = DIRECTION('',(1.,0.,-0.));
#15 = MANIFOLD_SOLID_BREP('',#16);
#16 = CLOSED_SHELL('',(#17,#173,#422,#522,#1283,#1442,#1521,#1578,#1635,
    #1702,#1760,#2011,#2048,#2100,#2152,#2208,#2707,#3710,#3717,#3796,
    #3845,#3894,#4683,#4732,#4781,#5156,#5160,#5187,#5214,#5241,#5268,
    #5295,#5322,#5349,#5376,#5403,#5430,#5457,#5484,#5511,#5538,#5565,
    #5572,#5599,#5626,#5653,#5680,#5707,#5734,#5761,#5788,#5815,#5842,
    #5869,#5896,#5923,#5950,#5977,#6004,#6031,#6058,#6085,#6112,#6139,
    #6166,#6193,#6220,#6247,#6274,#6301,#6328,#6355,#6382,#6409,#6436,
    #6463,#6470,#6526));
#17 = ADVANCED_FACE('',(#18,#142),#32,.F.);
#18 = FACE_BOUND('',#19,.F.);
#19 = EDGE_LOOP('',(#20,#55,#88,#116));
#20 = ORIENTED_EDGE('',*,*,#21,.F.);
#21 = EDGE_CURVE('',#22,#24,#26,.T.);
#22 = VERTEX_POINT('',#23);
#23 = CARTESIAN_POINT('',(6.5,0.,0.));
#24 = VERTEX_POINT('',#25);
#25 = CARTESIAN_POINT('',(12.,-5.551115123126E-17,0.));
#26 = SURFACE_CURVE('',#27,(#31,#43),.PCURVE_S1.);
#27 = LINE('',#28,#29);
#28 = CARTESIAN_POINT('',(6.5,0.,0.));
#29 = VECTOR('',#30,1.);
#30 = DIRECTION('',(1.,0.,-0.));
#31 = PCURVE('',#32,#37);
#32 = PLANE('',#33);
#33 = AXIS2_PLACEMENT_3D('',#34,#35,#36);
#34 = CARTESIAN_POINT('',(6.5,0.,0.));
#35 = DIRECTION('',(-0.,1.,0.));
#36 = DIRECTION('',(0.,0.,1.));
#37 = DEFINITIONAL_REPRESENTATION('',(#38),#42);
#38 = LINE('',#39,#40);
#39 = CARTESIAN_POINT('',(0.,0.));
#40 = VECTOR('',#41,1.);
#41 = DIRECTION('',(0.,1.));
#42 = ( GEOMETRIC_REPRESENTATION_CONTEXT(2) 
PARAMETRIC_REPRESENTATION_CONTEXT() REPRESENTATION_CONTEXT('2D SPACE',''
  ) );
#43 = PCURVE('',#44,#49);
#44 = PLANE('',#45);
#45 = AXIS2_PLACEMENT_3D('',#46,#47,#48);
#46 = CARTESIAN_POINT('',(6.5,0.,0.));
#47 = DIRECTION('',(0.,0.,1.));
#48 = DIRECTION('',(1.,0.,-0.));
#49 = DEFINITIONAL_REPRESENTATION('',(#50),#54);
#50 = LINE('',#51,#52);
#51 = CARTESIAN_POINT('',(0.,0.));
#52 = VECTOR('',#53,1.);
#53 = DIRECTION('',(1.,0.));
#54 = ( GEOMETRIC_REPRESENTATION_CONTEXT(2) 
PARAMETRIC_REPRESENTATION_CONTEXT() REPRESENTATION_CONTEXT('2D SPACE',''
  ) );
#55 = ORIENTED_EDGE('',*,*,#56,.F.);
#56 = EDGE_CURVE('',#57,#22,#59,.T.);
#57 = VERTEX_POINT('',#58);
#58 = CARTESIAN_POINT('',(6.5,0.,13.));
#59 = SURFACE_CURVE('',#60,(#65,#76),.PCURVE_S1.);
#60 = CIRCLE('',#61,6.5);
#61 = AXIS2_PLACEMENT_3D('',#62,#63,#64);
#62 = CARTESIAN_POINT('',(6.5,0.,6.5));
#63 = DIRECTION('',(-0.,-1.,0.));
#64 = DIRECTION('',(-1.366428338E-16,0.,1.));
#65 = PCURVE('',#32,#66);
#66 = DEFINITIONAL_REPRESENTATION('',(#67),#75);
#67 = ( BOUNDED_CURVE() B_SPLINE_CURVE(2,(#68,#69,#70,#71,#72,#73,#74),
.UNSPECIFIED.,.T.,.F.) B_SPLINE_CURVE_WITH_KNOTS((1,2,2,2,2,1),(
    -2.094395102393,0.,2.094395102393,4.188790204786,6.28318530718,
8.377580409573),.UNSPECIFIED.) CURVE() GEOMETRIC_REPRESENTATION_ITEM() 
RATIONAL_B_SPLINE_CURVE((1.,0.5,1.,0.5,1.,0.5,1.)) REPRESENTATION_ITEM(
  '') );
#68 = CARTESIAN_POINT('',(13.,-8.881784197001E-16));
#69 = CARTESIAN_POINT('',(13.,-11.25833024919));
#70 = CARTESIAN_POINT('',(3.25,-5.629165124599));
#71 = CARTESIAN_POINT('',(-6.5,1.843160005087E-16));
#72 = CARTESIAN_POINT('',(3.25,5.629165124599));
#73 = CARTESIAN_POINT('',(13.,11.258330249198));
#74 = CARTESIAN_POINT('',(13.,-8.881784197001E-16));
#75 = ( GEOMETRIC_REPRESENTATION_CONTEXT(2) 
PARAMETRIC_REPRESENTATION_CONTEXT() REPRESENTATION_CONTEXT('2D SPACE',''
  ) );
#76 = PCURVE('',#77,#82);
#77 = CYLINDRICAL_SURFACE('',#78,6.5);
#78 = AXIS2_PLACEMENT_3D('',#79,#80,#81);
#79 = CARTESIAN_POINT('',(6.5,0.,6.5));
#80 = DIRECTION('',(0.,1.,0.));
#81 = DIRECTION('',(0.,-0.,1.));
#82 = DEFINITIONAL_REPRESENTATION('',(#83),#87);
#83 = LINE('',#84,#85);
#84 = CARTESIAN_POINT('',(6.28318530718,0.));
#85 = VECTOR('',#86,1.);
#86 = DIRECTION('',(-1.,-0.));
#87 = ( GEOMETRIC_REPRESENTATION_CONTEXT(2) 
PARAMETRIC_REPRESENTATION_CONTEXT() REPRESENTATION_CONTEXT('2D SPACE',''
  ) );
#88 = ORIENTED_EDGE('',*,*,#89,.T.);
#89 = EDGE_CURVE('',#57,#90,#92,.T.);
#90 = VERTEX_POINT('',#91);
#91 = CARTESIAN_POINT('',(12.,-5.551115123126E-17,13.));
#92 = SURFACE_CURVE('',#93,(#97,#104),.PCURVE_S1.);
#93 = LINE('',#94,#95);
#94 = CARTESIAN_POINT('',(6.5,0.,13.));
#95 = VECTOR('',#96,1.);
#96 = DIRECTION('',(1.,0.,-0.));
#97 = PCURVE('',#32,#98);
#98 = DEFINITIONAL_REPRESENTATION('',(#99),#103);
#99 = LINE('',#100,#101);
#100 = CARTESIAN_POINT('',(13.,0.));
#101 = VECTOR('',#102,1.);
#102 = DIRECTION('',(0.,1.));
#103 = ( GEOMETRIC_REPRESENTATION_CONTEXT(2) 
PARAMETRIC_REPRESENTATION_CONTEXT() REPRESENTATION_CONTEXT('2D SPACE',''
  ) );
#104 = PCURVE('',#105,#110);
#105 = PLANE('',#106);
#106 = AXIS2_PLACEMENT_3D('',#107,#108,#109);
#107 = CARTESIAN_POINT('',(6.5,0.,13.));
#108 = DIRECTION('',(0.,0.,1.));
#109 = DIRECTION('',(1.,0.,-0.));
#110 = DEFINITIONAL_REPRESENTATION('',(#111),#115);
#111 = LINE('',#112,#113);
#112 = CARTESIAN_POINT('',(0.,0.));
#113 = VECTOR('',#114,1.);
#114 = DIRECTION('',(1.,0.));
#115 = ( GEOMETRIC_REPRESENTATION_CONTEXT(2) 
PARAMETRIC_REPRESENTATION_CONTEXT() REPRESENTATION_CONTEXT('2D SPACE',''
  ) );
#116 = ORIENTED_EDGE('',*,*,#117,.F.);
#117 = EDGE_CURVE('',#24,#90,#118,.T.);
#118 = SURFACE_CURVE('',#119,(#123,#130),.PCURVE_S1.);
#119 = LINE('',#120,#121);
#120 = CARTESIAN_POINT('',(12.,-5.551115123126E-17,0.));
#121 = VECTOR('',#122,1.);
#122 = DIRECTION('',(0.,0.,1.));
#123 = PCURVE('',#32,#124);
#124 = DEFINITIONAL_REPRESENTATION('',(#125),#129);
#125 = LINE('',#126,#127);
#126 = CARTESIAN_POINT('',(0.,5.5));
#127 = VECTOR('',#128,1.);
#128 = DIRECTION('',(1.,0.));
#129 = ( GEOMETRIC_REPRESENTATION_CONTEXT(2) 
PARAMETRIC_REPRESENTATION_CONTEXT() REPRESENTATION_CONTEXT('2D SPACE',''
  ) );
#130 = PCURVE('',#131,#136);
#131 = CYLINDRICAL_SURFACE('',#132,0.3);
#132 = AXIS2_PLACEMENT_3D('',#133,#134,#135);
#133 = CARTESIAN_POINT('',(12.,0.3,0.));
#134 = DIRECTION('',(0.,0.,1.));
#135 = DIRECTION('',(0.,-1.,0.));
#136 = DEFINITIONAL_REPRESENTATION('',(#137),#141);
#137 = LINE('',#138,#139);
#138 = CARTESIAN_POINT('',(0.,0.));
#139 = VECTOR('',#140,1.);
#140 = DIRECTION('',(0.,1.));
#141 = ( GEOMETRIC_REPRESENTATION_CONTEXT(2) 
PARAMETRIC_REPRESENTATION_CONTEXT() REPRESENTATION_CONTEXT('2D SPACE',''
  ) );
#142 = FACE_BOUND('',#143,.F.);
#143 = EDGE_LOOP('',(#144));
#144 = ORIENTED_EDGE('',*,*,#145,.F.);
#145 = EDGE_CURVE('',#146,#146,#148,.T.);
#146 = VERTEX_POINT('',#147);
#147 = CARTESIAN_POINT('',(5.,0.,9.3));
#148 = SURFACE_CURVE('',#149,(#154,#161),.PCURVE_S1.);
#149 = CIRCLE('',#150,2.8);
#150 = AXIS2_PLACEMENT_3D('',#151,#152,#153);
#151 = CARTESIAN_POINT('',(5.,0.,6.5));
#152 = DIRECTION('',(0.,1.,0.));
#153 = DIRECTION('',(0.,-0.,1.));
#154 = PCURVE('',#32,#155);
#155 = DEFINITIONAL_REPRESENTATION('',(#156),#160);
#156 = CIRCLE('',#157,2.8);
#157 = AXIS2_PLACEMENT_2D('',#158,#159);
#158 = CARTESIAN_POINT('',(6.5,-1.5));
#159 = DIRECTION('',(1.,0.));
#160 = ( GEOMETRIC_REPRESENTATION_CONTEXT(2) 
PARAMETRIC_REPRESENTATION_CONTEXT() REPRESENTATION_CONTEXT('2D SPACE',''
  ) );
#161 = PCURVE('',#162,#167);
#162 = CONICAL_SURFACE('',#163,3.3,0.785398163397);
#163 = AXIS2_PLACEMENT_3D('',#164,#165,#166);
#164 = CARTESIAN_POINT('',(5.,-0.5,6.5));
#165 = DIRECTION('',(-0.,-1.,-0.));
#166 = DIRECTION('',(0.,-0.,1.));
#167 = DEFINITIONAL_REPRESENTATION('',(#168),#172);
#168 = LINE('',#169,#170);
#169 = CARTESIAN_POINT('',(-0.,-0.5));
#170 = VECTOR('',#171,1.);
#171 = DIRECTION('',(-1.,-0.));
#172 = ( GEOMETRIC_REPRESENTATION_CONTEXT(2) 
PARAMETRIC_REPRESENTATION_CONTEXT() REPRESENTATION_CONTEXT('2D SPACE',''
  ) );
#173 = ADVANCED_FACE('',(#174),#44,.F.);
#174 = FACE_BOUND('',#175,.F.);
#175 = EDGE_LOOP('',(#176,#177,#205,#233,#256,#289,#317,#340,#373,#401)
  );
#176 = ORIENTED_EDGE('',*,*,#21,.T.);
#177 = ORIENTED_EDGE('',*,*,#178,.T.);
#178 = EDGE_CURVE('',#24,#179,#181,.T.);
#179 = VERTEX_POINT('',#180);
#180 = CARTESIAN_POINT('',(12.,190.,-5.551115123126E-17));
#181 = SURFACE_CURVE('',#182,(#186,#193),.PCURVE_S1.);
#182 = LINE('',#183,#184);
#183 = CARTESIAN_POINT('',(12.,0.,-5.551115123126E-17));
#184 = VECTOR('',#185,1.);
#185 = DIRECTION('',(-0.,1.,0.));
#186 = PCURVE('',#44,#187);
#187 = DEFINITIONAL_REPRESENTATION('',(#188),#192);
#188 = LINE('',#189,#190);
#189 = CARTESIAN_POINT('',(5.5,0.));
#190 = VECTOR('',#191,1.);
#191 = DIRECTION('',(0.,1.));
#192 = ( GEOMETRIC_REPRESENTATION_CONTEXT(2) 
PARAMETRIC_REPRESENTATION_CONTEXT() REPRESENTATION_CONTEXT('2D SPACE',''
  ) );
#193 = PCURVE('',#194,#199);
#194 = CYLINDRICAL_SURFACE('',#195,0.3);
#195 = AXIS2_PLACEMENT_3D('',#196,#197,#198);
#196 = CARTESIAN_POINT('',(12.,0.,0.3));
#197 = DIRECTION('',(-0.,1.,0.));
#198 = DIRECTION('',(-0.,0.,-1.));
#199 = DEFINITIONAL_REPRESENTATION('',(#200),#204);
#200 = LINE('',#201,#202);
#201 = CARTESIAN_POINT('',(-0.,0.));
#202 = VECTOR('',#203,1.);
#203 = DIRECTION('',(-0.,1.));
#204 = ( GEOMETRIC_REPRESENTATION_CONTEXT(2) 
PARAMETRIC_REPRESENTATION_CONTEXT() REPRESENTATION_CONTEXT('2D SPACE',''
  ) );
#205 = ORIENTED_EDGE('',*,*,#206,.F.);
#206 = EDGE_CURVE('',#207,#179,#209,.T.);
#207 = VERTEX_POINT('',#208);
#208 = CARTESIAN_POINT('',(6.5,190.,0.));
#209 = SURFACE_CURVE('',#210,(#214,#221),.PCURVE_S1.);
#210 = LINE('',#211,#212);
#211 = CARTESIAN_POINT('',(6.5,190.,0.));
#212 = VECTOR('',#213,1.);
#213 = DIRECTION('',(1.,0.,-0.));
#214 = PCURVE('',#44,#215);
#215 = DEFINITIONAL_REPRESENTATION('',(#216),#220);
#216 = LINE('',#217,#218);
#217 = CARTESIAN_POINT('',(0.,190.));
#218 = VECTOR('',#219,1.);
#219 = DIRECTION('',(1.,0.));
#220 = ( GEOMETRIC_REPRESENTATION_CONTEXT(2) 
PARAMETRIC_REPRESENTATION_CONTEXT() REPRESENTATION_CONTEXT('2D SPACE',''
  ) );
#221 = PCURVE('',#222,#227);
#222 = PLANE('',#223);
#223 = AXIS2_PLACEMENT_3D('',#224,#225,#226);
#224 = CARTESIAN_POINT('',(6.5,190.,0.));
#225 = DIRECTION('',(-0.,1.,0.));
#226 = DIRECTION('',(0.,0.,1.));
#227 = DEFINITIONAL_REPRESENTATION('',(#228),#232);
#228 = LINE('',#229,#230);
#229 = CARTESIAN_POINT('',(0.,0.));
#230 = VECTOR('',#231,1.);
#231 = DIRECTION('',(0.,1.));
#232 = ( GEOMETRIC_REPRESENTATION_CONTEXT(2) 
PARAMETRIC_REPRESENTATION_CONTEXT() REPRESENTATION_CONTEXT('2D SPACE',''
  ) );
#233 = ORIENTED_EDGE('',*,*,#234,.F.);
#234 = EDGE_CURVE('',#235,#207,#237,.T.);
#235 = VERTEX_POINT('',#236);
#236 = CARTESIAN_POINT('',(6.5,94.5,0.));
#237 = SURFACE_CURVE('',#238,(#242,#249),.PCURVE_S1.);
#238 = LINE('',#239,#240);
#239 = CARTESIAN_POINT('',(6.5,0.,0.));
#240 = VECTOR('',#241,1.);
#241 = DIRECTION('',(-0.,1.,0.));
#242 = PCURVE('',#44,#243);
#243 = DEFINITIONAL_REPRESENTATION('',(#244),#248);
#244 = LINE('',#245,#246);
#245 = CARTESIAN_POINT('',(0.,0.));
#246 = VECTOR('',#247,1.);
#247 = DIRECTION('',(0.,1.));
#248 = ( GEOMETRIC_REPRESENTATION_CONTEXT(2) 
PARAMETRIC_REPRESENTATION_CONTEXT() REPRESENTATION_CONTEXT('2D SPACE',''
  ) );
#249 = PCURVE('',#77,#250);
#250 = DEFINITIONAL_REPRESENTATION('',(#251),#255);
#251 = LINE('',#252,#253);
#252 = CARTESIAN_POINT('',(3.14159265359,0.));
#253 = VECTOR('',#254,1.);
#254 = DIRECTION('',(0.,1.));
#255 = ( GEOMETRIC_REPRESENTATION_CONTEXT(2) 
PARAMETRIC_REPRESENTATION_CONTEXT() REPRESENTATION_CONTEXT('2D SPACE',''
  ) );
#256 = ORIENTED_EDGE('',*,*,#257,.T.);
#257 = EDGE_CURVE('',#235,#258,#260,.T.);
#258 = VERTEX_POINT('',#259);
#259 = CARTESIAN_POINT('',(9.,92.,0.));
#260 = SURFACE_CURVE('',#261,(#266,#277),.PCURVE_S1.);
#261 = CIRCLE('',#262,2.5);
#262 = AXIS2_PLACEMENT_3D('',#263,#264,#265);
#263 = CARTESIAN_POINT('',(6.5,92.,0.));
#264 = DIRECTION('',(0.,0.,-1.));
#265 = DIRECTION('',(1.,0.,0.));
#266 = PCURVE('',#44,#267);
#267 = DEFINITIONAL_REPRESENTATION('',(#268),#276);
#268 = ( BOUNDED_CURVE() B_SPLINE_CURVE(2,(#269,#270,#271,#272,#273,#274
,#275),.UNSPECIFIED.,.T.,.F.) B_SPLINE_CURVE_WITH_KNOTS((1,2,2,2,2,1),(
    -2.094395102393,0.,2.094395102393,4.188790204786,6.28318530718,
8.377580409573),.UNSPECIFIED.) CURVE() GEOMETRIC_REPRESENTATION_ITEM() 
RATIONAL_B_SPLINE_CURVE((1.,0.5,1.,0.5,1.,0.5,1.)) REPRESENTATION_ITEM(
  '') );
#269 = CARTESIAN_POINT('',(2.5,92.));
#270 = CARTESIAN_POINT('',(2.5,87.669872981078));
#271 = CARTESIAN_POINT('',(-1.25,89.834936490539));
#272 = CARTESIAN_POINT('',(-5.,92.));
#273 = CARTESIAN_POINT('',(-1.25,94.165063509461));
#274 = CARTESIAN_POINT('',(2.5,96.330127018922));
#275 = CARTESIAN_POINT('',(2.5,92.));
#276 = ( GEOMETRIC_REPRESENTATION_CONTEXT(2) 
PARAMETRIC_REPRESENTATION_CONTEXT() REPRESENTATION_CONTEXT('2D SPACE',''
  ) );
#277 = PCURVE('',#278,#283);
#278 = CYLINDRICAL_SURFACE('',#279,2.5);
#279 = AXIS2_PLACEMENT_3D('',#280,#281,#282);
#280 = CARTESIAN_POINT('',(6.5,92.,-1.));
#281 = DIRECTION('',(-0.,-0.,-1.));
#282 = DIRECTION('',(1.,0.,0.));
#283 = DEFINITIONAL_REPRESENTATION('',(#284),#288);
#284 = LINE('',#285,#286);
#285 = CARTESIAN_POINT('',(-6.28318530718,-1.));
#286 = VECTOR('',#287,1.);
#287 = DIRECTION('',(1.,-0.));
#288 = ( GEOMETRIC_REPRESENTATION_CONTEXT(2) 
PARAMETRIC_REPRESENTATION_CONTEXT() REPRESENTATION_CONTEXT('2D SPACE',''
  ) );
#289 = ORIENTED_EDGE('',*,*,#290,.T.);
#290 = EDGE_CURVE('',#258,#291,#293,.T.);
#291 = VERTEX_POINT('',#292);
#292 = CARTESIAN_POINT('',(6.5,89.5,0.));
#293 = SURFACE_CURVE('',#294,(#299,#310),.PCURVE_S1.);
#294 = CIRCLE('',#295,2.5);
#295 = AXIS2_PLACEMENT_3D('',#296,#297,#298);
#296 = CARTESIAN_POINT('',(6.5,92.,0.));
#297 = DIRECTION('',(0.,0.,-1.));
#298 = DIRECTION('',(1.,0.,0.));
#299 = PCURVE('',#44,#300);
#300 = DEFINITIONAL_REPRESENTATION('',(#301),#309);
#301 = ( BOUNDED_CURVE() B_SPLINE_CURVE(2,(#302,#303,#304,#305,#306,#307
,#308),.UNSPECIFIED.,.T.,.F.) B_SPLINE_CURVE_WITH_KNOTS((1,2,2,2,2,1),(
    -2.094395102393,0.,2.094395102393,4.188790204786,6.28318530718,
8.377580409573),.UNSPECIFIED.) CURVE() GEOMETRIC_REPRESENTATION_ITEM() 
RATIONAL_B_SPLINE_CURVE((1.,0.5,1.,0.5,1.,0.5,1.)) REPRESENTATION_ITEM(
  '') );
#302 = CARTESIAN_POINT('',(2.5,92.));
#303 = CARTESIAN_POINT('',(2.5,87.669872981078));
#304 = CARTESIAN_POINT('',(-1.25,89.834936490539));
#305 = CARTESIAN_POINT('',(-5.,92.));
#306 = CARTESIAN_POINT('',(-1.25,94.165063509461));
#307 = CARTESIAN_POINT('',(2.5,96.330127018922));
#308 = CARTESIAN_POINT('',(2.5,92.));
#309 = ( GEOMETRIC_REPRESENTATION_CONTEXT(2) 
PARAMETRIC_REPRESENTATION_CONTEXT() REPRESENTATION_CONTEXT('2D SPACE',''
  ) );
#310 = PCURVE('',#278,#311);
#311 = DEFINITIONAL_REPRESENTATION('',(#312),#316);
#312 = LINE('',#313,#314);
#313 = CARTESIAN_POINT('',(-6.28318530718,-1.));
#314 = VECTOR('',#315,1.);
#315 = DIRECTION('',(1.,-0.));
#316 = ( GEOMETRIC_REPRESENTATION_CONTEXT(2) 
PARAMETRIC_REPRESENTATION_CONTEXT() REPRESENTATION_CONTEXT('2D SPACE',''
  ) );
#317 = ORIENTED_EDGE('',*,*,#318,.F.);
#318 = EDGE_CURVE('',#319,#291,#321,.T.);
#319 = VERTEX_POINT('',#320);
#320 = CARTESIAN_POINT('',(6.5,17.5,0.));
#321 = SURFACE_CURVE('',#322,(#326,#333),.PCURVE_S1.);
#322 = LINE('',#323,#324);
#323 = CARTESIAN_POINT('',(6.5,0.,0.));
#324 = VECTOR('',#325,1.);
#325 = DIRECTION('',(-0.,1.,0.));
#326 = PCURVE('',#44,#327);
#327 = DEFINITIONAL_REPRESENTATION('',(#328),#332);
#328 = LINE('',#329,#330);
#329 = CARTESIAN_POINT('',(0.,0.));
#330 = VECTOR('',#331,1.);
#331 = DIRECTION('',(0.,1.));
#332 = ( GEOMETRIC_REPRESENTATION_CONTEXT(2) 
PARAMETRIC_REPRESENTATION_CONTEXT() REPRESENTATION_CONTEXT('2D SPACE',''
  ) );
#333 = PCURVE('',#77,#334);
#334 = DEFINITIONAL_REPRESENTATION('',(#335),#339);
#335 = LINE('',#336,#337);
#336 = CARTESIAN_POINT('',(3.14159265359,0.));
#337 = VECTOR('',#338,1.);
#338 = DIRECTION('',(0.,1.));
#339 = ( GEOMETRIC_REPRESENTATION_CONTEXT(2) 
PARAMETRIC_REPRESENTATION_CONTEXT() REPRESENTATION_CONTEXT('2D SPACE',''
  ) );
#340 = ORIENTED_EDGE('',*,*,#341,.T.);
#341 = EDGE_CURVE('',#319,#342,#344,.T.);
#342 = VERTEX_POINT('',#343);
#343 = CARTESIAN_POINT('',(9.,15.,0.));
#344 = SURFACE_CURVE('',#345,(#350,#361),.PCURVE_S1.);
#345 = CIRCLE('',#346,2.5);
#346 = AXIS2_PLACEMENT_3D('',#347,#348,#349);
#347 = CARTESIAN_POINT('',(6.5,15.,0.));
#348 = DIRECTION('',(0.,0.,-1.));
#349 = DIRECTION('',(1.,0.,0.));
#350 = PCURVE('',#44,#351);
#351 = DEFINITIONAL_REPRESENTATION('',(#352),#360);
#352 = ( BOUNDED_CURVE() B_SPLINE_CURVE(2,(#353,#354,#355,#356,#357,#358
,#359),.UNSPECIFIED.,.T.,.F.) B_SPLINE_CURVE_WITH_KNOTS((1,2,2,2,2,1),(
    -2.094395102393,0.,2.094395102393,4.188790204786,6.28318530718,
8.377580409573),.UNSPECIFIED.) CURVE() GEOMETRIC_REPRESENTATION_ITEM() 
RATIONAL_B_SPLINE_CURVE((1.,0.5,1.,0.5,1.,0.5,1.)) REPRESENTATION_ITEM(
  '') );
#353 = CARTESIAN_POINT('',(2.5,15.));
#354 = CARTESIAN_POINT('',(2.5,10.669872981078));
#355 = CARTESIAN_POINT('',(-1.25,12.834936490539));
#356 = CARTESIAN_POINT('',(-5.,15.));
#357 = CARTESIAN_POINT('',(-1.25,17.165063509461));
#358 = CARTESIAN_POINT('',(2.5,19.330127018922));
#359 = CARTESIAN_POINT('',(2.5,15.));
#360 = ( GEOMETRIC_REPRESENTATION_CONTEXT(2) 
PARAMETRIC_REPRESENTATION_CONTEXT() REPRESENTATION_CONTEXT('2D SPACE',''
  ) );
#361 = PCURVE('',#362,#367);
#362 = CYLINDRICAL_SURFACE('',#363,2.5);
#363 = AXIS2_PLACEMENT_3D('',#364,#365,#366);
#364 = CARTESIAN_POINT('',(6.5,15.,-1.));
#365 = DIRECTION('',(-0.,-0.,-1.));
#366 = DIRECTION('',(1.,0.,0.));
#367 = DEFINITIONAL_REPRESENTATION('',(#368),#372);
#368 = LINE('',#369,#370);
#369 = CARTESIAN_POINT('',(-6.28318530718,-1.));
#370 = VECTOR('',#371,1.);
#371 = DIRECTION('',(1.,-0.));
#372 = ( GEOMETRIC_REPRESENTATION_CONTEXT(2) 
PARAMETRIC_REPRESENTATION_CONTEXT() REPRESENTATION_CONTEXT('2D SPACE',''
  ) );
#373 = ORIENTED_EDGE('',*,*,#374,.T.);
#374 = EDGE_CURVE('',#342,#375,#377,.T.);
#375 = VERTEX_POINT('',#376);
#376 = CARTESIAN_POINT('',(6.5,12.5,0.));
#377 = SURFACE_CURVE('',#378,(#383,#394),.PCURVE_S1.);
#378 = CIRCLE('',#379,2.5);
#379 = AXIS2_PLACEMENT_3D('',#380,#381,#382);
#380 = CARTESIAN_POINT('',(6.5,15.,0.));
#381 = DIRECTION('',(0.,0.,-1.));
#382 = DIRECTION('',(1.,0.,0.));
#383 = PCURVE('',#44,#384);
#384 = DEFINITIONAL_REPRESENTATION('',(#385),#393);
#385 = ( BOUNDED_CURVE() B_SPLINE_CURVE(2,(#386,#387,#388,#389,#390,#391
,#392),.UNSPECIFIED.,.T.,.F.) B_SPLINE_CURVE_WITH_KNOTS((1,2,2,2,2,1),(
    -2.094395102393,0.,2.094395102393,4.188790204786,6.28318530718,
8.377580409573),.UNSPECIFIED.) CURVE() GEOMETRIC_REPRESENTATION_ITEM() 
RATIONAL_B_SPLINE_CURVE((1.,0.5,1.,0.5,1.,0.5,1.)) REPRESENTATION_ITEM(
  '') );
#386 = CARTESIAN_POINT('',(2.5,15.));
#387 = CARTESIAN_POINT('',(2.5,10.669872981078));
#388 = CARTESIAN_POINT('',(-1.25,12.834936490539));
#389 = CARTESIAN_POINT('',(-5.,15.));
#390 = CARTESIAN_POINT('',(-1.25,17.165063509461));
#391 = CARTESIAN_POINT('',(2.5,19.330127018922));
#392 = CARTESIAN_POINT('',(2.5,15.));
#393 = ( GEOMETRIC_REPRESENTATION_CONTEXT(2) 
PARAMETRIC_REPRESENTATION_CONTEXT() REPRESENTATION_CONTEXT('2D SPACE',''
  ) );
#394 = PCURVE('',#362,#395);
#395 = DEFINITIONAL_REPRESENTATION('',(#396),#400);
#396 = LINE('',#397,#398);
#397 = CARTESIAN_POINT('',(-6.28318530718,-1.));
#398 = VECTOR('',#399,1.);
#399 = DIRECTION('',(1.,-0.));
#400 = ( GEOMETRIC_REPRESENTATION_CONTEXT(2) 
PARAMETRIC_REPRESENTATION_CONTEXT() REPRESENTATION_CONTEXT('2D SPACE',''
  ) );
#401 = ORIENTED_EDGE('',*,*,#402,.F.);
#402 = EDGE_CURVE('',#22,#375,#403,.T.);
#403 = SURFACE_CURVE('',#404,(#408,#415),.PCURVE_S1.);
#404 = LINE('',#405,#406);
#405 = CARTESIAN_POINT('',(6.5,0.,0.));
#406 = VECTOR('',#407,1.);
#407 = DIRECTION('',(-0.,1.,0.));
#408 = PCURVE('',#44,#409);
#409 = DEFINITIONAL_REPRESENTATION('',(#410),#414);
#410 = LINE('',#411,#412);
#411 = CARTESIAN_POINT('',(0.,0.));
#412 = VECTOR('',#413,1.);
#413 = DIRECTION('',(0.,1.));
#414 = ( GEOMETRIC_REPRESENTATION_CONTEXT(2) 
PARAMETRIC_REPRESENTATION_CONTEXT() REPRESENTATION_CONTEXT('2D SPACE',''
  ) );
#415 = PCURVE('',#77,#416);
#416 = DEFINITIONAL_REPRESENTATION('',(#417),#421);
#417 = LINE('',#418,#419);
#418 = CARTESIAN_POINT('',(3.14159265359,0.));
#419 = VECTOR('',#420,1.);
#420 = DIRECTION('',(0.,1.));
#421 = ( GEOMETRIC_REPRESENTATION_CONTEXT(2) 
PARAMETRIC_REPRESENTATION_CONTEXT() REPRESENTATION_CONTEXT('2D SPACE',''
  ) );
#422 = ADVANCED_FACE('',(#423),#131,.T.);
#423 = FACE_BOUND('',#424,.T.);
#424 = EDGE_LOOP('',(#425,#458,#486,#521));
#425 = ORIENTED_EDGE('',*,*,#426,.T.);
#426 = EDGE_CURVE('',#24,#427,#429,.T.);
#427 = VERTEX_POINT('',#428);
#428 = CARTESIAN_POINT('',(12.3,0.3,0.3));
#429 = SURFACE_CURVE('',#430,(#435,#446),.PCURVE_S1.);
#430 = ELLIPSE('',#431,0.424264068712,0.3);
#431 = AXIS2_PLACEMENT_3D('',#432,#433,#434);
#432 = CARTESIAN_POINT('',(12.,0.3,0.3));
#433 = DIRECTION('',(0.,-0.707106781187,0.707106781187));
#434 = DIRECTION('',(0.,0.707106781187,0.707106781187));
#435 = PCURVE('',#131,#436);
#436 = DEFINITIONAL_REPRESENTATION('',(#437),#445);
#437 = B_SPLINE_CURVE_WITH_KNOTS('',6,(#438,#439,#440,#441,#442,#443,
    #444),.UNSPECIFIED.,.F.,.F.,(7,7),(3.14159265359,4.712388980385),
  .PIECEWISE_BEZIER_KNOTS.);
#438 = CARTESIAN_POINT('',(1.110223024625E-16,-9.71445146547E-17));
#439 = CARTESIAN_POINT('',(0.261799387799,2.546762800648E-16));
#440 = CARTESIAN_POINT('',(0.523597844939,2.466824394364E-02));
#441 = CARTESIAN_POINT('',(0.78539804616,7.404377088656E-02));
#442 = CARTESIAN_POINT('',(1.047198677875,0.142926279705));
#443 = CARTESIAN_POINT('',(1.308996938996,0.22146018366));
#444 = CARTESIAN_POINT('',(1.570796326795,0.3));
#445 = ( GEOMETRIC_REPRESENTATION_CONTEXT(2) 
PARAMETRIC_REPRESENTATION_CONTEXT() REPRESENTATION_CONTEXT('2D SPACE',''
  ) );
#446 = PCURVE('',#194,#447);
#447 = DEFINITIONAL_REPRESENTATION('',(#448),#457);
#448 = B_SPLINE_CURVE_WITH_KNOTS('',7,(#449,#450,#451,#452,#453,#454,
    #455,#456),.UNSPECIFIED.,.F.,.F.,(8,8),(3.14159265359,4.712388980385
    ),.PIECEWISE_BEZIER_KNOTS.);
#449 = CARTESIAN_POINT('',(0.,-5.551115123126E-17));
#450 = CARTESIAN_POINT('',(-0.224399475256,-6.375545420435E-17));
#451 = CARTESIAN_POINT('',(-0.448798950513,1.762460178299E-02));
#452 = CARTESIAN_POINT('',(-0.673198425769,5.287124861248E-02));
#453 = CARTESIAN_POINT('',(-0.897597901026,0.103575952268));
#454 = CARTESIAN_POINT('',(-1.121997376282,0.165360588204));
#455 = CARTESIAN_POINT('',(-1.346396851538,0.232680157423));
#456 = CARTESIAN_POINT('',(-1.570796326795,0.3));
#457 = ( GEOMETRIC_REPRESENTATION_CONTEXT(2) 
PARAMETRIC_REPRESENTATION_CONTEXT() REPRESENTATION_CONTEXT('2D SPACE',''
  ) );
#458 = ORIENTED_EDGE('',*,*,#459,.T.);
#459 = EDGE_CURVE('',#427,#460,#462,.T.);
#460 = VERTEX_POINT('',#461);
#461 = CARTESIAN_POINT('',(12.3,0.3,12.7));
#462 = SURFACE_CURVE('',#463,(#467,#474),.PCURVE_S1.);
#463 = LINE('',#464,#465);
#464 = CARTESIAN_POINT('',(12.3,0.3,0.));
#465 = VECTOR('',#466,1.);
#466 = DIRECTION('',(0.,0.,1.));
#467 = PCURVE('',#131,#468);
#468 = DEFINITIONAL_REPRESENTATION('',(#469),#473);
#469 = LINE('',#470,#471);
#470 = CARTESIAN_POINT('',(1.570796326795,0.));
#471 = VECTOR('',#472,1.);
#472 = DIRECTION('',(0.,1.));
#473 = ( GEOMETRIC_REPRESENTATION_CONTEXT(2) 
PARAMETRIC_REPRESENTATION_CONTEXT() REPRESENTATION_CONTEXT('2D SPACE',''
  ) );
#474 = PCURVE('',#475,#480);
#475 = PLANE('',#476);
#476 = AXIS2_PLACEMENT_3D('',#477,#478,#479);
#477 = CARTESIAN_POINT('',(12.3,0.,0.));
#478 = DIRECTION('',(1.,0.,-0.));
#479 = DIRECTION('',(0.,0.,1.));
#480 = DEFINITIONAL_REPRESENTATION('',(#481),#485);
#481 = LINE('',#482,#483);
#482 = CARTESIAN_POINT('',(0.,-0.3));
#483 = VECTOR('',#484,1.);
#484 = DIRECTION('',(1.,0.));
#485 = ( GEOMETRIC_REPRESENTATION_CONTEXT(2) 
PARAMETRIC_REPRESENTATION_CONTEXT() REPRESENTATION_CONTEXT('2D SPACE',''
  ) );
#486 = ORIENTED_EDGE('',*,*,#487,.F.);
#487 = EDGE_CURVE('',#90,#460,#488,.T.);
#488 = SURFACE_CURVE('',#489,(#494,#505),.PCURVE_S1.);
#489 = ELLIPSE('',#490,0.424264068712,0.3);
#490 = AXIS2_PLACEMENT_3D('',#491,#492,#493);
#491 = CARTESIAN_POINT('',(12.,0.3,12.7));
#492 = DIRECTION('',(0.,0.707106781187,0.707106781187));
#493 = DIRECTION('',(0.,-0.707106781187,0.707106781187));
#494 = PCURVE('',#131,#495);
#495 = DEFINITIONAL_REPRESENTATION('',(#496),#504);
#496 = B_SPLINE_CURVE_WITH_KNOTS('',6,(#497,#498,#499,#500,#501,#502,
    #503),.UNSPECIFIED.,.F.,.F.,(7,7),(0.,1.570796326795),
  .PIECEWISE_BEZIER_KNOTS.);
#497 = CARTESIAN_POINT('',(-1.110223024625E-16,13.));
#498 = CARTESIAN_POINT('',(0.261799387799,13.));
#499 = CARTESIAN_POINT('',(0.523597844938,12.975331756056));
#500 = CARTESIAN_POINT('',(0.785398046161,12.925956229114));
#501 = CARTESIAN_POINT('',(1.047198677874,12.857073720294));
#502 = CARTESIAN_POINT('',(1.308996938996,12.77853981634));
#503 = CARTESIAN_POINT('',(1.570796326795,12.7));
#504 = ( GEOMETRIC_REPRESENTATION_CONTEXT(2) 
PARAMETRIC_REPRESENTATION_CONTEXT() REPRESENTATION_CONTEXT('2D SPACE',''
  ) );
#505 = PCURVE('',#506,#511);
#506 = CYLINDRICAL_SURFACE('',#507,0.3);
#507 = AXIS2_PLACEMENT_3D('',#508,#509,#510);
#508 = CARTESIAN_POINT('',(12.,0.,12.7));
#509 = DIRECTION('',(-0.,1.,0.));
#510 = DIRECTION('',(0.,0.,1.));
#511 = DEFINITIONAL_REPRESENTATION('',(#512),#520);
#512 = B_SPLINE_CURVE_WITH_KNOTS('',6,(#513,#514,#515,#516,#517,#518,
    #519),.UNSPECIFIED.,.F.,.F.,(7,7),(0.,1.570796326795),
  .PIECEWISE_BEZIER_KNOTS.);
#513 = CARTESIAN_POINT('',(0.,-4.163336342344E-17));
#514 = CARTESIAN_POINT('',(0.261799387799,-1.33812960712E-16));
#515 = CARTESIAN_POINT('',(0.523597844939,2.466824394364E-02));
#516 = CARTESIAN_POINT('',(0.78539804616,7.404377088656E-02));
#517 = CARTESIAN_POINT('',(1.047198677875,0.142926279705));
#518 = CARTESIAN_POINT('',(1.308996938996,0.22146018366));
#519 = CARTESIAN_POINT('',(1.570796326795,0.3));
#520 = ( GEOMETRIC_REPRESENTATION_CONTEXT(2) 
PARAMETRIC_REPRESENTATION_CONTEXT() REPRESENTATION_CONTEXT('2D SPACE',''
  ) );
#521 = ORIENTED_EDGE('',*,*,#117,.F.);
#522 = ADVANCED_FACE('',(#523),#77,.T.);
#523 = FACE_BOUND('',#524,.T.);
#524 = EDGE_LOOP('',(#525,#696,#718,#887,#909,#935,#936,#1098,#1099,
    #1261,#1262,#1263));
#525 = ORIENTED_EDGE('',*,*,#526,.F.);
#526 = EDGE_CURVE('',#527,#529,#531,.T.);
#527 = VERTEX_POINT('',#528);
#528 = CARTESIAN_POINT('',(6.5,17.5,13.));
#529 = VERTEX_POINT('',#530);
#530 = CARTESIAN_POINT('',(6.5,12.5,13.));
#531 = SURFACE_CURVE('',#532,(#583,#637),.PCURVE_S1.);
#532 = B_SPLINE_CURVE_WITH_KNOTS('',7,(#533,#534,#535,#536,#537,#538,
    #539,#540,#541,#542,#543,#544,#545,#546,#547,#548,#549,#550,#551,
    #552,#553,#554,#555,#556,#557,#558,#559,#560,#561,#562,#563,#564,
    #565,#566,#567,#568,#569,#570,#571,#572,#573,#574,#575,#576,#577,
    #578,#579,#580,#581,#582),.UNSPECIFIED.,.F.,.F.,(8,6,6,6,6,6,6,6,8),
  (0.,8.482373946636E-02,0.1980505204,0.249306391259,0.496320065941,
    0.751603904876,0.80217191071,0.867381952472,1.),.UNSPECIFIED.);
#533 = CARTESIAN_POINT('',(6.5,17.5,13.));
#534 = CARTESIAN_POINT('',(6.385800429531,17.5,13.));
#535 = CARTESIAN_POINT('',(6.271772528381,17.493913935434,
    12.997659213082));
#536 = CARTESIAN_POINT('',(6.158593114,17.481774804334,12.992990292646)
  );
#537 = CARTESIAN_POINT('',(6.046933759578,17.463738407781,
    12.986083836253));
#538 = CARTESIAN_POINT('',(5.937448606544,17.440082221604,
    12.977106732541));
#539 = CARTESIAN_POINT('',(5.830762223852,17.411207025662,
    12.966293031744));
#540 = CARTESIAN_POINT('',(5.589561450787,17.332836143747,
    12.937421023272));
#541 = CARTESIAN_POINT('',(5.457695961796,17.279674993328,
    12.918149938687));
#542 = CARTESIAN_POINT('',(5.332198203031,17.219074594223,
    12.896665982281));
#543 = CARTESIAN_POINT('',(5.213316001584,17.151900594267,
    12.873527475167));
#544 = CARTESIAN_POINT('',(5.101218807207,17.078977990789,
    12.849276302799));
#545 = CARTESIAN_POINT('',(4.996006460113,17.001099576753,
    12.824420093851));
#546 = CARTESIAN_POINT('',(4.853221225135,16.881881927096,
    12.788102059818));
#547 = CARTESIAN_POINT('',(4.810104728218,16.843839362812,
    12.776744809217));
#548 = CARTESIAN_POINT('',(4.768356263198,16.804958104339,
    12.765385735356));
#549 = CARTESIAN_POINT('',(4.727965180514,16.765287721236,
    12.754060788597));
#550 = CARTESIAN_POINT('',(4.688920202167,16.724873932063,
    12.742803821034));
#551 = CARTESIAN_POINT('',(4.651209421728,16.683758604383,
    12.731646586492));
#552 = CARTESIAN_POINT('',(4.439452888727,16.440637996298,12.66747304796
    ));
#553 = CARTESIAN_POINT('',(4.294377862465,16.223421226021,
    12.617210075436));
#554 = CARTESIAN_POINT('',(4.178834310376,15.994862594973,
    12.573289075925));
#555 = CARTESIAN_POINT('',(4.092034202982,15.75832645682,12.53828146887)
  );
#556 = CARTESIAN_POINT('',(4.03339621938,15.516480883607,12.513912799174
    ));
#557 = CARTESIAN_POINT('',(4.00268236248,15.271617749538,12.501117582274
    ));
#558 = CARTESIAN_POINT('',(3.997501173435,14.772005627306,
    12.498958889733));
#559 = CARTESIAN_POINT('',(4.024965376217,14.518551435108,
    12.510400093747));
#560 = CARTESIAN_POINT('',(4.082224435596,14.267992581546,
    12.534317967151));
#561 = CARTESIAN_POINT('',(4.169517420135,14.022846473185,
    12.569762632601));
#562 = CARTESIAN_POINT('',(4.2874698794,13.786035681137,12.61487636747)
  );
#563 = CARTESIAN_POINT('',(4.436938961492,13.561256156218,
    12.666835009984));
#564 = CARTESIAN_POINT('',(4.654756789737,13.312378122294,
    12.732695483933));
#565 = CARTESIAN_POINT('',(4.692056420839,13.271878307402,
    12.743708168613));
#566 = CARTESIAN_POINT('',(4.730654810962,13.232063597022,
    12.754815927532));
#567 = CARTESIAN_POINT('',(4.770563378596,13.192974327658,
    12.765988198715));
#568 = CARTESIAN_POINT('',(4.811792928519,13.154654495394,
    12.777192429123));
#569 = CARTESIAN_POINT('',(4.854353651799,13.117151755899,
    12.788394074646));
#570 = CARTESIAN_POINT('',(4.954868332215,13.033275571667,
    12.813951250232));
#571 = CARTESIAN_POINT('',(5.013723323517,12.987467506237,
    12.828283951157));
#572 = CARTESIAN_POINT('',(5.074828677104,12.943215741388,12.84247289296
    ));
#573 = CARTESIAN_POINT('',(5.138187666428,12.900650739524,
    12.856430587327));
#574 = CARTESIAN_POINT('',(5.203797985197,12.859911127111,
    12.870064480699));
#575 = CARTESIAN_POINT('',(5.27165147158,12.821143909591,12.883277567407
    ));
#576 = CARTESIAN_POINT('',(5.484260744044,12.709991281243,
    12.921779650063));
#577 = CARTESIAN_POINT('',(5.637154296093,12.643678974646,
    12.945640616342));
#578 = CARTESIAN_POINT('',(5.799031765303,12.587934220405,
    12.966364901537));
#579 = CARTESIAN_POINT('',(5.968214216241,12.544591341473,
    12.982849243786));
#580 = CARTESIAN_POINT('',(6.142804789551,12.51499159155,12.994234113061
    ));
#581 = CARTESIAN_POINT('',(6.320766565092,12.5,13.));
#582 = CARTESIAN_POINT('',(6.5,12.5,13.));
#583 = PCURVE('',#77,#584);
#584 = DEFINITIONAL_REPRESENTATION('',(#585),#636);
#585 = B_SPLINE_CURVE_WITH_KNOTS('',7,(#586,#587,#588,#589,#590,#591,
    #592,#593,#594,#595,#596,#597,#598,#599,#600,#601,#602,#603,#604,
    #605,#606,#607,#608,#609,#610,#611,#612,#613,#614,#615,#616,#617,
    #618,#619,#620,#621,#622,#623,#624,#625,#626,#627,#628,#629,#630,
    #631,#632,#633,#634,#635),.UNSPECIFIED.,.F.,.F.,(8,6,6,6,6,6,6,6,8),
  (0.,8.482373946636E-02,0.1980505204,0.249306391259,0.496320065941,
    0.751603904876,0.80217191071,0.867381952472,1.),.UNSPECIFIED.);
#586 = CARTESIAN_POINT('',(6.28318530718,17.5));
#587 = CARTESIAN_POINT('',(6.265616142492,17.5));
#588 = CARTESIAN_POINT('',(6.248073385232,17.493913935434));
#589 = CARTESIAN_POINT('',(6.230652321358,17.481774804334));
#590 = CARTESIAN_POINT('',(6.213447488254,17.463738407781));
#591 = CARTESIAN_POINT('',(6.196552175567,17.440082221604));
#592 = CARTESIAN_POINT('',(6.18005749301,17.411207025662));
#593 = CARTESIAN_POINT('',(6.142684780185,17.332836143747));
#594 = CARTESIAN_POINT('',(6.122189210031,17.279674993328));
#595 = CARTESIAN_POINT('',(6.102609934159,17.219074594223));
#596 = CARTESIAN_POINT('',(6.083984983641,17.151900594267));
#597 = CARTESIAN_POINT('',(6.066345522844,17.078977990789));
#598 = CARTESIAN_POINT('',(6.049715859906,17.001099576753));
#599 = CARTESIAN_POINT('',(6.027049448124,16.881881927096));
#600 = CARTESIAN_POINT('',(6.02019011353,16.843839362812));
#601 = CARTESIAN_POINT('',(6.013534120873,16.804958104339));
#602 = CARTESIAN_POINT('',(6.007080812799,16.765287721236));
#603 = CARTESIAN_POINT('',(6.00082947595,16.724873932063));
#604 = CARTESIAN_POINT('',(5.994779340959,16.683758604383));
#605 = CARTESIAN_POINT('',(5.960738268546,16.440637996298));
#606 = CARTESIAN_POINT('',(5.937135637276,16.223421226021));
#607 = CARTESIAN_POINT('',(5.918127414103,15.994862594973));
#608 = CARTESIAN_POINT('',(5.903729312987,15.75832645682));
#609 = CARTESIAN_POINT('',(5.893960087663,15.516480883607));
#610 = CARTESIAN_POINT('',(5.888841243825,15.271617749538));
#611 = CARTESIAN_POINT('',(5.887977720378,14.772005627306));
#612 = CARTESIAN_POINT('',(5.892554955862,14.518551435108));
#613 = CARTESIAN_POINT('',(5.902101682108,14.267992581546));
#614 = CARTESIAN_POINT('',(5.916595640563,14.022846473185));
#615 = CARTESIAN_POINT('',(5.936015038873,13.786035681137));
#616 = CARTESIAN_POINT('',(5.960339659247,13.561256156218));
#617 = CARTESIAN_POINT('',(5.995348435266,13.312378122294));
#618 = CARTESIAN_POINT('',(6.001331610702,13.271878307402));
#619 = CARTESIAN_POINT('',(6.007510580683,13.232063597022));
#620 = CARTESIAN_POINT('',(6.013886083756,13.192974327658));
#621 = CARTESIAN_POINT('',(6.020458802948,13.154654495394));
#622 = CARTESIAN_POINT('',(6.027229365762,13.117151755899));
#623 = CARTESIAN_POINT('',(6.043185199926,13.033275571667));
#624 = CARTESIAN_POINT('',(6.052503961854,12.987467506237));
#625 = CARTESIAN_POINT('',(6.062153991798,12.943215741388));
#626 = CARTESIAN_POINT('',(6.072134041641,12.900650739524));
#627 = CARTESIAN_POINT('',(6.082442303244,12.859911127111));
#628 = CARTESIAN_POINT('',(6.093076458372,12.821143909591));
#629 = CARTESIAN_POINT('',(6.126317593901,12.709991281243));
#630 = CARTESIAN_POINT('',(6.150117381803,12.643678974646));
#631 = CARTESIAN_POINT('',(6.175209140649,12.587934220405));
#632 = CARTESIAN_POINT('',(6.201337958016,12.544591341473));
#633 = CARTESIAN_POINT('',(6.228232162756,12.51499159155));
#634 = CARTESIAN_POINT('',(6.255610932578,12.5));
#635 = CARTESIAN_POINT('',(6.28318530718,12.5));
#636 = ( GEOMETRIC_REPRESENTATION_CONTEXT(2) 
PARAMETRIC_REPRESENTATION_CONTEXT() REPRESENTATION_CONTEXT('2D SPACE',''
  ) );
#637 = PCURVE('',#638,#643);
#638 = CYLINDRICAL_SURFACE('',#639,2.5);
#639 = AXIS2_PLACEMENT_3D('',#640,#641,#642);
#640 = CARTESIAN_POINT('',(6.5,15.,-1.));
#641 = DIRECTION('',(-0.,-0.,-1.));
#642 = DIRECTION('',(1.,0.,0.));
#643 = DEFINITIONAL_REPRESENTATION('',(#644),#695);
#644 = B_SPLINE_CURVE_WITH_KNOTS('',7,(#645,#646,#647,#648,#649,#650,
    #651,#652,#653,#654,#655,#656,#657,#658,#659,#660,#661,#662,#663,
    #664,#665,#666,#667,#668,#669,#670,#671,#672,#673,#674,#675,#676,
    #677,#678,#679,#680,#681,#682,#683,#684,#685,#686,#687,#688,#689,
    #690,#691,#692,#693,#694),.UNSPECIFIED.,.F.,.F.,(8,6,6,6,6,6,6,6,8),
  (0.,8.482373946636E-02,0.1980505204,0.249306391259,0.496320065941,
    0.751603904876,0.80217191071,0.867381952472,1.),.UNSPECIFIED.);
#645 = CARTESIAN_POINT('',(-1.570796326795,-14.));
#646 = CARTESIAN_POINT('',(-1.616476154983,-14.));
#647 = CARTESIAN_POINT('',(-1.662087309665,-13.99765921308));
#648 = CARTESIAN_POINT('',(-1.707514782772,-13.99299029264));
#649 = CARTESIAN_POINT('',(-1.752643437949,-13.98608383625));
#650 = CARTESIAN_POINT('',(-1.797352115675,-13.97710673254));
#651 = CARTESIAN_POINT('',(-1.841507192182,-13.96629303174));
#652 = CARTESIAN_POINT('',(-1.942952592716,-13.93742102327));
#653 = CARTESIAN_POINT('',(-1.999688310757,-13.91814993868));
#654 = CARTESIAN_POINT('',(-2.055239655496,-13.89666598228));
#655 = CARTESIAN_POINT('',(-2.109661994602,-13.87352747516));
#656 = CARTESIAN_POINT('',(-2.162995119297,-13.84927630279));
#657 = CARTESIAN_POINT('',(-2.215265424239,-13.82442009385));
#658 = CARTESIAN_POINT('',(-2.289670231952,-13.78810205981));
#659 = CARTESIAN_POINT('',(-2.312661851319,-13.77674480921));
#660 = CARTESIAN_POINT('',(-2.335468643282,-13.76538573535));
#661 = CARTESIAN_POINT('',(-2.358100061896,-13.75406078859));
#662 = CARTESIAN_POINT('',(-2.380565532254,-13.74280382103));
#663 = CARTESIAN_POINT('',(-2.402874450493,-13.73164658649));
#664 = CARTESIAN_POINT('',(-2.531838606346,-13.66747304796));
#665 = CARTESIAN_POINT('',(-2.635471138767,-13.61721007543));
#666 = CARTESIAN_POINT('',(-2.73675558719,-13.57328907592));
#667 = CARTESIAN_POINT('',(-2.83634547973,-13.53828146887));
#668 = CARTESIAN_POINT('',(-2.934872794717,-13.51391279917));
#669 = CARTESIAN_POINT('',(-3.03294008341,-13.50111758227));
#670 = CARTESIAN_POINT('',(-3.232795678238,-13.49895888973));
#671 = CARTESIAN_POINT('',(-3.334057861144,-13.51040009374));
#672 = CARTESIAN_POINT('',(-3.435750693881,-13.53431796715));
#673 = CARTESIAN_POINT('',(-3.538528562113,-13.5697626326));
#674 = CARTESIAN_POINT('',(-3.643080161694,-13.61487636747));
#675 = CARTESIAN_POINT('',(-3.750114607034,-13.66683500998));
#676 = CARTESIAN_POINT('',(-3.882408148568,-13.73269548393));
#677 = CARTESIAN_POINT('',(-3.904424782768,-13.74370816861));
#678 = CARTESIAN_POINT('',(-3.926594302026,-13.75481592753));
#679 = CARTESIAN_POINT('',(-3.948925728948,-13.76598819871));
#680 = CARTESIAN_POINT('',(-3.971428109058,-13.77719242912));
#681 = CARTESIAN_POINT('',(-3.994110510797,-13.78839407464));
#682 = CARTESIAN_POINT('',(-4.046476018926,-13.81395125023));
#683 = CARTESIAN_POINT('',(-4.076291040524,-13.82828395115));
#684 = CARTESIAN_POINT('',(-4.106440279985,-13.84247289296));
#685 = CARTESIAN_POINT('',(-4.136937268468,-13.85643058732));
#686 = CARTESIAN_POINT('',(-4.167796410688,-13.87006448069));
#687 = CARTESIAN_POINT('',(-4.199033516974,-13.8832775674));
#688 = CARTESIAN_POINT('',(-4.294998185077,-13.92177965006));
#689 = CARTESIAN_POINT('',(-4.361484884567,-13.94564061634));
#690 = CARTESIAN_POINT('',(-4.429632895309,-13.96636490153));
#691 = CARTESIAN_POINT('',(-4.499072567127,-13.98284924378));
#692 = CARTESIAN_POINT('',(-4.569510971137,-13.99423411306));
#693 = CARTESIAN_POINT('',(-4.640695606421,-14.));
#694 = CARTESIAN_POINT('',(-4.712388980385,-14.));
#695 = ( GEOMETRIC_REPRESENTATION_CONTEXT(2) 
PARAMETRIC_REPRESENTATION_CONTEXT() REPRESENTATION_CONTEXT('2D SPACE',''
  ) );
#696 = ORIENTED_EDGE('',*,*,#697,.T.);
#697 = EDGE_CURVE('',#527,#698,#700,.T.);
#698 = VERTEX_POINT('',#699);
#699 = CARTESIAN_POINT('',(6.5,89.5,13.));
#700 = SURFACE_CURVE('',#701,(#705,#711),.PCURVE_S1.);
#701 = LINE('',#702,#703);
#702 = CARTESIAN_POINT('',(6.5,0.,13.));
#703 = VECTOR('',#704,1.);
#704 = DIRECTION('',(-0.,1.,0.));
#705 = PCURVE('',#77,#706);
#706 = DEFINITIONAL_REPRESENTATION('',(#707),#710);
#707 = B_SPLINE_CURVE_WITH_KNOTS('',1,(#708,#709),.UNSPECIFIED.,.F.,.F.,
  (2,2),(0.,190.),.PIECEWISE_BEZIER_KNOTS.);
#708 = CARTESIAN_POINT('',(6.28318530718,0.));
#709 = CARTESIAN_POINT('',(6.28318530718,190.));
#710 = ( GEOMETRIC_REPRESENTATION_CONTEXT(2) 
PARAMETRIC_REPRESENTATION_CONTEXT() REPRESENTATION_CONTEXT('2D SPACE',''
  ) );
#711 = PCURVE('',#105,#712);
#712 = DEFINITIONAL_REPRESENTATION('',(#713),#717);
#713 = LINE('',#714,#715);
#714 = CARTESIAN_POINT('',(0.,0.));
#715 = VECTOR('',#716,1.);
#716 = DIRECTION('',(0.,1.));
#717 = ( GEOMETRIC_REPRESENTATION_CONTEXT(2) 
PARAMETRIC_REPRESENTATION_CONTEXT() REPRESENTATION_CONTEXT('2D SPACE',''
  ) );
#718 = ORIENTED_EDGE('',*,*,#719,.F.);
#719 = EDGE_CURVE('',#720,#698,#722,.T.);
#720 = VERTEX_POINT('',#721);
#721 = CARTESIAN_POINT('',(6.5,94.5,13.));
#722 = SURFACE_CURVE('',#723,(#774,#828),.PCURVE_S1.);
#723 = B_SPLINE_CURVE_WITH_KNOTS('',7,(#724,#725,#726,#727,#728,#729,
    #730,#731,#732,#733,#734,#735,#736,#737,#738,#739,#740,#741,#742,
    #743,#744,#745,#746,#747,#748,#749,#750,#751,#752,#753,#754,#755,
    #756,#757,#758,#759,#760,#761,#762,#763,#764,#765,#766,#767,#768,
    #769,#770,#771,#772,#773),.UNSPECIFIED.,.F.,.F.,(8,6,6,6,6,6,6,6,8),
  (0.,8.482373946598E-02,0.198050520399,0.249306391258,0.496320065941,
    0.751603904876,0.802171910711,0.867381952472,1.),.UNSPECIFIED.);
#724 = CARTESIAN_POINT('',(6.5,94.5,13.));
#725 = CARTESIAN_POINT('',(6.385800429531,94.5,13.));
#726 = CARTESIAN_POINT('',(6.271772528381,94.493913935434,
    12.997659213082));
#727 = CARTESIAN_POINT('',(6.158593114,94.481774804334,12.992990292646)
  );
#728 = CARTESIAN_POINT('',(6.046933759578,94.463738407781,
    12.986083836253));
#729 = CARTESIAN_POINT('',(5.937448606544,94.440082221604,
    12.977106732541));
#730 = CARTESIAN_POINT('',(5.830762223852,94.411207025662,
    12.966293031744));
#731 = CARTESIAN_POINT('',(5.589561450787,94.332836143747,
    12.937421023272));
#732 = CARTESIAN_POINT('',(5.457695961796,94.279674993328,
    12.918149938687));
#733 = CARTESIAN_POINT('',(5.332198203031,94.219074594223,
    12.896665982281));
#734 = CARTESIAN_POINT('',(5.213316001584,94.151900594267,
    12.873527475167));
#735 = CARTESIAN_POINT('',(5.101218807207,94.078977990789,
    12.849276302799));
#736 = CARTESIAN_POINT('',(4.996006460114,94.001099576753,
    12.824420093851));
#737 = CARTESIAN_POINT('',(4.853221225135,93.881881927096,
    12.788102059818));
#738 = CARTESIAN_POINT('',(4.810104728218,93.843839362812,
    12.776744809217));
#739 = CARTESIAN_POINT('',(4.768356263198,93.804958104339,
    12.765385735356));
#740 = CARTESIAN_POINT('',(4.727965180514,93.765287721236,
    12.754060788597));
#741 = CARTESIAN_POINT('',(4.688920202167,93.724873932063,
    12.742803821034));
#742 = CARTESIAN_POINT('',(4.651209421728,93.683758604383,
    12.731646586492));
#743 = CARTESIAN_POINT('',(4.439452888726,93.440637996298,12.66747304796
    ));
#744 = CARTESIAN_POINT('',(4.294377862468,93.223421226024,
    12.617210075436));
#745 = CARTESIAN_POINT('',(4.178834310374,92.99486259497,12.573289075925
    ));
#746 = CARTESIAN_POINT('',(4.092034202983,92.758326456825,12.53828146887
    ));
#747 = CARTESIAN_POINT('',(4.03339621938,92.516480883605,12.513912799173
    ));
#748 = CARTESIAN_POINT('',(4.002682362481,92.271617749539,
    12.501117582274));
#749 = CARTESIAN_POINT('',(3.997501173435,91.772005627306,
    12.498958889733));
#750 = CARTESIAN_POINT('',(4.024965376216,91.518551435111,
    12.510400093747));
#751 = CARTESIAN_POINT('',(4.082224435597,91.267992581542,
    12.534317967152));
#752 = CARTESIAN_POINT('',(4.169517420134,91.022846473189,12.5697626326)
  );
#753 = CARTESIAN_POINT('',(4.287469879401,90.786035681136,12.61487636747
    ));
#754 = CARTESIAN_POINT('',(4.436938961491,90.561256156219,
    12.666835009984));
#755 = CARTESIAN_POINT('',(4.654756789737,90.312378122294,
    12.732695483933));
#756 = CARTESIAN_POINT('',(4.692056420839,90.271878307403,
    12.743708168613));
#757 = CARTESIAN_POINT('',(4.730654810962,90.232063597023,
    12.754815927531));
#758 = CARTESIAN_POINT('',(4.770563378595,90.192974327658,
    12.765988198715));
#759 = CARTESIAN_POINT('',(4.811792928519,90.154654495394,
    12.777192429123));
#760 = CARTESIAN_POINT('',(4.854353651799,90.117151755899,
    12.788394074646));
#761 = CARTESIAN_POINT('',(4.954868332214,90.033275571668,
    12.813951250231));
#762 = CARTESIAN_POINT('',(5.013723323517,89.987467506237,
    12.828283951157));
#763 = CARTESIAN_POINT('',(5.074828677103,89.943215741388,12.84247289296
    ));
#764 = CARTESIAN_POINT('',(5.138187666427,89.900650739525,
    12.856430587327));
#765 = CARTESIAN_POINT('',(5.203797985196,89.859911127112,
    12.870064480698));
#766 = CARTESIAN_POINT('',(5.271651471579,89.821143909592,
    12.883277567407));
#767 = CARTESIAN_POINT('',(5.484260744043,89.709991281243,
    12.921779650063));
#768 = CARTESIAN_POINT('',(5.637154296093,89.643678974646,
    12.945640616342));
#769 = CARTESIAN_POINT('',(5.799031765302,89.587934220405,
    12.966364901536));
#770 = CARTESIAN_POINT('',(5.968214216241,89.544591341473,
    12.982849243786));
#771 = CARTESIAN_POINT('',(6.14280478955,89.51499159155,12.994234113061)
  );
#772 = CARTESIAN_POINT('',(6.320766565092,89.5,13.));
#773 = CARTESIAN_POINT('',(6.5,89.5,13.));
#774 = PCURVE('',#77,#775);
#775 = DEFINITIONAL_REPRESENTATION('',(#776),#827);
#776 = B_SPLINE_CURVE_WITH_KNOTS('',7,(#777,#778,#779,#780,#781,#782,
    #783,#784,#785,#786,#787,#788,#789,#790,#791,#792,#793,#794,#795,
    #796,#797,#798,#799,#800,#801,#802,#803,#804,#805,#806,#807,#808,
    #809,#810,#811,#812,#813,#814,#815,#816,#817,#818,#819,#820,#821,
    #822,#823,#824,#825,#826),.UNSPECIFIED.,.F.,.F.,(8,6,6,6,6,6,6,6,8),
  (0.,8.482373946598E-02,0.198050520399,0.249306391258,0.496320065941,
    0.751603904876,0.802171910711,0.867381952472,1.),.UNSPECIFIED.);
#777 = CARTESIAN_POINT('',(6.28318530718,94.5));
#778 = CARTESIAN_POINT('',(6.265616142492,94.5));
#779 = CARTESIAN_POINT('',(6.248073385232,94.493913935434));
#780 = CARTESIAN_POINT('',(6.230652321358,94.481774804334));
#781 = CARTESIAN_POINT('',(6.213447488254,94.463738407781));
#782 = CARTESIAN_POINT('',(6.196552175567,94.440082221604));
#783 = CARTESIAN_POINT('',(6.18005749301,94.411207025662));
#784 = CARTESIAN_POINT('',(6.142684780185,94.332836143747));
#785 = CARTESIAN_POINT('',(6.122189210032,94.279674993328));
#786 = CARTESIAN_POINT('',(6.102609934159,94.219074594223));
#787 = CARTESIAN_POINT('',(6.083984983641,94.151900594267));
#788 = CARTESIAN_POINT('',(6.066345522844,94.078977990789));
#789 = CARTESIAN_POINT('',(6.049715859906,94.001099576753));
#790 = CARTESIAN_POINT('',(6.027049448124,93.881881927096));
#791 = CARTESIAN_POINT('',(6.02019011353,93.843839362812));
#792 = CARTESIAN_POINT('',(6.013534120873,93.804958104339));
#793 = CARTESIAN_POINT('',(6.007080812799,93.765287721236));
#794 = CARTESIAN_POINT('',(6.00082947595,93.724873932063));
#795 = CARTESIAN_POINT('',(5.994779340959,93.683758604383));
#796 = CARTESIAN_POINT('',(5.960738268546,93.440637996298));
#797 = CARTESIAN_POINT('',(5.937135637276,93.223421226024));
#798 = CARTESIAN_POINT('',(5.918127414103,92.99486259497));
#799 = CARTESIAN_POINT('',(5.903729312987,92.758326456825));
#800 = CARTESIAN_POINT('',(5.893960087663,92.516480883605));
#801 = CARTESIAN_POINT('',(5.888841243825,92.271617749539));
#802 = CARTESIAN_POINT('',(5.887977720378,91.772005627306));
#803 = CARTESIAN_POINT('',(5.892554955862,91.518551435111));
#804 = CARTESIAN_POINT('',(5.902101682109,91.267992581542));
#805 = CARTESIAN_POINT('',(5.916595640562,91.022846473189));
#806 = CARTESIAN_POINT('',(5.936015038873,90.786035681136));
#807 = CARTESIAN_POINT('',(5.960339659247,90.561256156219));
#808 = CARTESIAN_POINT('',(5.995348435266,90.312378122294));
#809 = CARTESIAN_POINT('',(6.001331610702,90.271878307403));
#810 = CARTESIAN_POINT('',(6.007510580683,90.232063597023));
#811 = CARTESIAN_POINT('',(6.013886083756,90.192974327658));
#812 = CARTESIAN_POINT('',(6.020458802948,90.154654495394));
#813 = CARTESIAN_POINT('',(6.027229365762,90.117151755899));
#814 = CARTESIAN_POINT('',(6.043185199926,90.033275571668));
#815 = CARTESIAN_POINT('',(6.052503961854,89.987467506237));
#816 = CARTESIAN_POINT('',(6.062153991798,89.943215741388));
#817 = CARTESIAN_POINT('',(6.072134041641,89.900650739525));
#818 = CARTESIAN_POINT('',(6.082442303244,89.859911127112));
#819 = CARTESIAN_POINT('',(6.093076458371,89.821143909592));
#820 = CARTESIAN_POINT('',(6.126317593901,89.709991281243));
#821 = CARTESIAN_POINT('',(6.150117381803,89.643678974646));
#822 = CARTESIAN_POINT('',(6.175209140649,89.587934220405));
#823 = CARTESIAN_POINT('',(6.201337958016,89.544591341473));
#824 = CARTESIAN_POINT('',(6.228232162756,89.51499159155));
#825 = CARTESIAN_POINT('',(6.255610932578,89.5));
#826 = CARTESIAN_POINT('',(6.28318530718,89.5));
#827 = ( GEOMETRIC_REPRESENTATION_CONTEXT(2) 
PARAMETRIC_REPRESENTATION_CONTEXT() REPRESENTATION_CONTEXT('2D SPACE',''
  ) );
#828 = PCURVE('',#829,#834);
#829 = CYLINDRICAL_SURFACE('',#830,2.5);
#830 = AXIS2_PLACEMENT_3D('',#831,#832,#833);
#831 = CARTESIAN_POINT('',(6.5,92.,-1.));
#832 = DIRECTION('',(-0.,-0.,-1.));
#833 = DIRECTION('',(1.,0.,0.));
#834 = DEFINITIONAL_REPRESENTATION('',(#835),#886);
#835 = B_SPLINE_CURVE_WITH_KNOTS('',7,(#836,#837,#838,#839,#840,#841,
    #842,#843,#844,#845,#846,#847,#848,#849,#850,#851,#852,#853,#854,
    #855,#856,#857,#858,#859,#860,#861,#862,#863,#864,#865,#866,#867,
    #868,#869,#870,#871,#872,#873,#874,#875,#876,#877,#878,#879,#880,
    #881,#882,#883,#884,#885),.UNSPECIFIED.,.F.,.F.,(8,6,6,6,6,6,6,6,8),
  (0.,8.482373946598E-02,0.198050520399,0.249306391258,0.496320065941,
    0.751603904876,0.802171910711,0.867381952472,1.),.UNSPECIFIED.);
#836 = CARTESIAN_POINT('',(-1.570796326795,-14.));
#837 = CARTESIAN_POINT('',(-1.616476154983,-14.));
#838 = CARTESIAN_POINT('',(-1.662087309665,-13.99765921308));
#839 = CARTESIAN_POINT('',(-1.707514782772,-13.99299029264));
#840 = CARTESIAN_POINT('',(-1.752643437949,-13.98608383625));
#841 = CARTESIAN_POINT('',(-1.797352115675,-13.97710673254));
#842 = CARTESIAN_POINT('',(-1.841507192182,-13.96629303174));
#843 = CARTESIAN_POINT('',(-1.942952592716,-13.93742102327));
#844 = CARTESIAN_POINT('',(-1.999688310757,-13.91814993868));
#845 = CARTESIAN_POINT('',(-2.055239655496,-13.89666598228));
#846 = CARTESIAN_POINT('',(-2.109661994602,-13.87352747516));
#847 = CARTESIAN_POINT('',(-2.162995119297,-13.84927630279));
#848 = CARTESIAN_POINT('',(-2.215265424239,-13.82442009385));
#849 = CARTESIAN_POINT('',(-2.289670231952,-13.78810205981));
#850 = CARTESIAN_POINT('',(-2.312661851319,-13.77674480921));
#851 = CARTESIAN_POINT('',(-2.335468643282,-13.76538573535));
#852 = CARTESIAN_POINT('',(-2.358100061895,-13.75406078859));
#853 = CARTESIAN_POINT('',(-2.380565532254,-13.74280382103));
#854 = CARTESIAN_POINT('',(-2.402874450493,-13.73164658649));
#855 = CARTESIAN_POINT('',(-2.531838606347,-13.66747304796));
#856 = CARTESIAN_POINT('',(-2.635471138766,-13.61721007543));
#857 = CARTESIAN_POINT('',(-2.736755587192,-13.57328907592));
#858 = CARTESIAN_POINT('',(-2.836345479728,-13.53828146887));
#859 = CARTESIAN_POINT('',(-2.934872794718,-13.51391279917));
#860 = CARTESIAN_POINT('',(-3.032940083409,-13.50111758227));
#861 = CARTESIAN_POINT('',(-3.232795678238,-13.49895888973));
#862 = CARTESIAN_POINT('',(-3.334057861143,-13.51040009374));
#863 = CARTESIAN_POINT('',(-3.435750693883,-13.53431796715));
#864 = CARTESIAN_POINT('',(-3.538528562111,-13.5697626326));
#865 = CARTESIAN_POINT('',(-3.643080161695,-13.61487636747));
#866 = CARTESIAN_POINT('',(-3.750114607034,-13.66683500998));
#867 = CARTESIAN_POINT('',(-3.882408148568,-13.73269548393));
#868 = CARTESIAN_POINT('',(-3.904424782768,-13.74370816861));
#869 = CARTESIAN_POINT('',(-3.926594302026,-13.75481592753));
#870 = CARTESIAN_POINT('',(-3.948925728948,-13.76598819871));
#871 = CARTESIAN_POINT('',(-3.971428109058,-13.77719242912));
#872 = CARTESIAN_POINT('',(-3.994110510797,-13.78839407464));
#873 = CARTESIAN_POINT('',(-4.046476018926,-13.81395125023));
#874 = CARTESIAN_POINT('',(-4.076291040524,-13.82828395115));
#875 = CARTESIAN_POINT('',(-4.106440279984,-13.84247289296));
#876 = CARTESIAN_POINT('',(-4.136937268467,-13.85643058732));
#877 = CARTESIAN_POINT('',(-4.167796410687,-13.87006448069));
#878 = CARTESIAN_POINT('',(-4.199033516973,-13.8832775674));
#879 = CARTESIAN_POINT('',(-4.294998185077,-13.92177965006));
#880 = CARTESIAN_POINT('',(-4.361484884566,-13.94564061634));
#881 = CARTESIAN_POINT('',(-4.429632895309,-13.96636490153));
#882 = CARTESIAN_POINT('',(-4.499072567127,-13.98284924378));
#883 = CARTESIAN_POINT('',(-4.569510971137,-13.99423411306));
#884 = CARTESIAN_POINT('',(-4.640695606421,-14.));
#885 = CARTESIAN_POINT('',(-4.712388980385,-14.));
#886 = ( GEOMETRIC_REPRESENTATION_CONTEXT(2) 
PARAMETRIC_REPRESENTATION_CONTEXT() REPRESENTATION_CONTEXT('2D SPACE',''
  ) );
#887 = ORIENTED_EDGE('',*,*,#888,.T.);
#888 = EDGE_CURVE('',#720,#889,#891,.T.);
#889 = VERTEX_POINT('',#890);
#890 = CARTESIAN_POINT('',(6.5,190.,13.));
#891 = SURFACE_CURVE('',#892,(#896,#902),.PCURVE_S1.);
#892 = LINE('',#893,#894);
#893 = CARTESIAN_POINT('',(6.5,0.,13.));
#894 = VECTOR('',#895,1.);
#895 = DIRECTION('',(-0.,1.,0.));
#896 = PCURVE('',#77,#897);
#897 = DEFINITIONAL_REPRESENTATION('',(#898),#901);
#898 = B_SPLINE_CURVE_WITH_KNOTS('',1,(#899,#900),.UNSPECIFIED.,.F.,.F.,
  (2,2),(0.,190.),.PIECEWISE_BEZIER_KNOTS.);
#899 = CARTESIAN_POINT('',(6.28318530718,0.));
#900 = CARTESIAN_POINT('',(6.28318530718,190.));
#901 = ( GEOMETRIC_REPRESENTATION_CONTEXT(2) 
PARAMETRIC_REPRESENTATION_CONTEXT() REPRESENTATION_CONTEXT('2D SPACE',''
  ) );
#902 = PCURVE('',#105,#903);
#903 = DEFINITIONAL_REPRESENTATION('',(#904),#908);
#904 = LINE('',#905,#906);
#905 = CARTESIAN_POINT('',(0.,0.));
#906 = VECTOR('',#907,1.);
#907 = DIRECTION('',(0.,1.));
#908 = ( GEOMETRIC_REPRESENTATION_CONTEXT(2) 
PARAMETRIC_REPRESENTATION_CONTEXT() REPRESENTATION_CONTEXT('2D SPACE',''
  ) );
#909 = ORIENTED_EDGE('',*,*,#910,.T.);
#910 = EDGE_CURVE('',#889,#207,#911,.T.);
#911 = SURFACE_CURVE('',#912,(#917,#924),.PCURVE_S1.);
#912 = CIRCLE('',#913,6.5);
#913 = AXIS2_PLACEMENT_3D('',#914,#915,#916);
#914 = CARTESIAN_POINT('',(6.5,190.,6.5));
#915 = DIRECTION('',(-0.,-1.,0.));
#916 = DIRECTION('',(-1.366428338E-16,0.,1.));
#917 = PCURVE('',#77,#918);
#918 = DEFINITIONAL_REPRESENTATION('',(#919),#923);
#919 = LINE('',#920,#921);
#920 = CARTESIAN_POINT('',(6.28318530718,190.));
#921 = VECTOR('',#922,1.);
#922 = DIRECTION('',(-1.,-0.));
#923 = ( GEOMETRIC_REPRESENTATION_CONTEXT(2) 
PARAMETRIC_REPRESENTATION_CONTEXT() REPRESENTATION_CONTEXT('2D SPACE',''
  ) );
#924 = PCURVE('',#222,#925);
#925 = DEFINITIONAL_REPRESENTATION('',(#926),#934);
#926 = ( BOUNDED_CURVE() B_SPLINE_CURVE(2,(#927,#928,#929,#930,#931,#932
,#933),.UNSPECIFIED.,.T.,.F.) B_SPLINE_CURVE_WITH_KNOTS((1,2,2,2,2,1),(
    -2.094395102393,0.,2.094395102393,4.188790204786,6.28318530718,
8.377580409573),.UNSPECIFIED.) CURVE() GEOMETRIC_REPRESENTATION_ITEM() 
RATIONAL_B_SPLINE_CURVE((1.,0.5,1.,0.5,1.,0.5,1.)) REPRESENTATION_ITEM(
  '') );
#927 = CARTESIAN_POINT('',(13.,-8.881784197001E-16));
#928 = CARTESIAN_POINT('',(13.,-11.25833024919));
#929 = CARTESIAN_POINT('',(3.25,-5.629165124599));
#930 = CARTESIAN_POINT('',(-6.5,1.843160005087E-16));
#931 = CARTESIAN_POINT('',(3.25,5.629165124599));
#932 = CARTESIAN_POINT('',(13.,11.258330249198));
#933 = CARTESIAN_POINT('',(13.,-8.881784197001E-16));
#934 = ( GEOMETRIC_REPRESENTATION_CONTEXT(2) 
PARAMETRIC_REPRESENTATION_CONTEXT() REPRESENTATION_CONTEXT('2D SPACE',''
  ) );
#935 = ORIENTED_EDGE('',*,*,#234,.F.);
#936 = ORIENTED_EDGE('',*,*,#937,.T.);
#937 = EDGE_CURVE('',#235,#291,#938,.T.);
#938 = SURFACE_CURVE('',#939,(#990,#1044),.PCURVE_S1.);
#939 = B_SPLINE_CURVE_WITH_KNOTS('',7,(#940,#941,#942,#943,#944,#945,
    #946,#947,#948,#949,#950,#951,#952,#953,#954,#955,#956,#957,#958,
    #959,#960,#961,#962,#963,#964,#965,#966,#967,#968,#969,#970,#971,
    #972,#973,#974,#975,#976,#977,#978,#979,#980,#981,#982,#983,#984,
    #985,#986,#987,#988,#989),.UNSPECIFIED.,.F.,.F.,(8,6,6,6,6,6,6,6,8),
  (0.,8.482373946439E-02,0.198050520395,0.249306391253,0.496320065931,
    0.751603904859,0.802171910693,0.867381952458,1.),.UNSPECIFIED.);
#940 = CARTESIAN_POINT('',(6.5,94.5,0.));
#941 = CARTESIAN_POINT('',(6.385800429531,94.5,0.));
#942 = CARTESIAN_POINT('',(6.271772528381,94.493913935434,
    2.340786918354E-03));
#943 = CARTESIAN_POINT('',(6.158593114,94.481774804334,
    7.009707353842E-03));
#944 = CARTESIAN_POINT('',(6.046933759578,94.463738407781,
    1.391616374668E-02));
#945 = CARTESIAN_POINT('',(5.937448606544,94.440082221604,
    2.289326745852E-02));
#946 = CARTESIAN_POINT('',(5.830762223852,94.411207025662,
    3.370696825623E-02));
#947 = CARTESIAN_POINT('',(5.589561450787,94.332836143747,
    6.257897672837E-02));
#948 = CARTESIAN_POINT('',(5.457695961796,94.279674993328,
    8.185006131303E-02));
#949 = CARTESIAN_POINT('',(5.332198203031,94.219074594223,0.103334017719
    ));
#950 = CARTESIAN_POINT('',(5.213316001584,94.151900594267,0.126472524833
    ));
#951 = CARTESIAN_POINT('',(5.101218807207,94.078977990789,0.150723697201
    ));
#952 = CARTESIAN_POINT('',(4.996006460114,94.001099576753,0.175579906149
    ));
#953 = CARTESIAN_POINT('',(4.853221225135,93.881881927096,0.211897940182
    ));
#954 = CARTESIAN_POINT('',(4.810104728218,93.843839362812,0.223255190783
    ));
#955 = CARTESIAN_POINT('',(4.768356263198,93.804958104339,0.234614264644
    ));
#956 = CARTESIAN_POINT('',(4.727965180514,93.765287721236,0.245939211403
    ));
#957 = CARTESIAN_POINT('',(4.688920202167,93.724873932063,0.257196178966
    ));
#958 = CARTESIAN_POINT('',(4.651209421728,93.683758604383,0.268353413508
    ));
#959 = CARTESIAN_POINT('',(4.439452888726,93.440637996298,0.33252695204)
  );
#960 = CARTESIAN_POINT('',(4.294377862467,93.223421226024,0.382789924564
    ));
#961 = CARTESIAN_POINT('',(4.178834310374,92.994862594969,0.426710924075
    ));
#962 = CARTESIAN_POINT('',(4.092034202983,92.758326456825,0.46171853113)
  );
#963 = CARTESIAN_POINT('',(4.03339621938,92.516480883604,0.486087200826)
  );
#964 = CARTESIAN_POINT('',(4.002682362481,92.27161774954,0.498882417726)
  );
#965 = CARTESIAN_POINT('',(3.997501173435,91.772005627306,0.501041110267
    ));
#966 = CARTESIAN_POINT('',(4.024965376217,91.518551435109,0.489599906253
    ));
#967 = CARTESIAN_POINT('',(4.082224435596,91.267992581546,0.465682032849
    ));
#968 = CARTESIAN_POINT('',(4.169517420135,91.022846473186,0.430237367399
    ));
#969 = CARTESIAN_POINT('',(4.2874698794,90.786035681137,0.38512363253));
#970 = CARTESIAN_POINT('',(4.436938961491,90.561256156219,0.333164990016
    ));
#971 = CARTESIAN_POINT('',(4.654756789737,90.312378122294,0.267304516067
    ));
#972 = CARTESIAN_POINT('',(4.692056420839,90.271878307403,0.256291831387
    ));
#973 = CARTESIAN_POINT('',(4.730654810962,90.232063597023,0.245184072469
    ));
#974 = CARTESIAN_POINT('',(4.770563378595,90.192974327658,0.234011801285
    ));
#975 = CARTESIAN_POINT('',(4.811792928519,90.154654495394,0.222807570877
    ));
#976 = CARTESIAN_POINT('',(4.854353651799,90.117151755899,0.211605925354
    ));
#977 = CARTESIAN_POINT('',(4.954868332218,90.033275571665,0.186048749768
    ));
#978 = CARTESIAN_POINT('',(5.013723323517,89.987467506237,0.171716048843
    ));
#979 = CARTESIAN_POINT('',(5.0748286771,89.943215741391,0.157527107041)
  );
#980 = CARTESIAN_POINT('',(5.138187666423,89.900650739527,0.143569412674
    ));
#981 = CARTESIAN_POINT('',(5.203797985196,89.859911127111,0.129935519301
    ));
#982 = CARTESIAN_POINT('',(5.271651471584,89.821143909589,0.116722432592
    ));
#983 = CARTESIAN_POINT('',(5.484260744043,89.709991281243,
    7.822034993732E-02));
#984 = CARTESIAN_POINT('',(5.637154296093,89.643678974646,
    5.435938365785E-02));
#985 = CARTESIAN_POINT('',(5.799031765302,89.587934220405,
    3.363509846354E-02));
#986 = CARTESIAN_POINT('',(5.968214216241,89.544591341473,
    1.715075621426E-02));
#987 = CARTESIAN_POINT('',(6.14280478955,89.51499159155,
    5.765886938566E-03));
#988 = CARTESIAN_POINT('',(6.320766565092,89.5,0.));
#989 = CARTESIAN_POINT('',(6.5,89.5,0.));
#990 = PCURVE('',#77,#991);
#991 = DEFINITIONAL_REPRESENTATION('',(#992),#1043);
#992 = B_SPLINE_CURVE_WITH_KNOTS('',7,(#993,#994,#995,#996,#997,#998,
    #999,#1000,#1001,#1002,#1003,#1004,#1005,#1006,#1007,#1008,#1009,
    #1010,#1011,#1012,#1013,#1014,#1015,#1016,#1017,#1018,#1019,#1020,
    #1021,#1022,#1023,#1024,#1025,#1026,#1027,#1028,#1029,#1030,#1031,
    #1032,#1033,#1034,#1035,#1036,#1037,#1038,#1039,#1040,#1041,#1042),
  .UNSPECIFIED.,.F.,.F.,(8,6,6,6,6,6,6,6,8),(0.,8.482373946439E-02,
    0.198050520395,0.249306391253,0.496320065931,0.751603904859,
    0.802171910693,0.867381952458,1.),.UNSPECIFIED.);
#993 = CARTESIAN_POINT('',(3.14159265359,94.5));
#994 = CARTESIAN_POINT('',(3.159161818277,94.5));
#995 = CARTESIAN_POINT('',(3.176704575537,94.493913935434));
#996 = CARTESIAN_POINT('',(3.194125639412,94.481774804334));
#997 = CARTESIAN_POINT('',(3.211330472516,94.463738407781));
#998 = CARTESIAN_POINT('',(3.228225785202,94.440082221604));
#999 = CARTESIAN_POINT('',(3.24472046776,94.411207025662));
#1000 = CARTESIAN_POINT('',(3.282093180585,94.332836143747));
#1001 = CARTESIAN_POINT('',(3.302588750738,94.279674993328));
#1002 = CARTESIAN_POINT('',(3.322168026611,94.219074594223));
#1003 = CARTESIAN_POINT('',(3.340792977128,94.151900594267));
#1004 = CARTESIAN_POINT('',(3.358432437926,94.078977990789));
#1005 = CARTESIAN_POINT('',(3.375062100864,94.001099576753));
#1006 = CARTESIAN_POINT('',(3.397728512645,93.881881927096));
#1007 = CARTESIAN_POINT('',(3.404587847239,93.843839362812));
#1008 = CARTESIAN_POINT('',(3.411243839897,93.804958104339));
#1009 = CARTESIAN_POINT('',(3.41769714797,93.765287721236));
#1010 = CARTESIAN_POINT('',(3.423948484819,93.724873932063));
#1011 = CARTESIAN_POINT('',(3.429998619811,93.683758604383));
#1012 = CARTESIAN_POINT('',(3.464039692224,93.440637996298));
#1013 = CARTESIAN_POINT('',(3.487642323493,93.223421226024));
#1014 = CARTESIAN_POINT('',(3.506650546667,92.994862594969));
#1015 = CARTESIAN_POINT('',(3.521048647783,92.758326456825));
#1016 = CARTESIAN_POINT('',(3.530817873106,92.516480883604));
#1017 = CARTESIAN_POINT('',(3.535936716945,92.27161774954));
#1018 = CARTESIAN_POINT('',(3.536800240392,91.772005627306));
#1019 = CARTESIAN_POINT('',(3.532223004907,91.518551435109));
#1020 = CARTESIAN_POINT('',(3.522676278661,91.267992581546));
#1021 = CARTESIAN_POINT('',(3.508182320207,91.022846473186));
#1022 = CARTESIAN_POINT('',(3.488762921896,90.786035681137));
#1023 = CARTESIAN_POINT('',(3.464438301523,90.561256156219));
#1024 = CARTESIAN_POINT('',(3.429429525503,90.312378122294));
#1025 = CARTESIAN_POINT('',(3.423446350067,90.271878307403));
#1026 = CARTESIAN_POINT('',(3.417267380086,90.232063597023));
#1027 = CARTESIAN_POINT('',(3.410891877013,90.192974327658));
#1028 = CARTESIAN_POINT('',(3.404319157821,90.154654495394));
#1029 = CARTESIAN_POINT('',(3.397548595007,90.117151755899));
#1030 = CARTESIAN_POINT('',(3.381592760843,90.033275571665));
#1031 = CARTESIAN_POINT('',(3.372273998915,89.987467506237));
#1032 = CARTESIAN_POINT('',(3.362623968972,89.943215741391));
#1033 = CARTESIAN_POINT('',(3.352643919129,89.900650739527));
#1034 = CARTESIAN_POINT('',(3.342335657525,89.859911127111));
#1035 = CARTESIAN_POINT('',(3.331701502397,89.821143909589));
#1036 = CARTESIAN_POINT('',(3.298460366869,89.709991281243));
#1037 = CARTESIAN_POINT('',(3.274660578967,89.643678974646));
#1038 = CARTESIAN_POINT('',(3.249568820121,89.587934220405));
#1039 = CARTESIAN_POINT('',(3.223440002753,89.544591341473));
#1040 = CARTESIAN_POINT('',(3.196545798013,89.51499159155));
#1041 = CARTESIAN_POINT('',(3.169167028191,89.5));
#1042 = CARTESIAN_POINT('',(3.14159265359,89.5));
#1043 = ( GEOMETRIC_REPRESENTATION_CONTEXT(2) 
PARAMETRIC_REPRESENTATION_CONTEXT() REPRESENTATION_CONTEXT('2D SPACE',''
  ) );
#1044 = PCURVE('',#278,#1045);
#1045 = DEFINITIONAL_REPRESENTATION('',(#1046),#1097);
#1046 = B_SPLINE_CURVE_WITH_KNOTS('',7,(#1047,#1048,#1049,#1050,#1051,
    #1052,#1053,#1054,#1055,#1056,#1057,#1058,#1059,#1060,#1061,#1062,
    #1063,#1064,#1065,#1066,#1067,#1068,#1069,#1070,#1071,#1072,#1073,
    #1074,#1075,#1076,#1077,#1078,#1079,#1080,#1081,#1082,#1083,#1084,
    #1085,#1086,#1087,#1088,#1089,#1090,#1091,#1092,#1093,#1094,#1095,
    #1096),.UNSPECIFIED.,.F.,.F.,(8,6,6,6,6,6,6,6,8),(0.,
    8.482373946439E-02,0.198050520395,0.249306391253,0.496320065931,
    0.751603904859,0.802171910693,0.867381952458,1.),.UNSPECIFIED.);
#1047 = CARTESIAN_POINT('',(-1.570796326795,-1.));
#1048 = CARTESIAN_POINT('',(-1.616476154982,-1.));
#1049 = CARTESIAN_POINT('',(-1.662087309665,-1.002340786918));
#1050 = CARTESIAN_POINT('',(-1.707514782772,-1.007009707354));
#1051 = CARTESIAN_POINT('',(-1.752643437949,-1.013916163747));
#1052 = CARTESIAN_POINT('',(-1.797352115675,-1.022893267459));
#1053 = CARTESIAN_POINT('',(-1.841507192182,-1.033706968256));
#1054 = CARTESIAN_POINT('',(-1.942952592716,-1.062578976728));
#1055 = CARTESIAN_POINT('',(-1.999688310757,-1.081850061313));
#1056 = CARTESIAN_POINT('',(-2.055239655496,-1.103334017719));
#1057 = CARTESIAN_POINT('',(-2.109661994602,-1.126472524833));
#1058 = CARTESIAN_POINT('',(-2.162995119297,-1.150723697201));
#1059 = CARTESIAN_POINT('',(-2.215265424239,-1.175579906149));
#1060 = CARTESIAN_POINT('',(-2.289670231952,-1.211897940182));
#1061 = CARTESIAN_POINT('',(-2.312661851319,-1.223255190783));
#1062 = CARTESIAN_POINT('',(-2.335468643282,-1.234614264644));
#1063 = CARTESIAN_POINT('',(-2.358100061895,-1.245939211403));
#1064 = CARTESIAN_POINT('',(-2.380565532254,-1.257196178966));
#1065 = CARTESIAN_POINT('',(-2.402874450493,-1.268353413508));
#1066 = CARTESIAN_POINT('',(-2.531838606347,-1.33252695204));
#1067 = CARTESIAN_POINT('',(-2.635471138766,-1.382789924564));
#1068 = CARTESIAN_POINT('',(-2.736755587192,-1.426710924075));
#1069 = CARTESIAN_POINT('',(-2.836345479728,-1.46171853113));
#1070 = CARTESIAN_POINT('',(-2.934872794718,-1.486087200827));
#1071 = CARTESIAN_POINT('',(-3.032940083409,-1.498882417726));
#1072 = CARTESIAN_POINT('',(-3.232795678238,-1.501041110267));
#1073 = CARTESIAN_POINT('',(-3.334057861143,-1.489599906253));
#1074 = CARTESIAN_POINT('',(-3.435750693882,-1.465682032849));
#1075 = CARTESIAN_POINT('',(-3.538528562113,-1.430237367399));
#1076 = CARTESIAN_POINT('',(-3.643080161694,-1.38512363253));
#1077 = CARTESIAN_POINT('',(-3.750114607034,-1.333164990016));
#1078 = CARTESIAN_POINT('',(-3.882408148568,-1.267304516067));
#1079 = CARTESIAN_POINT('',(-3.904424782768,-1.256291831387));
#1080 = CARTESIAN_POINT('',(-3.926594302026,-1.245184072469));
#1081 = CARTESIAN_POINT('',(-3.948925728948,-1.234011801285));
#1082 = CARTESIAN_POINT('',(-3.971428109058,-1.222807570877));
#1083 = CARTESIAN_POINT('',(-3.994110510797,-1.211605925354));
#1084 = CARTESIAN_POINT('',(-4.046476018928,-1.186048749768));
#1085 = CARTESIAN_POINT('',(-4.076291040524,-1.171716048843));
#1086 = CARTESIAN_POINT('',(-4.106440279983,-1.157527107041));
#1087 = CARTESIAN_POINT('',(-4.136937268466,-1.143569412674));
#1088 = CARTESIAN_POINT('',(-4.167796410688,-1.129935519301));
#1089 = CARTESIAN_POINT('',(-4.199033516975,-1.116722432592));
#1090 = CARTESIAN_POINT('',(-4.294998185077,-1.078220349937));
#1091 = CARTESIAN_POINT('',(-4.361484884566,-1.054359383658));
#1092 = CARTESIAN_POINT('',(-4.429632895309,-1.033635098464));
#1093 = CARTESIAN_POINT('',(-4.499072567127,-1.017150756214));
#1094 = CARTESIAN_POINT('',(-4.569510971137,-1.005765886939));
#1095 = CARTESIAN_POINT('',(-4.640695606421,-1.));
#1096 = CARTESIAN_POINT('',(-4.712388980385,-1.));
#1097 = ( GEOMETRIC_REPRESENTATION_CONTEXT(2) 
PARAMETRIC_REPRESENTATION_CONTEXT() REPRESENTATION_CONTEXT('2D SPACE',''
  ) );
#1098 = ORIENTED_EDGE('',*,*,#318,.F.);
#1099 = ORIENTED_EDGE('',*,*,#1100,.T.);
#1100 = EDGE_CURVE('',#319,#375,#1101,.T.);
#1101 = SURFACE_CURVE('',#1102,(#1153,#1207),.PCURVE_S1.);
#1102 = B_SPLINE_CURVE_WITH_KNOTS('',7,(#1103,#1104,#1105,#1106,#1107,
    #1108,#1109,#1110,#1111,#1112,#1113,#1114,#1115,#1116,#1117,#1118,
    #1119,#1120,#1121,#1122,#1123,#1124,#1125,#1126,#1127,#1128,#1129,
    #1130,#1131,#1132,#1133,#1134,#1135,#1136,#1137,#1138,#1139,#1140,
    #1141,#1142,#1143,#1144,#1145,#1146,#1147,#1148,#1149,#1150,#1151,
    #1152),.UNSPECIFIED.,.F.,.F.,(8,6,6,6,6,6,6,6,8),(0.,
    8.482373947792E-02,0.198050520407,0.249306391264,0.496320065938,
    0.751603904863,0.802171910696,0.86738195246,1.),.UNSPECIFIED.);
#1103 = CARTESIAN_POINT('',(6.5,17.5,0.));
#1104 = CARTESIAN_POINT('',(6.38580042955,17.5,0.));
#1105 = CARTESIAN_POINT('',(6.271772528383,17.493913935436,
    2.340786917564E-03));
#1106 = CARTESIAN_POINT('',(6.158593113985,17.481774804333,
    7.009707354168E-03));
#1107 = CARTESIAN_POINT('',(6.046933759563,17.463738407777,
    1.39161637482E-02));
#1108 = CARTESIAN_POINT('',(5.937448606546,17.440082221602,
    2.289326745899E-02));
#1109 = CARTESIAN_POINT('',(5.83076222387,17.411207025668,
    3.370696825406E-02));
#1110 = CARTESIAN_POINT('',(5.589561450787,17.332836143747,
    6.257897672838E-02));
#1111 = CARTESIAN_POINT('',(5.457695961796,17.279674993328,
    8.185006131305E-02));
#1112 = CARTESIAN_POINT('',(5.332198203031,17.219074594223,
    0.103334017719));
#1113 = CARTESIAN_POINT('',(5.213316001584,17.151900594267,
    0.126472524833));
#1114 = CARTESIAN_POINT('',(5.101218807207,17.078977990789,
    0.150723697201));
#1115 = CARTESIAN_POINT('',(4.996006460113,17.001099576753,
    0.175579906149));
#1116 = CARTESIAN_POINT('',(4.853221225135,16.881881927096,
    0.211897940182));
#1117 = CARTESIAN_POINT('',(4.810104728218,16.843839362812,
    0.223255190783));
#1118 = CARTESIAN_POINT('',(4.768356263198,16.804958104339,
    0.234614264644));
#1119 = CARTESIAN_POINT('',(4.727965180514,16.765287721236,
    0.245939211403));
#1120 = CARTESIAN_POINT('',(4.688920202167,16.724873932063,
    0.257196178966));
#1121 = CARTESIAN_POINT('',(4.651209421728,16.683758604383,
    0.268353413508));
#1122 = CARTESIAN_POINT('',(4.439452888726,16.440637996298,0.33252695204
    ));
#1123 = CARTESIAN_POINT('',(4.294377862467,16.223421226022,
    0.382789924564));
#1124 = CARTESIAN_POINT('',(4.178834310375,15.994862594972,
    0.426710924075));
#1125 = CARTESIAN_POINT('',(4.092034202982,15.758326456821,0.46171853113
    ));
#1126 = CARTESIAN_POINT('',(4.03339621938,15.516480883606,0.486087200826
    ));
#1127 = CARTESIAN_POINT('',(4.002682362481,15.271617749539,
    0.498882417726));
#1128 = CARTESIAN_POINT('',(3.997501173435,14.772005627306,
    0.501041110267));
#1129 = CARTESIAN_POINT('',(4.024965376217,14.51855143511,0.489599906253
    ));
#1130 = CARTESIAN_POINT('',(4.082224435596,14.267992581544,
    0.465682032848));
#1131 = CARTESIAN_POINT('',(4.169517420134,14.022846473187,
    0.430237367399));
#1132 = CARTESIAN_POINT('',(4.287469879401,13.786035681136,0.38512363253
    ));
#1133 = CARTESIAN_POINT('',(4.436938961491,13.561256156219,
    0.333164990016));
#1134 = CARTESIAN_POINT('',(4.654756789737,13.312378122294,
    0.267304516067));
#1135 = CARTESIAN_POINT('',(4.692056420839,13.271878307402,
    0.256291831387));
#1136 = CARTESIAN_POINT('',(4.730654810962,13.232063597022,
    0.245184072468));
#1137 = CARTESIAN_POINT('',(4.770563378596,13.192974327658,
    0.234011801285));
#1138 = CARTESIAN_POINT('',(4.811792928519,13.154654495394,
    0.222807570877));
#1139 = CARTESIAN_POINT('',(4.854353651799,13.117151755899,
    0.211605925354));
#1140 = CARTESIAN_POINT('',(4.954868332219,13.033275571664,
    0.186048749767));
#1141 = CARTESIAN_POINT('',(5.013723323518,12.987467506237,
    0.171716048843));
#1142 = CARTESIAN_POINT('',(5.074828677101,12.94321574139,0.157527107041
    ));
#1143 = CARTESIAN_POINT('',(5.138187666424,12.900650739526,
    0.143569412673));
#1144 = CARTESIAN_POINT('',(5.203797985197,12.859911127111,
    0.129935519301));
#1145 = CARTESIAN_POINT('',(5.271651471585,12.821143909589,
    0.116722432592));
#1146 = CARTESIAN_POINT('',(5.484260744044,12.709991281243,
    7.822034993719E-02));
#1147 = CARTESIAN_POINT('',(5.637154296093,12.643678974646,
    5.435938365777E-02));
#1148 = CARTESIAN_POINT('',(5.799031765303,12.587934220405,
    3.363509846348E-02));
#1149 = CARTESIAN_POINT('',(5.968214216241,12.544591341473,
    1.715075621422E-02));
#1150 = CARTESIAN_POINT('',(6.142804789551,12.51499159155,
    5.76588693856E-03));
#1151 = CARTESIAN_POINT('',(6.320766565092,12.5,0.));
#1152 = CARTESIAN_POINT('',(6.5,12.5,0.));
#1153 = PCURVE('',#77,#1154);
#1154 = DEFINITIONAL_REPRESENTATION('',(#1155),#1206);
#1155 = B_SPLINE_CURVE_WITH_KNOTS('',7,(#1156,#1157,#1158,#1159,#1160,
    #1161,#1162,#1163,#1164,#1165,#1166,#1167,#1168,#1169,#1170,#1171,
    #1172,#1173,#1174,#1175,#1176,#1177,#1178,#1179,#1180,#1181,#1182,
    #1183,#1184,#1185,#1186,#1187,#1188,#1189,#1190,#1191,#1192,#1193,
    #1194,#1195,#1196,#1197,#1198,#1199,#1200,#1201,#1202,#1203,#1204,
    #1205),.UNSPECIFIED.,.F.,.F.,(8,6,6,6,6,6,6,6,8),(0.,
    8.482373947792E-02,0.198050520407,0.249306391264,0.496320065938,
    0.751603904863,0.802171910696,0.86738195246,1.),.UNSPECIFIED.);
#1156 = CARTESIAN_POINT('',(3.14159265359,17.5));
#1157 = CARTESIAN_POINT('',(3.159161818274,17.5));
#1158 = CARTESIAN_POINT('',(3.176704575537,17.493913935436));
#1159 = CARTESIAN_POINT('',(3.194125639414,17.481774804333));
#1160 = CARTESIAN_POINT('',(3.211330472518,17.463738407777));
#1161 = CARTESIAN_POINT('',(3.228225785202,17.440082221602));
#1162 = CARTESIAN_POINT('',(3.244720467757,17.411207025668));
#1163 = CARTESIAN_POINT('',(3.282093180585,17.332836143747));
#1164 = CARTESIAN_POINT('',(3.302588750738,17.279674993328));
#1165 = CARTESIAN_POINT('',(3.322168026611,17.219074594223));
#1166 = CARTESIAN_POINT('',(3.340792977128,17.151900594267));
#1167 = CARTESIAN_POINT('',(3.358432437926,17.078977990789));
#1168 = CARTESIAN_POINT('',(3.375062100864,17.001099576753));
#1169 = CARTESIAN_POINT('',(3.397728512645,16.881881927096));
#1170 = CARTESIAN_POINT('',(3.404587847239,16.843839362812));
#1171 = CARTESIAN_POINT('',(3.411243839897,16.804958104339));
#1172 = CARTESIAN_POINT('',(3.41769714797,16.765287721236));
#1173 = CARTESIAN_POINT('',(3.423948484819,16.724873932063));
#1174 = CARTESIAN_POINT('',(3.429998619811,16.683758604383));
#1175 = CARTESIAN_POINT('',(3.464039692224,16.440637996298));
#1176 = CARTESIAN_POINT('',(3.487642323493,16.223421226022));
#1177 = CARTESIAN_POINT('',(3.506650546666,15.994862594972));
#1178 = CARTESIAN_POINT('',(3.521048647783,15.758326456821));
#1179 = CARTESIAN_POINT('',(3.530817873106,15.516480883606));
#1180 = CARTESIAN_POINT('',(3.535936716945,15.271617749539));
#1181 = CARTESIAN_POINT('',(3.536800240392,14.772005627306));
#1182 = CARTESIAN_POINT('',(3.532223004907,14.51855143511));
#1183 = CARTESIAN_POINT('',(3.522676278661,14.267992581544));
#1184 = CARTESIAN_POINT('',(3.508182320207,14.022846473187));
#1185 = CARTESIAN_POINT('',(3.488762921896,13.786035681136));
#1186 = CARTESIAN_POINT('',(3.464438301523,13.561256156219));
#1187 = CARTESIAN_POINT('',(3.429429525503,13.312378122294));
#1188 = CARTESIAN_POINT('',(3.423446350067,13.271878307402));
#1189 = CARTESIAN_POINT('',(3.417267380086,13.232063597022));
#1190 = CARTESIAN_POINT('',(3.410891877013,13.192974327658));
#1191 = CARTESIAN_POINT('',(3.404319157821,13.154654495394));
#1192 = CARTESIAN_POINT('',(3.397548595007,13.117151755899));
#1193 = CARTESIAN_POINT('',(3.381592760843,13.033275571664));
#1194 = CARTESIAN_POINT('',(3.372273998915,12.987467506237));
#1195 = CARTESIAN_POINT('',(3.362623968972,12.94321574139));
#1196 = CARTESIAN_POINT('',(3.352643919129,12.900650739526));
#1197 = CARTESIAN_POINT('',(3.342335657525,12.859911127111));
#1198 = CARTESIAN_POINT('',(3.331701502397,12.821143909589));
#1199 = CARTESIAN_POINT('',(3.298460366868,12.709991281243));
#1200 = CARTESIAN_POINT('',(3.274660578967,12.643678974646));
#1201 = CARTESIAN_POINT('',(3.24956882012,12.587934220405));
#1202 = CARTESIAN_POINT('',(3.223440002753,12.544591341473));
#1203 = CARTESIAN_POINT('',(3.196545798013,12.51499159155));
#1204 = CARTESIAN_POINT('',(3.169167028191,12.5));
#1205 = CARTESIAN_POINT('',(3.14159265359,12.5));
#1206 = ( GEOMETRIC_REPRESENTATION_CONTEXT(2) 
PARAMETRIC_REPRESENTATION_CONTEXT() REPRESENTATION_CONTEXT('2D SPACE',''
  ) );
#1207 = PCURVE('',#362,#1208);
#1208 = DEFINITIONAL_REPRESENTATION('',(#1209),#1260);
#1209 = B_SPLINE_CURVE_WITH_KNOTS('',7,(#1210,#1211,#1212,#1213,#1214,
    #1215,#1216,#1217,#1218,#1219,#1220,#1221,#1222,#1223,#1224,#1225,
    #1226,#1227,#1228,#1229,#1230,#1231,#1232,#1233,#1234,#1235,#1236,
    #1237,#1238,#1239,#1240,#1241,#1242,#1243,#1244,#1245,#1246,#1247,
    #1248,#1249,#1250,#1251,#1252,#1253,#1254,#1255,#1256,#1257,#1258,
    #1259),.UNSPECIFIED.,.F.,.F.,(8,6,6,6,6,6,6,6,8),(0.,
    8.482373947792E-02,0.198050520407,0.249306391264,0.496320065938,
    0.751603904863,0.802171910696,0.86738195246,1.),.UNSPECIFIED.);
#1210 = CARTESIAN_POINT('',(-1.570796326795,-1.));
#1211 = CARTESIAN_POINT('',(-1.616476154975,-1.));
#1212 = CARTESIAN_POINT('',(-1.662087309664,-1.002340786918));
#1213 = CARTESIAN_POINT('',(-1.707514782778,-1.007009707354));
#1214 = CARTESIAN_POINT('',(-1.752643437955,-1.013916163748));
#1215 = CARTESIAN_POINT('',(-1.797352115674,-1.022893267459));
#1216 = CARTESIAN_POINT('',(-1.841507192175,-1.033706968254));
#1217 = CARTESIAN_POINT('',(-1.942952592716,-1.062578976728));
#1218 = CARTESIAN_POINT('',(-1.999688310757,-1.081850061313));
#1219 = CARTESIAN_POINT('',(-2.055239655496,-1.103334017719));
#1220 = CARTESIAN_POINT('',(-2.109661994602,-1.126472524832));
#1221 = CARTESIAN_POINT('',(-2.162995119297,-1.150723697201));
#1222 = CARTESIAN_POINT('',(-2.215265424239,-1.175579906149));
#1223 = CARTESIAN_POINT('',(-2.289670231952,-1.211897940182));
#1224 = CARTESIAN_POINT('',(-2.312661851319,-1.223255190783));
#1225 = CARTESIAN_POINT('',(-2.335468643282,-1.234614264644));
#1226 = CARTESIAN_POINT('',(-2.358100061896,-1.245939211403));
#1227 = CARTESIAN_POINT('',(-2.380565532254,-1.257196178966));
#1228 = CARTESIAN_POINT('',(-2.402874450493,-1.268353413508));
#1229 = CARTESIAN_POINT('',(-2.531838606347,-1.33252695204));
#1230 = CARTESIAN_POINT('',(-2.635471138766,-1.382789924564));
#1231 = CARTESIAN_POINT('',(-2.736755587191,-1.426710924075));
#1232 = CARTESIAN_POINT('',(-2.83634547973,-1.46171853113));
#1233 = CARTESIAN_POINT('',(-2.934872794718,-1.486087200826));
#1234 = CARTESIAN_POINT('',(-3.032940083409,-1.498882417726));
#1235 = CARTESIAN_POINT('',(-3.232795678238,-1.501041110267));
#1236 = CARTESIAN_POINT('',(-3.334057861143,-1.489599906253));
#1237 = CARTESIAN_POINT('',(-3.435750693883,-1.465682032848));
#1238 = CARTESIAN_POINT('',(-3.538528562112,-1.430237367399));
#1239 = CARTESIAN_POINT('',(-3.643080161695,-1.38512363253));
#1240 = CARTESIAN_POINT('',(-3.750114607034,-1.333164990016));
#1241 = CARTESIAN_POINT('',(-3.882408148568,-1.267304516067));
#1242 = CARTESIAN_POINT('',(-3.904424782768,-1.256291831387));
#1243 = CARTESIAN_POINT('',(-3.926594302026,-1.245184072468));
#1244 = CARTESIAN_POINT('',(-3.948925728948,-1.234011801285));
#1245 = CARTESIAN_POINT('',(-3.971428109058,-1.222807570877));
#1246 = CARTESIAN_POINT('',(-3.994110510797,-1.211605925354));
#1247 = CARTESIAN_POINT('',(-4.046476018928,-1.186048749767));
#1248 = CARTESIAN_POINT('',(-4.076291040524,-1.171716048843));
#1249 = CARTESIAN_POINT('',(-4.106440279983,-1.157527107041));
#1250 = CARTESIAN_POINT('',(-4.136937268466,-1.143569412673));
#1251 = CARTESIAN_POINT('',(-4.167796410688,-1.129935519301));
#1252 = CARTESIAN_POINT('',(-4.199033516976,-1.116722432592));
#1253 = CARTESIAN_POINT('',(-4.294998185077,-1.078220349937));
#1254 = CARTESIAN_POINT('',(-4.361484884567,-1.054359383658));
#1255 = CARTESIAN_POINT('',(-4.429632895309,-1.033635098463));
#1256 = CARTESIAN_POINT('',(-4.499072567127,-1.017150756214));
#1257 = CARTESIAN_POINT('',(-4.569510971137,-1.005765886939));
#1258 = CARTESIAN_POINT('',(-4.640695606421,-1.));
#1259 = CARTESIAN_POINT('',(-4.712388980385,-1.));
#1260 = ( GEOMETRIC_REPRESENTATION_CONTEXT(2) 
PARAMETRIC_REPRESENTATION_CONTEXT() REPRESENTATION_CONTEXT('2D SPACE',''
  ) );
#1261 = ORIENTED_EDGE('',*,*,#402,.F.);
#1262 = ORIENTED_EDGE('',*,*,#56,.F.);
#1263 = ORIENTED_EDGE('',*,*,#1264,.T.);
#1264 = EDGE_CURVE('',#57,#529,#1265,.T.);
#1265 = SURFACE_CURVE('',#1266,(#1270,#1276),.PCURVE_S1.);
#1266 = LINE('',#1267,#1268);
#1267 = CARTESIAN_POINT('',(6.5,0.,13.));
#1268 = VECTOR('',#1269,1.);
#1269 = DIRECTION('',(-0.,1.,0.));
#1270 = PCURVE('',#77,#1271);
#1271 = DEFINITIONAL_REPRESENTATION('',(#1272),#1275);
#1272 = B_SPLINE_CURVE_WITH_KNOTS('',1,(#1273,#1274),.UNSPECIFIED.,.F.,
  .F.,(2,2),(0.,190.),.PIECEWISE_BEZIER_KNOTS.);
#1273 = CARTESIAN_POINT('',(6.28318530718,0.));
#1274 = CARTESIAN_POINT('',(6.28318530718,190.));
#1275 = ( GEOMETRIC_REPRESENTATION_CONTEXT(2) 
PARAMETRIC_REPRESENTATION_CONTEXT() REPRESENTATION_CONTEXT('2D SPACE',''
  ) );
#1276 = PCURVE('',#105,#1277);
#1277 = DEFINITIONAL_REPRESENTATION('',(#1278),#1282);
#1278 = LINE('',#1279,#1280);
#1279 = CARTESIAN_POINT('',(0.,0.));
#1280 = VECTOR('',#1281,1.);
#1281 = DIRECTION('',(0.,1.));
#1282 = ( GEOMETRIC_REPRESENTATION_CONTEXT(2) 
PARAMETRIC_REPRESENTATION_CONTEXT() REPRESENTATION_CONTEXT('2D SPACE',''
  ) );
#1283 = ADVANCED_FACE('',(#1284),#105,.T.);
#1284 = FACE_BOUND('',#1285,.T.);
#1285 = EDGE_LOOP('',(#1286,#1287,#1310,#1331,#1332,#1360,#1386,#1387,
    #1415,#1441));
#1286 = ORIENTED_EDGE('',*,*,#89,.T.);
#1287 = ORIENTED_EDGE('',*,*,#1288,.T.);
#1288 = EDGE_CURVE('',#90,#1289,#1291,.T.);
#1289 = VERTEX_POINT('',#1290);
#1290 = CARTESIAN_POINT('',(12.,190.,13.));
#1291 = SURFACE_CURVE('',#1292,(#1296,#1303),.PCURVE_S1.);
#1292 = LINE('',#1293,#1294);
#1293 = CARTESIAN_POINT('',(12.,0.,13.));
#1294 = VECTOR('',#1295,1.);
#1295 = DIRECTION('',(-0.,1.,0.));
#1296 = PCURVE('',#105,#1297);
#1297 = DEFINITIONAL_REPRESENTATION('',(#1298),#1302);
#1298 = LINE('',#1299,#1300);
#1299 = CARTESIAN_POINT('',(5.5,0.));
#1300 = VECTOR('',#1301,1.);
#1301 = DIRECTION('',(0.,1.));
#1302 = ( GEOMETRIC_REPRESENTATION_CONTEXT(2) 
PARAMETRIC_REPRESENTATION_CONTEXT() REPRESENTATION_CONTEXT('2D SPACE',''
  ) );
#1303 = PCURVE('',#506,#1304);
#1304 = DEFINITIONAL_REPRESENTATION('',(#1305),#1309);
#1305 = LINE('',#1306,#1307);
#1306 = CARTESIAN_POINT('',(0.,0.));
#1307 = VECTOR('',#1308,1.);
#1308 = DIRECTION('',(0.,1.));
#1309 = ( GEOMETRIC_REPRESENTATION_CONTEXT(2) 
PARAMETRIC_REPRESENTATION_CONTEXT() REPRESENTATION_CONTEXT('2D SPACE',''
  ) );
#1310 = ORIENTED_EDGE('',*,*,#1311,.F.);
#1311 = EDGE_CURVE('',#889,#1289,#1312,.T.);
#1312 = SURFACE_CURVE('',#1313,(#1317,#1324),.PCURVE_S1.);
#1313 = LINE('',#1314,#1315);
#1314 = CARTESIAN_POINT('',(6.5,190.,13.));
#1315 = VECTOR('',#1316,1.);
#1316 = DIRECTION('',(1.,0.,-0.));
#1317 = PCURVE('',#105,#1318);
#1318 = DEFINITIONAL_REPRESENTATION('',(#1319),#1323);
#1319 = LINE('',#1320,#1321);
#1320 = CARTESIAN_POINT('',(0.,190.));
#1321 = VECTOR('',#1322,1.);
#1322 = DIRECTION('',(1.,0.));
#1323 = ( GEOMETRIC_REPRESENTATION_CONTEXT(2) 
PARAMETRIC_REPRESENTATION_CONTEXT() REPRESENTATION_CONTEXT('2D SPACE',''
  ) );
#1324 = PCURVE('',#222,#1325);
#1325 = DEFINITIONAL_REPRESENTATION('',(#1326),#1330);
#1326 = LINE('',#1327,#1328);
#1327 = CARTESIAN_POINT('',(13.,0.));
#1328 = VECTOR('',#1329,1.);
#1329 = DIRECTION('',(0.,1.));
#1330 = ( GEOMETRIC_REPRESENTATION_CONTEXT(2) 
PARAMETRIC_REPRESENTATION_CONTEXT() REPRESENTATION_CONTEXT('2D SPACE',''
  ) );
#1331 = ORIENTED_EDGE('',*,*,#888,.F.);
#1332 = ORIENTED_EDGE('',*,*,#1333,.T.);
#1333 = EDGE_CURVE('',#720,#1334,#1336,.T.);
#1334 = VERTEX_POINT('',#1335);
#1335 = CARTESIAN_POINT('',(9.,92.,13.));
#1336 = SURFACE_CURVE('',#1337,(#1342,#1353),.PCURVE_S1.);
#1337 = CIRCLE('',#1338,2.5);
#1338 = AXIS2_PLACEMENT_3D('',#1339,#1340,#1341);
#1339 = CARTESIAN_POINT('',(6.5,92.,13.));
#1340 = DIRECTION('',(0.,0.,-1.));
#1341 = DIRECTION('',(1.,0.,0.));
#1342 = PCURVE('',#105,#1343);
#1343 = DEFINITIONAL_REPRESENTATION('',(#1344),#1352);
#1344 = ( BOUNDED_CURVE() B_SPLINE_CURVE(2,(#1345,#1346,#1347,#1348,
#1349,#1350,#1351),.UNSPECIFIED.,.T.,.F.) B_SPLINE_CURVE_WITH_KNOTS((1,2
    ,2,2,2,1),(-2.094395102393,0.,2.094395102393,4.188790204786,
6.28318530718,8.377580409573),.UNSPECIFIED.) CURVE() 
GEOMETRIC_REPRESENTATION_ITEM() RATIONAL_B_SPLINE_CURVE((1.,0.5,1.,0.5,
1.,0.5,1.)) REPRESENTATION_ITEM('') );
#1345 = CARTESIAN_POINT('',(2.5,92.));
#1346 = CARTESIAN_POINT('',(2.5,87.669872981078));
#1347 = CARTESIAN_POINT('',(-1.25,89.834936490539));
#1348 = CARTESIAN_POINT('',(-5.,92.));
#1349 = CARTESIAN_POINT('',(-1.25,94.165063509461));
#1350 = CARTESIAN_POINT('',(2.5,96.330127018922));
#1351 = CARTESIAN_POINT('',(2.5,92.));
#1352 = ( GEOMETRIC_REPRESENTATION_CONTEXT(2) 
PARAMETRIC_REPRESENTATION_CONTEXT() REPRESENTATION_CONTEXT('2D SPACE',''
  ) );
#1353 = PCURVE('',#829,#1354);
#1354 = DEFINITIONAL_REPRESENTATION('',(#1355),#1359);
#1355 = LINE('',#1356,#1357);
#1356 = CARTESIAN_POINT('',(-6.28318530718,-14.));
#1357 = VECTOR('',#1358,1.);
#1358 = DIRECTION('',(1.,-0.));
#1359 = ( GEOMETRIC_REPRESENTATION_CONTEXT(2) 
PARAMETRIC_REPRESENTATION_CONTEXT() REPRESENTATION_CONTEXT('2D SPACE',''
  ) );
#1360 = ORIENTED_EDGE('',*,*,#1361,.T.);
#1361 = EDGE_CURVE('',#1334,#698,#1362,.T.);
#1362 = SURFACE_CURVE('',#1363,(#1368,#1379),.PCURVE_S1.);
#1363 = CIRCLE('',#1364,2.5);
#1364 = AXIS2_PLACEMENT_3D('',#1365,#1366,#1367);
#1365 = CARTESIAN_POINT('',(6.5,92.,13.));
#1366 = DIRECTION('',(0.,0.,-1.));
#1367 = DIRECTION('',(1.,0.,0.));
#1368 = PCURVE('',#105,#1369);
#1369 = DEFINITIONAL_REPRESENTATION('',(#1370),#1378);
#1370 = ( BOUNDED_CURVE() B_SPLINE_CURVE(2,(#1371,#1372,#1373,#1374,
#1375,#1376,#1377),.UNSPECIFIED.,.T.,.F.) B_SPLINE_CURVE_WITH_KNOTS((1,2
    ,2,2,2,1),(-2.094395102393,0.,2.094395102393,4.188790204786,
6.28318530718,8.377580409573),.UNSPECIFIED.) CURVE() 
GEOMETRIC_REPRESENTATION_ITEM() RATIONAL_B_SPLINE_CURVE((1.,0.5,1.,0.5,
1.,0.5,1.)) REPRESENTATION_ITEM('') );
#1371 = CARTESIAN_POINT('',(2.5,92.));
#1372 = CARTESIAN_POINT('',(2.5,87.669872981078));
#1373 = CARTESIAN_POINT('',(-1.25,89.834936490539));
#1374 = CARTESIAN_POINT('',(-5.,92.));
#1375 = CARTESIAN_POINT('',(-1.25,94.165063509461));
#1376 = CARTESIAN_POINT('',(2.5,96.330127018922));
#1377 = CARTESIAN_POINT('',(2.5,92.));
#1378 = ( GEOMETRIC_REPRESENTATION_CONTEXT(2) 
PARAMETRIC_REPRESENTATION_CONTEXT() REPRESENTATION_CONTEXT('2D SPACE',''
  ) );
#1379 = PCURVE('',#829,#1380);
#1380 = DEFINITIONAL_REPRESENTATION('',(#1381),#1385);
#1381 = LINE('',#1382,#1383);
#1382 = CARTESIAN_POINT('',(-6.28318530718,-14.));
#1383 = VECTOR('',#1384,1.);
#1384 = DIRECTION('',(1.,-0.));
#1385 = ( GEOMETRIC_REPRESENTATION_CONTEXT(2) 
PARAMETRIC_REPRESENTATION_CONTEXT() REPRESENTATION_CONTEXT('2D SPACE',''
  ) );
#1386 = ORIENTED_EDGE('',*,*,#697,.F.);
#1387 = ORIENTED_EDGE('',*,*,#1388,.T.);
#1388 = EDGE_CURVE('',#527,#1389,#1391,.T.);
#1389 = VERTEX_POINT('',#1390);
#1390 = CARTESIAN_POINT('',(9.,15.,13.));
#1391 = SURFACE_CURVE('',#1392,(#1397,#1408),.PCURVE_S1.);
#1392 = CIRCLE('',#1393,2.5);
#1393 = AXIS2_PLACEMENT_3D('',#1394,#1395,#1396);
#1394 = CARTESIAN_POINT('',(6.5,15.,13.));
#1395 = DIRECTION('',(0.,0.,-1.));
#1396 = DIRECTION('',(1.,0.,0.));
#1397 = PCURVE('',#105,#1398);
#1398 = DEFINITIONAL_REPRESENTATION('',(#1399),#1407);
#1399 = ( BOUNDED_CURVE() B_SPLINE_CURVE(2,(#1400,#1401,#1402,#1403,
#1404,#1405,#1406),.UNSPECIFIED.,.T.,.F.) B_SPLINE_CURVE_WITH_KNOTS((1,2
    ,2,2,2,1),(-2.094395102393,0.,2.094395102393,4.188790204786,
6.28318530718,8.377580409573),.UNSPECIFIED.) CURVE() 
GEOMETRIC_REPRESENTATION_ITEM() RATIONAL_B_SPLINE_CURVE((1.,0.5,1.,0.5,
1.,0.5,1.)) REPRESENTATION_ITEM('') );
#1400 = CARTESIAN_POINT('',(2.5,15.));
#1401 = CARTESIAN_POINT('',(2.5,10.669872981078));
#1402 = CARTESIAN_POINT('',(-1.25,12.834936490539));
#1403 = CARTESIAN_POINT('',(-5.,15.));
#1404 = CARTESIAN_POINT('',(-1.25,17.165063509461));
#1405 = CARTESIAN_POINT('',(2.5,19.330127018922));
#1406 = CARTESIAN_POINT('',(2.5,15.));
#1407 = ( GEOMETRIC_REPRESENTATION_CONTEXT(2) 
PARAMETRIC_REPRESENTATION_CONTEXT() REPRESENTATION_CONTEXT('2D SPACE',''
  ) );
#1408 = PCURVE('',#638,#1409);
#1409 = DEFINITIONAL_REPRESENTATION('',(#1410),#1414);
#1410 = LINE('',#1411,#1412);
#1411 = CARTESIAN_POINT('',(-6.28318530718,-14.));
#1412 = VECTOR('',#1413,1.);
#1413 = DIRECTION('',(1.,-0.));
#1414 = ( GEOMETRIC_REPRESENTATION_CONTEXT(2) 
PARAMETRIC_REPRESENTATION_CONTEXT() REPRESENTATION_CONTEXT('2D SPACE',''
  ) );
#1415 = ORIENTED_EDGE('',*,*,#1416,.T.);
#1416 = EDGE_CURVE('',#1389,#529,#1417,.T.);
#1417 = SURFACE_CURVE('',#1418,(#1423,#1434),.PCURVE_S1.);
#1418 = CIRCLE('',#1419,2.5);
#1419 = AXIS2_PLACEMENT_3D('',#1420,#1421,#1422);
#1420 = CARTESIAN_POINT('',(6.5,15.,13.));
#1421 = DIRECTION('',(0.,0.,-1.));
#1422 = DIRECTION('',(1.,0.,0.));
#1423 = PCURVE('',#105,#1424);
#1424 = DEFINITIONAL_REPRESENTATION('',(#1425),#1433);
#1425 = ( BOUNDED_CURVE() B_SPLINE_CURVE(2,(#1426,#1427,#1428,#1429,
#1430,#1431,#1432),.UNSPECIFIED.,.T.,.F.) B_SPLINE_CURVE_WITH_KNOTS((1,2
    ,2,2,2,1),(-2.094395102393,0.,2.094395102393,4.188790204786,
6.28318530718,8.377580409573),.UNSPECIFIED.) CURVE() 
GEOMETRIC_REPRESENTATION_ITEM() RATIONAL_B_SPLINE_CURVE((1.,0.5,1.,0.5,
1.,0.5,1.)) REPRESENTATION_ITEM('') );
#1426 = CARTESIAN_POINT('',(2.5,15.));
#1427 = CARTESIAN_POINT('',(2.5,10.669872981078));
#1428 = CARTESIAN_POINT('',(-1.25,12.834936490539));
#1429 = CARTESIAN_POINT('',(-5.,15.));
#1430 = CARTESIAN_POINT('',(-1.25,17.165063509461));
#1431 = CARTESIAN_POINT('',(2.5,19.330127018922));
#1432 = CARTESIAN_POINT('',(2.5,15.));
#1433 = ( GEOMETRIC_REPRESENTATION_CONTEXT(2) 
PARAMETRIC_REPRESENTATION_CONTEXT() REPRESENTATION_CONTEXT('2D SPACE',''
  ) );
#1434 = PCURVE('',#638,#1435);
#1435 = DEFINITIONAL_REPRESENTATION('',(#1436),#1440);
#1436 = LINE('',#1437,#1438);
#1437 = CARTESIAN_POINT('',(-6.28318530718,-14.));
#1438 = VECTOR('',#1439,1.);
#1439 = DIRECTION('',(1.,-0.));
#1440 = ( GEOMETRIC_REPRESENTATION_CONTEXT(2) 
PARAMETRIC_REPRESENTATION_CONTEXT() REPRESENTATION_CONTEXT('2D SPACE',''
  ) );
#1441 = ORIENTED_EDGE('',*,*,#1264,.F.);
#1442 = ADVANCED_FACE('',(#1443),#162,.F.);
#1443 = FACE_BOUND('',#1444,.F.);
#1444 = EDGE_LOOP('',(#1445,#1476,#1497,#1498,#1499));
#1445 = ORIENTED_EDGE('',*,*,#1446,.T.);
#1446 = EDGE_CURVE('',#1447,#1449,#1451,.T.);
#1447 = VERTEX_POINT('',#1448);
#1448 = CARTESIAN_POINT('',(7.5,0.3,6.5));
#1449 = VERTEX_POINT('',#1450);
#1450 = CARTESIAN_POINT('',(5.,0.3,9.));
#1451 = SURFACE_CURVE('',#1452,(#1457,#1464),.PCURVE_S1.);
#1452 = CIRCLE('',#1453,2.5);
#1453 = AXIS2_PLACEMENT_3D('',#1454,#1455,#1456);
#1454 = CARTESIAN_POINT('',(5.,0.3,6.5));
#1455 = DIRECTION('',(0.,-1.,0.));
#1456 = DIRECTION('',(0.,-0.,-1.));
#1457 = PCURVE('',#162,#1458);
#1458 = DEFINITIONAL_REPRESENTATION('',(#1459),#1463);
#1459 = LINE('',#1460,#1461);
#1460 = CARTESIAN_POINT('',(-3.14159265359,-0.8));
#1461 = VECTOR('',#1462,1.);
#1462 = DIRECTION('',(1.,-0.));
#1463 = ( GEOMETRIC_REPRESENTATION_CONTEXT(2) 
PARAMETRIC_REPRESENTATION_CONTEXT() REPRESENTATION_CONTEXT('2D SPACE',''
  ) );
#1464 = PCURVE('',#1465,#1470);
#1465 = CYLINDRICAL_SURFACE('',#1466,2.5);
#1466 = AXIS2_PLACEMENT_3D('',#1467,#1468,#1469);
#1467 = CARTESIAN_POINT('',(5.,0.,6.5));
#1468 = DIRECTION('',(0.,-1.,0.));
#1469 = DIRECTION('',(1.,0.,0.));
#1470 = DEFINITIONAL_REPRESENTATION('',(#1471),#1475);
#1471 = LINE('',#1472,#1473);
#1472 = CARTESIAN_POINT('',(-1.570796326795,-0.3));
#1473 = VECTOR('',#1474,1.);
#1474 = DIRECTION('',(1.,0.));
#1475 = ( GEOMETRIC_REPRESENTATION_CONTEXT(2) 
PARAMETRIC_REPRESENTATION_CONTEXT() REPRESENTATION_CONTEXT('2D SPACE',''
  ) );
#1476 = ORIENTED_EDGE('',*,*,#1477,.F.);
#1477 = EDGE_CURVE('',#146,#1449,#1478,.T.);
#1478 = SEAM_CURVE('',#1479,(#1483,#1490),.PCURVE_S1.);
#1479 = LINE('',#1480,#1481);
#1480 = CARTESIAN_POINT('',(5.,-0.5,9.8));
#1481 = VECTOR('',#1482,1.);
#1482 = DIRECTION('',(1.731912112471E-16,0.707106781187,-0.707106781187)
  );
#1483 = PCURVE('',#162,#1484);
#1484 = DEFINITIONAL_REPRESENTATION('',(#1485),#1489);
#1485 = LINE('',#1486,#1487);
#1486 = CARTESIAN_POINT('',(-6.28318530718,0.));
#1487 = VECTOR('',#1488,1.);
#1488 = DIRECTION('',(-0.,-1.));
#1489 = ( GEOMETRIC_REPRESENTATION_CONTEXT(2) 
PARAMETRIC_REPRESENTATION_CONTEXT() REPRESENTATION_CONTEXT('2D SPACE',''
  ) );
#1490 = PCURVE('',#162,#1491);
#1491 = DEFINITIONAL_REPRESENTATION('',(#1492),#1496);
#1492 = LINE('',#1493,#1494);
#1493 = CARTESIAN_POINT('',(0.,-0.));
#1494 = VECTOR('',#1495,1.);
#1495 = DIRECTION('',(-0.,-1.));
#1496 = ( GEOMETRIC_REPRESENTATION_CONTEXT(2) 
PARAMETRIC_REPRESENTATION_CONTEXT() REPRESENTATION_CONTEXT('2D SPACE',''
  ) );
#1497 = ORIENTED_EDGE('',*,*,#145,.T.);
#1498 = ORIENTED_EDGE('',*,*,#1477,.T.);
#1499 = ORIENTED_EDGE('',*,*,#1500,.T.);
#1500 = EDGE_CURVE('',#1449,#1447,#1501,.T.);
#1501 = SURFACE_CURVE('',#1502,(#1507,#1514),.PCURVE_S1.);
#1502 = CIRCLE('',#1503,2.5);
#1503 = AXIS2_PLACEMENT_3D('',#1504,#1505,#1506);
#1504 = CARTESIAN_POINT('',(5.,0.3,6.5));
#1505 = DIRECTION('',(0.,-1.,0.));
#1506 = DIRECTION('',(0.,-0.,-1.));
#1507 = PCURVE('',#162,#1508);
#1508 = DEFINITIONAL_REPRESENTATION('',(#1509),#1513);
#1509 = LINE('',#1510,#1511);
#1510 = CARTESIAN_POINT('',(-9.424777960769,-0.8));
#1511 = VECTOR('',#1512,1.);
#1512 = DIRECTION('',(1.,-0.));
#1513 = ( GEOMETRIC_REPRESENTATION_CONTEXT(2) 
PARAMETRIC_REPRESENTATION_CONTEXT() REPRESENTATION_CONTEXT('2D SPACE',''
  ) );
#1514 = PCURVE('',#1465,#1515);
#1515 = DEFINITIONAL_REPRESENTATION('',(#1516),#1520);
#1516 = LINE('',#1517,#1518);
#1517 = CARTESIAN_POINT('',(-1.570796326795,-0.3));
#1518 = VECTOR('',#1519,1.);
#1519 = DIRECTION('',(1.,0.));
#1520 = ( GEOMETRIC_REPRESENTATION_CONTEXT(2) 
PARAMETRIC_REPRESENTATION_CONTEXT() REPRESENTATION_CONTEXT('2D SPACE',''
  ) );
#1521 = ADVANCED_FACE('',(#1522),#362,.F.);
#1522 = FACE_BOUND('',#1523,.T.);
#1523 = EDGE_LOOP('',(#1524,#1525,#1548,#1575,#1576,#1577));
#1524 = ORIENTED_EDGE('',*,*,#341,.T.);
#1525 = ORIENTED_EDGE('',*,*,#1526,.T.);
#1526 = EDGE_CURVE('',#342,#1527,#1529,.T.);
#1527 = VERTEX_POINT('',#1528);
#1528 = CARTESIAN_POINT('',(9.,15.,2.9));
#1529 = SEAM_CURVE('',#1530,(#1534,#1541),.PCURVE_S1.);
#1530 = LINE('',#1531,#1532);
#1531 = CARTESIAN_POINT('',(9.,15.,-1.));
#1532 = VECTOR('',#1533,1.);
#1533 = DIRECTION('',(0.,0.,1.));
#1534 = PCURVE('',#362,#1535);
#1535 = DEFINITIONAL_REPRESENTATION('',(#1536),#1540);
#1536 = LINE('',#1537,#1538);
#1537 = CARTESIAN_POINT('',(-6.28318530718,0.));
#1538 = VECTOR('',#1539,1.);
#1539 = DIRECTION('',(-0.,-1.));
#1540 = ( GEOMETRIC_REPRESENTATION_CONTEXT(2) 
PARAMETRIC_REPRESENTATION_CONTEXT() REPRESENTATION_CONTEXT('2D SPACE',''
  ) );
#1541 = PCURVE('',#362,#1542);
#1542 = DEFINITIONAL_REPRESENTATION('',(#1543),#1547);
#1543 = LINE('',#1544,#1545);
#1544 = CARTESIAN_POINT('',(-0.,0.));
#1545 = VECTOR('',#1546,1.);
#1546 = DIRECTION('',(-0.,-1.));
#1547 = ( GEOMETRIC_REPRESENTATION_CONTEXT(2) 
PARAMETRIC_REPRESENTATION_CONTEXT() REPRESENTATION_CONTEXT('2D SPACE',''
  ) );
#1548 = ORIENTED_EDGE('',*,*,#1549,.F.);
#1549 = EDGE_CURVE('',#1527,#1527,#1550,.T.);
#1550 = SURFACE_CURVE('',#1551,(#1556,#1563),.PCURVE_S1.);
#1551 = CIRCLE('',#1552,2.5);
#1552 = AXIS2_PLACEMENT_3D('',#1553,#1554,#1555);
#1553 = CARTESIAN_POINT('',(6.5,15.,2.9));
#1554 = DIRECTION('',(0.,0.,-1.));
#1555 = DIRECTION('',(1.,0.,0.));
#1556 = PCURVE('',#362,#1557);
#1557 = DEFINITIONAL_REPRESENTATION('',(#1558),#1562);
#1558 = LINE('',#1559,#1560);
#1559 = CARTESIAN_POINT('',(-6.28318530718,-3.9));
#1560 = VECTOR('',#1561,1.);
#1561 = DIRECTION('',(1.,-0.));
#1562 = ( GEOMETRIC_REPRESENTATION_CONTEXT(2) 
PARAMETRIC_REPRESENTATION_CONTEXT() REPRESENTATION_CONTEXT('2D SPACE',''
  ) );
#1563 = PCURVE('',#1564,#1569);
#1564 = PLANE('',#1565);
#1565 = AXIS2_PLACEMENT_3D('',#1566,#1567,#1568);
#1566 = CARTESIAN_POINT('',(9.295362345725,90.424991031068,2.9));
#1567 = DIRECTION('',(-0.,-0.,-1.));
#1568 = DIRECTION('',(-1.,0.,0.));
#1569 = DEFINITIONAL_REPRESENTATION('',(#1570),#1574);
#1570 = CIRCLE('',#1571,2.5);
#1571 = AXIS2_PLACEMENT_2D('',#1572,#1573);
#1572 = CARTESIAN_POINT('',(2.795362345725,-75.42499103106));
#1573 = DIRECTION('',(-1.,0.));
#1574 = ( GEOMETRIC_REPRESENTATION_CONTEXT(2) 
PARAMETRIC_REPRESENTATION_CONTEXT() REPRESENTATION_CONTEXT('2D SPACE',''
  ) );
#1575 = ORIENTED_EDGE('',*,*,#1526,.F.);
#1576 = ORIENTED_EDGE('',*,*,#374,.T.);
#1577 = ORIENTED_EDGE('',*,*,#1100,.F.);
#1578 = ADVANCED_FACE('',(#1579),#278,.F.);
#1579 = FACE_BOUND('',#1580,.T.);
#1580 = EDGE_LOOP('',(#1581,#1582,#1605,#1632,#1633,#1634));
#1581 = ORIENTED_EDGE('',*,*,#257,.T.);
#1582 = ORIENTED_EDGE('',*,*,#1583,.T.);
#1583 = EDGE_CURVE('',#258,#1584,#1586,.T.);
#1584 = VERTEX_POINT('',#1585);
#1585 = CARTESIAN_POINT('',(9.,92.,2.9));
#1586 = SEAM_CURVE('',#1587,(#1591,#1598),.PCURVE_S1.);
#1587 = LINE('',#1588,#1589);
#1588 = CARTESIAN_POINT('',(9.,92.,-1.));
#1589 = VECTOR('',#1590,1.);
#1590 = DIRECTION('',(0.,0.,1.));
#1591 = PCURVE('',#278,#1592);
#1592 = DEFINITIONAL_REPRESENTATION('',(#1593),#1597);
#1593 = LINE('',#1594,#1595);
#1594 = CARTESIAN_POINT('',(-6.28318530718,0.));
#1595 = VECTOR('',#1596,1.);
#1596 = DIRECTION('',(-0.,-1.));
#1597 = ( GEOMETRIC_REPRESENTATION_CONTEXT(2) 
PARAMETRIC_REPRESENTATION_CONTEXT() REPRESENTATION_CONTEXT('2D SPACE',''
  ) );
#1598 = PCURVE('',#278,#1599);
#1599 = DEFINITIONAL_REPRESENTATION('',(#1600),#1604);
#1600 = LINE('',#1601,#1602);
#1601 = CARTESIAN_POINT('',(-0.,0.));
#1602 = VECTOR('',#1603,1.);
#1603 = DIRECTION('',(-0.,-1.));
#1604 = ( GEOMETRIC_REPRESENTATION_CONTEXT(2) 
PARAMETRIC_REPRESENTATION_CONTEXT() REPRESENTATION_CONTEXT('2D SPACE',''
  ) );
#1605 = ORIENTED_EDGE('',*,*,#1606,.F.);
#1606 = EDGE_CURVE('',#1584,#1584,#1607,.T.);
#1607 = SURFACE_CURVE('',#1608,(#1613,#1620),.PCURVE_S1.);
#1608 = CIRCLE('',#1609,2.5);
#1609 = AXIS2_PLACEMENT_3D('',#1610,#1611,#1612);
#1610 = CARTESIAN_POINT('',(6.5,92.,2.9));
#1611 = DIRECTION('',(0.,0.,-1.));
#1612 = DIRECTION('',(1.,0.,0.));
#1613 = PCURVE('',#278,#1614);
#1614 = DEFINITIONAL_REPRESENTATION('',(#1615),#1619);
#1615 = LINE('',#1616,#1617);
#1616 = CARTESIAN_POINT('',(-6.28318530718,-3.9));
#1617 = VECTOR('',#1618,1.);
#1618 = DIRECTION('',(1.,-0.));
#1619 = ( GEOMETRIC_REPRESENTATION_CONTEXT(2) 
PARAMETRIC_REPRESENTATION_CONTEXT() REPRESENTATION_CONTEXT('2D SPACE',''
  ) );
#1620 = PCURVE('',#1621,#1626);
#1621 = PLANE('',#1622);
#1622 = AXIS2_PLACEMENT_3D('',#1623,#1624,#1625);
#1623 = CARTESIAN_POINT('',(9.295362345725,90.424991031068,2.9));
#1624 = DIRECTION('',(-0.,-0.,-1.));
#1625 = DIRECTION('',(-1.,0.,0.));
#1626 = DEFINITIONAL_REPRESENTATION('',(#1627),#1631);
#1627 = CIRCLE('',#1628,2.5);
#1628 = AXIS2_PLACEMENT_2D('',#1629,#1630);
#1629 = CARTESIAN_POINT('',(2.795362345725,1.575008968932));
#1630 = DIRECTION('',(-1.,0.));
#1631 = ( GEOMETRIC_REPRESENTATION_CONTEXT(2) 
PARAMETRIC_REPRESENTATION_CONTEXT() REPRESENTATION_CONTEXT('2D SPACE',''
  ) );
#1632 = ORIENTED_EDGE('',*,*,#1583,.F.);
#1633 = ORIENTED_EDGE('',*,*,#290,.T.);
#1634 = ORIENTED_EDGE('',*,*,#937,.F.);
#1635 = ADVANCED_FACE('',(#1636,#1667),#222,.T.);
#1636 = FACE_BOUND('',#1637,.T.);
#1637 = EDGE_LOOP('',(#1638,#1639,#1640,#1641));
#1638 = ORIENTED_EDGE('',*,*,#206,.F.);
#1639 = ORIENTED_EDGE('',*,*,#910,.F.);
#1640 = ORIENTED_EDGE('',*,*,#1311,.T.);
#1641 = ORIENTED_EDGE('',*,*,#1642,.F.);
#1642 = EDGE_CURVE('',#179,#1289,#1643,.T.);
#1643 = SURFACE_CURVE('',#1644,(#1648,#1655),.PCURVE_S1.);
#1644 = LINE('',#1645,#1646);
#1645 = CARTESIAN_POINT('',(12.,190.,0.));
#1646 = VECTOR('',#1647,1.);
#1647 = DIRECTION('',(0.,0.,1.));
#1648 = PCURVE('',#222,#1649);
#1649 = DEFINITIONAL_REPRESENTATION('',(#1650),#1654);
#1650 = LINE('',#1651,#1652);
#1651 = CARTESIAN_POINT('',(0.,5.5));
#1652 = VECTOR('',#1653,1.);
#1653 = DIRECTION('',(1.,0.));
#1654 = ( GEOMETRIC_REPRESENTATION_CONTEXT(2) 
PARAMETRIC_REPRESENTATION_CONTEXT() REPRESENTATION_CONTEXT('2D SPACE',''
  ) );
#1655 = PCURVE('',#1656,#1661);
#1656 = CYLINDRICAL_SURFACE('',#1657,0.3);
#1657 = AXIS2_PLACEMENT_3D('',#1658,#1659,#1660);
#1658 = CARTESIAN_POINT('',(12.,189.7,0.));
#1659 = DIRECTION('',(0.,0.,1.));
#1660 = DIRECTION('',(-0.,1.,0.));
#1661 = DEFINITIONAL_REPRESENTATION('',(#1662),#1666);
#1662 = LINE('',#1663,#1664);
#1663 = CARTESIAN_POINT('',(-0.,0.));
#1664 = VECTOR('',#1665,1.);
#1665 = DIRECTION('',(-0.,1.));
#1666 = ( GEOMETRIC_REPRESENTATION_CONTEXT(2) 
PARAMETRIC_REPRESENTATION_CONTEXT() REPRESENTATION_CONTEXT('2D SPACE',''
  ) );
#1667 = FACE_BOUND('',#1668,.T.);
#1668 = EDGE_LOOP('',(#1669));
#1669 = ORIENTED_EDGE('',*,*,#1670,.T.);
#1670 = EDGE_CURVE('',#1671,#1671,#1673,.T.);
#1671 = VERTEX_POINT('',#1672);
#1672 = CARTESIAN_POINT('',(5.,190.,3.7));
#1673 = SURFACE_CURVE('',#1674,(#1679,#1690),.PCURVE_S1.);
#1674 = CIRCLE('',#1675,2.8);
#1675 = AXIS2_PLACEMENT_3D('',#1676,#1677,#1678);
#1676 = CARTESIAN_POINT('',(5.,190.,6.5));
#1677 = DIRECTION('',(0.,-1.,0.));
#1678 = DIRECTION('',(0.,-0.,-1.));
#1679 = PCURVE('',#222,#1680);
#1680 = DEFINITIONAL_REPRESENTATION('',(#1681),#1689);
#1681 = ( BOUNDED_CURVE() B_SPLINE_CURVE(2,(#1682,#1683,#1684,#1685,
#1686,#1687,#1688),.UNSPECIFIED.,.T.,.F.) B_SPLINE_CURVE_WITH_KNOTS((1,2
    ,2,2,2,1),(-2.094395102393,0.,2.094395102393,4.188790204786,
6.28318530718,8.377580409573),.UNSPECIFIED.) CURVE() 
GEOMETRIC_REPRESENTATION_ITEM() RATIONAL_B_SPLINE_CURVE((1.,0.5,1.,0.5,
1.,0.5,1.)) REPRESENTATION_ITEM('') );
#1682 = CARTESIAN_POINT('',(3.7,-1.5));
#1683 = CARTESIAN_POINT('',(3.7,3.349742261193));
#1684 = CARTESIAN_POINT('',(7.9,0.924871130596));
#1685 = CARTESIAN_POINT('',(12.1,-1.5));
#1686 = CARTESIAN_POINT('',(7.9,-3.924871130596));
#1687 = CARTESIAN_POINT('',(3.7,-6.349742261193));
#1688 = CARTESIAN_POINT('',(3.7,-1.5));
#1689 = ( GEOMETRIC_REPRESENTATION_CONTEXT(2) 
PARAMETRIC_REPRESENTATION_CONTEXT() REPRESENTATION_CONTEXT('2D SPACE',''
  ) );
#1690 = PCURVE('',#1691,#1696);
#1691 = CONICAL_SURFACE('',#1692,3.3,0.785398163397);
#1692 = AXIS2_PLACEMENT_3D('',#1693,#1694,#1695);
#1693 = CARTESIAN_POINT('',(5.,190.5,6.5));
#1694 = DIRECTION('',(-0.,1.,-0.));
#1695 = DIRECTION('',(0.,-0.,-1.));
#1696 = DEFINITIONAL_REPRESENTATION('',(#1697),#1701);
#1697 = LINE('',#1698,#1699);
#1698 = CARTESIAN_POINT('',(-0.,-0.5));
#1699 = VECTOR('',#1700,1.);
#1700 = DIRECTION('',(-1.,-0.));
#1701 = ( GEOMETRIC_REPRESENTATION_CONTEXT(2) 
PARAMETRIC_REPRESENTATION_CONTEXT() REPRESENTATION_CONTEXT('2D SPACE',''
  ) );
#1702 = ADVANCED_FACE('',(#1703),#194,.T.);
#1703 = FACE_BOUND('',#1704,.F.);
#1704 = EDGE_LOOP('',(#1705,#1706,#1729,#1759));
#1705 = ORIENTED_EDGE('',*,*,#426,.T.);
#1706 = ORIENTED_EDGE('',*,*,#1707,.T.);
#1707 = EDGE_CURVE('',#427,#1708,#1710,.T.);
#1708 = VERTEX_POINT('',#1709);
#1709 = CARTESIAN_POINT('',(12.3,189.7,0.3));
#1710 = SURFACE_CURVE('',#1711,(#1715,#1722),.PCURVE_S1.);
#1711 = LINE('',#1712,#1713);
#1712 = CARTESIAN_POINT('',(12.3,0.,0.3));
#1713 = VECTOR('',#1714,1.);
#1714 = DIRECTION('',(-0.,1.,0.));
#1715 = PCURVE('',#194,#1716);
#1716 = DEFINITIONAL_REPRESENTATION('',(#1717),#1721);
#1717 = LINE('',#1718,#1719);
#1718 = CARTESIAN_POINT('',(-1.570796326795,0.));
#1719 = VECTOR('',#1720,1.);
#1720 = DIRECTION('',(-0.,1.));
#1721 = ( GEOMETRIC_REPRESENTATION_CONTEXT(2) 
PARAMETRIC_REPRESENTATION_CONTEXT() REPRESENTATION_CONTEXT('2D SPACE',''
  ) );
#1722 = PCURVE('',#475,#1723);
#1723 = DEFINITIONAL_REPRESENTATION('',(#1724),#1728);
#1724 = LINE('',#1725,#1726);
#1725 = CARTESIAN_POINT('',(0.3,0.));
#1726 = VECTOR('',#1727,1.);
#1727 = DIRECTION('',(0.,-1.));
#1728 = ( GEOMETRIC_REPRESENTATION_CONTEXT(2) 
PARAMETRIC_REPRESENTATION_CONTEXT() REPRESENTATION_CONTEXT('2D SPACE',''
  ) );
#1729 = ORIENTED_EDGE('',*,*,#1730,.F.);
#1730 = EDGE_CURVE('',#179,#1708,#1731,.T.);
#1731 = SURFACE_CURVE('',#1732,(#1737,#1748),.PCURVE_S1.);
#1732 = ELLIPSE('',#1733,0.424264068712,0.3);
#1733 = AXIS2_PLACEMENT_3D('',#1734,#1735,#1736);
#1734 = CARTESIAN_POINT('',(12.,189.7,0.3));
#1735 = DIRECTION('',(0.,-0.707106781187,-0.707106781187));
#1736 = DIRECTION('',(0.,0.707106781187,-0.707106781187));
#1737 = PCURVE('',#194,#1738);
#1738 = DEFINITIONAL_REPRESENTATION('',(#1739),#1747);
#1739 = B_SPLINE_CURVE_WITH_KNOTS('',6,(#1740,#1741,#1742,#1743,#1744,
    #1745,#1746),.UNSPECIFIED.,.F.,.F.,(7,7),(0.,1.570796326795),
  .PIECEWISE_BEZIER_KNOTS.);
#1740 = CARTESIAN_POINT('',(-1.110223024625E-16,190.));
#1741 = CARTESIAN_POINT('',(-0.261799387799,190.));
#1742 = CARTESIAN_POINT('',(-0.523597844943,189.97533175605));
#1743 = CARTESIAN_POINT('',(-0.785398046151,189.92595622911));
#1744 = CARTESIAN_POINT('',(-1.047198677882,189.85707372029));
#1745 = CARTESIAN_POINT('',(-1.308996938995,189.77853981634));
#1746 = CARTESIAN_POINT('',(-1.570796326795,189.7));
#1747 = ( GEOMETRIC_REPRESENTATION_CONTEXT(2) 
PARAMETRIC_REPRESENTATION_CONTEXT() REPRESENTATION_CONTEXT('2D SPACE',''
  ) );
#1748 = PCURVE('',#1656,#1749);
#1749 = DEFINITIONAL_REPRESENTATION('',(#1750),#1758);
#1750 = B_SPLINE_CURVE_WITH_KNOTS('',6,(#1751,#1752,#1753,#1754,#1755,
    #1756,#1757),.UNSPECIFIED.,.F.,.F.,(7,7),(0.,1.570796326795),
  .PIECEWISE_BEZIER_KNOTS.);
#1751 = CARTESIAN_POINT('',(0.,-5.551115123126E-17));
#1752 = CARTESIAN_POINT('',(-0.261799387799,8.633094239485E-18));
#1753 = CARTESIAN_POINT('',(-0.523597844939,2.466824394365E-02));
#1754 = CARTESIAN_POINT('',(-0.78539804616,7.404377088654E-02));
#1755 = CARTESIAN_POINT('',(-1.047198677875,0.142926279705));
#1756 = CARTESIAN_POINT('',(-1.308996938996,0.22146018366));
#1757 = CARTESIAN_POINT('',(-1.570796326795,0.3));
#1758 = ( GEOMETRIC_REPRESENTATION_CONTEXT(2) 
PARAMETRIC_REPRESENTATION_CONTEXT() REPRESENTATION_CONTEXT('2D SPACE',''
  ) );
#1759 = ORIENTED_EDGE('',*,*,#178,.F.);
#1760 = ADVANCED_FACE('',(#1761,#1809,#1910),#475,.T.);
#1761 = FACE_BOUND('',#1762,.T.);
#1762 = EDGE_LOOP('',(#1763,#1764,#1765,#1788));
#1763 = ORIENTED_EDGE('',*,*,#459,.F.);
#1764 = ORIENTED_EDGE('',*,*,#1707,.T.);
#1765 = ORIENTED_EDGE('',*,*,#1766,.T.);
#1766 = EDGE_CURVE('',#1708,#1767,#1769,.T.);
#1767 = VERTEX_POINT('',#1768);
#1768 = CARTESIAN_POINT('',(12.3,189.7,12.7));
#1769 = SURFACE_CURVE('',#1770,(#1774,#1781),.PCURVE_S1.);
#1770 = LINE('',#1771,#1772);
#1771 = CARTESIAN_POINT('',(12.3,189.7,0.));
#1772 = VECTOR('',#1773,1.);
#1773 = DIRECTION('',(0.,0.,1.));
#1774 = PCURVE('',#475,#1775);
#1775 = DEFINITIONAL_REPRESENTATION('',(#1776),#1780);
#1776 = LINE('',#1777,#1778);
#1777 = CARTESIAN_POINT('',(0.,-189.7));
#1778 = VECTOR('',#1779,1.);
#1779 = DIRECTION('',(1.,0.));
#1780 = ( GEOMETRIC_REPRESENTATION_CONTEXT(2) 
PARAMETRIC_REPRESENTATION_CONTEXT() REPRESENTATION_CONTEXT('2D SPACE',''
  ) );
#1781 = PCURVE('',#1656,#1782);
#1782 = DEFINITIONAL_REPRESENTATION('',(#1783),#1787);
#1783 = LINE('',#1784,#1785);
#1784 = CARTESIAN_POINT('',(-1.570796326795,0.));
#1785 = VECTOR('',#1786,1.);
#1786 = DIRECTION('',(-0.,1.));
#1787 = ( GEOMETRIC_REPRESENTATION_CONTEXT(2) 
PARAMETRIC_REPRESENTATION_CONTEXT() REPRESENTATION_CONTEXT('2D SPACE',''
  ) );
#1788 = ORIENTED_EDGE('',*,*,#1789,.F.);
#1789 = EDGE_CURVE('',#460,#1767,#1790,.T.);
#1790 = SURFACE_CURVE('',#1791,(#1795,#1802),.PCURVE_S1.);
#1791 = LINE('',#1792,#1793);
#1792 = CARTESIAN_POINT('',(12.3,0.,12.7));
#1793 = VECTOR('',#1794,1.);
#1794 = DIRECTION('',(-0.,1.,0.));
#1795 = PCURVE('',#475,#1796);
#1796 = DEFINITIONAL_REPRESENTATION('',(#1797),#1801);
#1797 = LINE('',#1798,#1799);
#1798 = CARTESIAN_POINT('',(12.7,0.));
#1799 = VECTOR('',#1800,1.);
#1800 = DIRECTION('',(0.,-1.));
#1801 = ( GEOMETRIC_REPRESENTATION_CONTEXT(2) 
PARAMETRIC_REPRESENTATION_CONTEXT() REPRESENTATION_CONTEXT('2D SPACE',''
  ) );
#1802 = PCURVE('',#506,#1803);
#1803 = DEFINITIONAL_REPRESENTATION('',(#1804),#1808);
#1804 = LINE('',#1805,#1806);
#1805 = CARTESIAN_POINT('',(1.570796326795,0.));
#1806 = VECTOR('',#1807,1.);
#1807 = DIRECTION('',(0.,1.));
#1808 = ( GEOMETRIC_REPRESENTATION_CONTEXT(2) 
PARAMETRIC_REPRESENTATION_CONTEXT() REPRESENTATION_CONTEXT('2D SPACE',''
  ) );
#1809 = FACE_BOUND('',#1810,.T.);
#1810 = EDGE_LOOP('',(#1811,#1839,#1865,#1891));
#1811 = ORIENTED_EDGE('',*,*,#1812,.F.);
#1812 = EDGE_CURVE('',#1813,#1815,#1817,.T.);
#1813 = VERTEX_POINT('',#1814);
#1814 = CARTESIAN_POINT('',(12.3,88.791757184424,10.1));
#1815 = VERTEX_POINT('',#1816);
#1816 = CARTESIAN_POINT('',(12.3,88.791757184424,2.9));
#1817 = SURFACE_CURVE('',#1818,(#1822,#1828),.PCURVE_S1.);
#1818 = LINE('',#1819,#1820);
#1819 = CARTESIAN_POINT('',(12.3,88.791757184424,1.45));
#1820 = VECTOR('',#1821,1.);
#1821 = DIRECTION('',(0.,-0.,-1.));
#1822 = PCURVE('',#475,#1823);
#1823 = DEFINITIONAL_REPRESENTATION('',(#1824),#1827);
#1824 = B_SPLINE_CURVE_WITH_KNOTS('',1,(#1825,#1826),.UNSPECIFIED.,.F.,
  .F.,(2,2),(-8.65,-1.45),.PIECEWISE_BEZIER_KNOTS.);
#1825 = CARTESIAN_POINT('',(10.1,-88.79175718442));
#1826 = CARTESIAN_POINT('',(2.9,-88.79175718442));
#1827 = ( GEOMETRIC_REPRESENTATION_CONTEXT(2) 
PARAMETRIC_REPRESENTATION_CONTEXT() REPRESENTATION_CONTEXT('2D SPACE',''
  ) );
#1828 = PCURVE('',#1829,#1834);
#1829 = PLANE('',#1830);
#1830 = AXIS2_PLACEMENT_3D('',#1831,#1832,#1833);
#1831 = CARTESIAN_POINT('',(12.744029905032,88.931345860878,2.9));
#1832 = DIRECTION('',(0.299897809199,-0.953971332923,0.));
#1833 = DIRECTION('',(-0.953971332923,-0.299897809199,0.));
#1834 = DEFINITIONAL_REPRESENTATION('',(#1835),#1838);
#1835 = B_SPLINE_CURVE_WITH_KNOTS('',1,(#1836,#1837),.UNSPECIFIED.,.F.,
  .F.,(2,2),(-8.65,-1.45),.PIECEWISE_BEZIER_KNOTS.);
#1836 = CARTESIAN_POINT('',(0.465454138619,-7.2));
#1837 = CARTESIAN_POINT('',(0.465454138619,0.));
#1838 = ( GEOMETRIC_REPRESENTATION_CONTEXT(2) 
PARAMETRIC_REPRESENTATION_CONTEXT() REPRESENTATION_CONTEXT('2D SPACE',''
  ) );
#1839 = ORIENTED_EDGE('',*,*,#1840,.T.);
#1840 = EDGE_CURVE('',#1813,#1841,#1843,.T.);
#1841 = VERTEX_POINT('',#1842);
#1842 = CARTESIAN_POINT('',(12.3,171.32863720069,10.1));
#1843 = SURFACE_CURVE('',#1844,(#1848,#1854),.PCURVE_S1.);
#1844 = LINE('',#1845,#1846);
#1845 = CARTESIAN_POINT('',(12.3,45.212495515534,10.1));
#1846 = VECTOR('',#1847,1.);
#1847 = DIRECTION('',(-0.,1.,0.));
#1848 = PCURVE('',#475,#1849);
#1849 = DEFINITIONAL_REPRESENTATION('',(#1850),#1853);
#1850 = B_SPLINE_CURVE_WITH_KNOTS('',1,(#1851,#1852),.UNSPECIFIED.,.F.,
  .F.,(2,2),(-35.01198405584,129.30863132695),.PIECEWISE_BEZIER_KNOTS.);
#1851 = CARTESIAN_POINT('',(10.1,-10.20051145969));
#1852 = CARTESIAN_POINT('',(10.1,-174.5211268424));
#1853 = ( GEOMETRIC_REPRESENTATION_CONTEXT(2) 
PARAMETRIC_REPRESENTATION_CONTEXT() REPRESENTATION_CONTEXT('2D SPACE',''
  ) );
#1854 = PCURVE('',#1855,#1860);
#1855 = PLANE('',#1856);
#1856 = AXIS2_PLACEMENT_3D('',#1857,#1858,#1859);
#1857 = CARTESIAN_POINT('',(9.295362345725,90.424991031068,10.1));
#1858 = DIRECTION('',(-0.,-0.,-1.));
#1859 = DIRECTION('',(-1.,0.,0.));
#1860 = DEFINITIONAL_REPRESENTATION('',(#1861),#1864);
#1861 = B_SPLINE_CURVE_WITH_KNOTS('',1,(#1862,#1863),.UNSPECIFIED.,.F.,
  .F.,(2,2),(-35.01198405584,129.30863132695),.PIECEWISE_BEZIER_KNOTS.);
#1862 = CARTESIAN_POINT('',(-3.004637654275,-80.22447957137));
#1863 = CARTESIAN_POINT('',(-3.004637654275,84.09613581142));
#1864 = ( GEOMETRIC_REPRESENTATION_CONTEXT(2) 
PARAMETRIC_REPRESENTATION_CONTEXT() REPRESENTATION_CONTEXT('2D SPACE',''
  ) );
#1865 = ORIENTED_EDGE('',*,*,#1866,.F.);
#1866 = EDGE_CURVE('',#1867,#1841,#1869,.T.);
#1867 = VERTEX_POINT('',#1868);
#1868 = CARTESIAN_POINT('',(12.3,171.32863720069,2.9));
#1869 = SURFACE_CURVE('',#1870,(#1874,#1880),.PCURVE_S1.);
#1870 = LINE('',#1871,#1872);
#1871 = CARTESIAN_POINT('',(12.3,171.32863720069,1.45));
#1872 = VECTOR('',#1873,1.);
#1873 = DIRECTION('',(0.,0.,1.));
#1874 = PCURVE('',#475,#1875);
#1875 = DEFINITIONAL_REPRESENTATION('',(#1876),#1879);
#1876 = B_SPLINE_CURVE_WITH_KNOTS('',1,(#1877,#1878),.UNSPECIFIED.,.F.,
  .F.,(2,2),(1.45,8.65),.PIECEWISE_BEZIER_KNOTS.);
#1877 = CARTESIAN_POINT('',(2.9,-171.3286372006));
#1878 = CARTESIAN_POINT('',(10.1,-171.3286372006));
#1879 = ( GEOMETRIC_REPRESENTATION_CONTEXT(2) 
PARAMETRIC_REPRESENTATION_CONTEXT() REPRESENTATION_CONTEXT('2D SPACE',''
  ) );
#1880 = PCURVE('',#1881,#1886);
#1881 = PLANE('',#1882);
#1882 = AXIS2_PLACEMENT_3D('',#1883,#1884,#1885);
#1883 = CARTESIAN_POINT('',(4.259360146031,145.65897775349,2.9));
#1884 = DIRECTION('',(-0.954280035255,0.298914058408,0.));
#1885 = DIRECTION('',(0.298914058408,0.954280035255,0.));
#1886 = DEFINITIONAL_REPRESENTATION('',(#1887),#1890);
#1887 = B_SPLINE_CURVE_WITH_KNOTS('',1,(#1888,#1889),.UNSPECIFIED.,.F.,
  .F.,(2,2),(1.45,8.65),.PIECEWISE_BEZIER_KNOTS.);
#1888 = CARTESIAN_POINT('',(26.899503813205,0.));
#1889 = CARTESIAN_POINT('',(26.899503813205,-7.2));
#1890 = ( GEOMETRIC_REPRESENTATION_CONTEXT(2) 
PARAMETRIC_REPRESENTATION_CONTEXT() REPRESENTATION_CONTEXT('2D SPACE',''
  ) );
#1891 = ORIENTED_EDGE('',*,*,#1892,.F.);
#1892 = EDGE_CURVE('',#1815,#1867,#1893,.T.);
#1893 = SURFACE_CURVE('',#1894,(#1898,#1904),.PCURVE_S1.);
#1894 = LINE('',#1895,#1896);
#1895 = CARTESIAN_POINT('',(12.3,45.212495515534,2.9));
#1896 = VECTOR('',#1897,1.);
#1897 = DIRECTION('',(-0.,1.,0.));
#1898 = PCURVE('',#475,#1899);
#1899 = DEFINITIONAL_REPRESENTATION('',(#1900),#1903);
#1900 = B_SPLINE_CURVE_WITH_KNOTS('',1,(#1901,#1902),.UNSPECIFIED.,.F.,
  .F.,(2,2),(-35.01198405584,129.30863132695),.PIECEWISE_BEZIER_KNOTS.);
#1901 = CARTESIAN_POINT('',(2.9,-10.20051145969));
#1902 = CARTESIAN_POINT('',(2.9,-174.5211268424));
#1903 = ( GEOMETRIC_REPRESENTATION_CONTEXT(2) 
PARAMETRIC_REPRESENTATION_CONTEXT() REPRESENTATION_CONTEXT('2D SPACE',''
  ) );
#1904 = PCURVE('',#1621,#1905);
#1905 = DEFINITIONAL_REPRESENTATION('',(#1906),#1909);
#1906 = B_SPLINE_CURVE_WITH_KNOTS('',1,(#1907,#1908),.UNSPECIFIED.,.F.,
  .F.,(2,2),(-35.01198405584,129.30863132695),.PIECEWISE_BEZIER_KNOTS.);
#1907 = CARTESIAN_POINT('',(-3.004637654275,-80.22447957137));
#1908 = CARTESIAN_POINT('',(-3.004637654275,84.09613581142));
#1909 = ( GEOMETRIC_REPRESENTATION_CONTEXT(2) 
PARAMETRIC_REPRESENTATION_CONTEXT() REPRESENTATION_CONTEXT('2D SPACE',''
  ) );
#1910 = FACE_BOUND('',#1911,.T.);
#1911 = EDGE_LOOP('',(#1912,#1940,#1966,#1992));
#1912 = ORIENTED_EDGE('',*,*,#1913,.F.);
#1913 = EDGE_CURVE('',#1914,#1916,#1918,.T.);
#1914 = VERTEX_POINT('',#1915);
#1915 = CARTESIAN_POINT('',(12.3,11.026338756996,10.1));
#1916 = VERTEX_POINT('',#1917);
#1917 = CARTESIAN_POINT('',(12.3,11.026338756996,2.9));
#1918 = SURFACE_CURVE('',#1919,(#1923,#1929),.PCURVE_S1.);
#1919 = LINE('',#1920,#1921);
#1920 = CARTESIAN_POINT('',(12.3,11.026338756996,1.45));
#1921 = VECTOR('',#1922,1.);
#1922 = DIRECTION('',(0.,-0.,-1.));
#1923 = PCURVE('',#475,#1924);
#1924 = DEFINITIONAL_REPRESENTATION('',(#1925),#1928);
#1925 = B_SPLINE_CURVE_WITH_KNOTS('',1,(#1926,#1927),.UNSPECIFIED.,.F.,
  .F.,(2,2),(-8.65,-1.45),.PIECEWISE_BEZIER_KNOTS.);
#1926 = CARTESIAN_POINT('',(10.1,-11.02633875699));
#1927 = CARTESIAN_POINT('',(2.9,-11.02633875699));
#1928 = ( GEOMETRIC_REPRESENTATION_CONTEXT(2) 
PARAMETRIC_REPRESENTATION_CONTEXT() REPRESENTATION_CONTEXT('2D SPACE',''
  ) );
#1929 = PCURVE('',#1930,#1935);
#1930 = PLANE('',#1931);
#1931 = AXIS2_PLACEMENT_3D('',#1932,#1933,#1934);
#1932 = CARTESIAN_POINT('',(13.3,11.177543583027,2.9));
#1933 = DIRECTION('',(0.149505420772,-0.988760905963,0.));
#1934 = DIRECTION('',(-0.988760905963,-0.149505420772,0.));
#1935 = DEFINITIONAL_REPRESENTATION('',(#1936),#1939);
#1936 = B_SPLINE_CURVE_WITH_KNOTS('',1,(#1937,#1938),.UNSPECIFIED.,.F.,
  .F.,(2,2),(-8.65,-1.45),.PIECEWISE_BEZIER_KNOTS.);
#1937 = CARTESIAN_POINT('',(1.011366847101,-7.2));
#1938 = CARTESIAN_POINT('',(1.011366847101,0.));
#1939 = ( GEOMETRIC_REPRESENTATION_CONTEXT(2) 
PARAMETRIC_REPRESENTATION_CONTEXT() REPRESENTATION_CONTEXT('2D SPACE',''
  ) );
#1940 = ORIENTED_EDGE('',*,*,#1941,.T.);
#1941 = EDGE_CURVE('',#1914,#1942,#1944,.T.);
#1942 = VERTEX_POINT('',#1943);
#1943 = CARTESIAN_POINT('',(12.3,85.973040785493,10.1));
#1944 = SURFACE_CURVE('',#1945,(#1949,#1955),.PCURVE_S1.);
#1945 = LINE('',#1946,#1947);
#1946 = CARTESIAN_POINT('',(12.3,45.212495515534,10.1));
#1947 = VECTOR('',#1948,1.);
#1948 = DIRECTION('',(-0.,1.,0.));
#1949 = PCURVE('',#475,#1950);
#1950 = DEFINITIONAL_REPRESENTATION('',(#1951),#1954);
#1951 = B_SPLINE_CURVE_WITH_KNOTS('',1,(#1952,#1953),.UNSPECIFIED.,.F.,
  .F.,(2,2),(-35.01198405584,129.30863132695),.PIECEWISE_BEZIER_KNOTS.);
#1952 = CARTESIAN_POINT('',(10.1,-10.20051145969));
#1953 = CARTESIAN_POINT('',(10.1,-174.5211268424));
#1954 = ( GEOMETRIC_REPRESENTATION_CONTEXT(2) 
PARAMETRIC_REPRESENTATION_CONTEXT() REPRESENTATION_CONTEXT('2D SPACE',''
  ) );
#1955 = PCURVE('',#1956,#1961);
#1956 = PLANE('',#1957);
#1957 = AXIS2_PLACEMENT_3D('',#1958,#1959,#1960);
#1958 = CARTESIAN_POINT('',(9.295362345725,90.424991031068,10.1));
#1959 = DIRECTION('',(-0.,-0.,-1.));
#1960 = DIRECTION('',(-1.,0.,0.));
#1961 = DEFINITIONAL_REPRESENTATION('',(#1962),#1965);
#1962 = B_SPLINE_CURVE_WITH_KNOTS('',1,(#1963,#1964),.UNSPECIFIED.,.F.,
  .F.,(2,2),(-35.01198405584,129.30863132695),.PIECEWISE_BEZIER_KNOTS.);
#1963 = CARTESIAN_POINT('',(-3.004637654275,-80.22447957137));
#1964 = CARTESIAN_POINT('',(-3.004637654275,84.09613581142));
#1965 = ( GEOMETRIC_REPRESENTATION_CONTEXT(2) 
PARAMETRIC_REPRESENTATION_CONTEXT() REPRESENTATION_CONTEXT('2D SPACE',''
  ) );
#1966 = ORIENTED_EDGE('',*,*,#1967,.F.);
#1967 = EDGE_CURVE('',#1968,#1942,#1970,.T.);
#1968 = VERTEX_POINT('',#1969);
#1969 = CARTESIAN_POINT('',(12.3,85.973040785493,2.9));
#1970 = SURFACE_CURVE('',#1971,(#1975,#1981),.PCURVE_S1.);
#1971 = LINE('',#1972,#1973);
#1972 = CARTESIAN_POINT('',(12.3,85.973040785493,1.45));
#1973 = VECTOR('',#1974,1.);
#1974 = DIRECTION('',(0.,0.,1.));
#1975 = PCURVE('',#475,#1976);
#1976 = DEFINITIONAL_REPRESENTATION('',(#1977),#1980);
#1977 = B_SPLINE_CURVE_WITH_KNOTS('',1,(#1978,#1979),.UNSPECIFIED.,.F.,
  .F.,(2,2),(1.45,8.65),.PIECEWISE_BEZIER_KNOTS.);
#1978 = CARTESIAN_POINT('',(2.9,-85.97304078549));
#1979 = CARTESIAN_POINT('',(10.1,-85.97304078549));
#1980 = ( GEOMETRIC_REPRESENTATION_CONTEXT(2) 
PARAMETRIC_REPRESENTATION_CONTEXT() REPRESENTATION_CONTEXT('2D SPACE',''
  ) );
#1981 = PCURVE('',#1982,#1987);
#1982 = PLANE('',#1983);
#1983 = AXIS2_PLACEMENT_3D('',#1984,#1985,#1986);
#1984 = CARTESIAN_POINT('',(1.739719841314,15.61622464122,2.9));
#1985 = DIRECTION('',(-0.988922414202,0.148433347634,0.));
#1986 = DIRECTION('',(0.148433347634,0.988922414202,0.));
#1987 = DEFINITIONAL_REPRESENTATION('',(#1988),#1991);
#1988 = B_SPLINE_CURVE_WITH_KNOTS('',1,(#1989,#1990),.UNSPECIFIED.,.F.,
  .F.,(2,2),(1.45,8.65),.PIECEWISE_BEZIER_KNOTS.);
#1989 = CARTESIAN_POINT('',(71.144930212833,0.));
#1990 = CARTESIAN_POINT('',(71.144930212833,-7.2));
#1991 = ( GEOMETRIC_REPRESENTATION_CONTEXT(2) 
PARAMETRIC_REPRESENTATION_CONTEXT() REPRESENTATION_CONTEXT('2D SPACE',''
  ) );
#1992 = ORIENTED_EDGE('',*,*,#1993,.F.);
#1993 = EDGE_CURVE('',#1916,#1968,#1994,.T.);
#1994 = SURFACE_CURVE('',#1995,(#1999,#2005),.PCURVE_S1.);
#1995 = LINE('',#1996,#1997);
#1996 = CARTESIAN_POINT('',(12.3,45.212495515534,2.9));
#1997 = VECTOR('',#1998,1.);
#1998 = DIRECTION('',(-0.,1.,0.));
#1999 = PCURVE('',#475,#2000);
#2000 = DEFINITIONAL_REPRESENTATION('',(#2001),#2004);
#2001 = B_SPLINE_CURVE_WITH_KNOTS('',1,(#2002,#2003),.UNSPECIFIED.,.F.,
  .F.,(2,2),(-35.01198405584,129.30863132695),.PIECEWISE_BEZIER_KNOTS.);
#2002 = CARTESIAN_POINT('',(2.9,-10.20051145969));
#2003 = CARTESIAN_POINT('',(2.9,-174.5211268424));
#2004 = ( GEOMETRIC_REPRESENTATION_CONTEXT(2) 
PARAMETRIC_REPRESENTATION_CONTEXT() REPRESENTATION_CONTEXT('2D SPACE',''
  ) );
#2005 = PCURVE('',#1564,#2006);
#2006 = DEFINITIONAL_REPRESENTATION('',(#2007),#2010);
#2007 = B_SPLINE_CURVE_WITH_KNOTS('',1,(#2008,#2009),.UNSPECIFIED.,.F.,
  .F.,(2,2),(-35.01198405584,129.30863132695),.PIECEWISE_BEZIER_KNOTS.);
#2008 = CARTESIAN_POINT('',(-3.004637654275,-80.22447957137));
#2009 = CARTESIAN_POINT('',(-3.004637654275,84.09613581142));
#2010 = ( GEOMETRIC_REPRESENTATION_CONTEXT(2) 
PARAMETRIC_REPRESENTATION_CONTEXT() REPRESENTATION_CONTEXT('2D SPACE',''
  ) );
#2011 = ADVANCED_FACE('',(#2012),#506,.T.);
#2012 = FACE_BOUND('',#2013,.T.);
#2013 = EDGE_LOOP('',(#2014,#2015,#2016,#2047));
#2014 = ORIENTED_EDGE('',*,*,#487,.T.);
#2015 = ORIENTED_EDGE('',*,*,#1789,.T.);
#2016 = ORIENTED_EDGE('',*,*,#2017,.F.);
#2017 = EDGE_CURVE('',#1289,#1767,#2018,.T.);
#2018 = SURFACE_CURVE('',#2019,(#2024,#2036),.PCURVE_S1.);
#2019 = ELLIPSE('',#2020,0.424264068712,0.3);
#2020 = AXIS2_PLACEMENT_3D('',#2021,#2022,#2023);
#2021 = CARTESIAN_POINT('',(12.,189.7,12.7));
#2022 = DIRECTION('',(-0.,0.707106781187,-0.707106781187));
#2023 = DIRECTION('',(0.,0.707106781187,0.707106781187));
#2024 = PCURVE('',#506,#2025);
#2025 = DEFINITIONAL_REPRESENTATION('',(#2026),#2035);
#2026 = B_SPLINE_CURVE_WITH_KNOTS('',7,(#2027,#2028,#2029,#2030,#2031,
    #2032,#2033,#2034),.UNSPECIFIED.,.F.,.F.,(8,8),(0.,1.570796326795),
  .PIECEWISE_BEZIER_KNOTS.);
#2027 = CARTESIAN_POINT('',(0.,190.));
#2028 = CARTESIAN_POINT('',(0.224399475256,190.));
#2029 = CARTESIAN_POINT('',(0.448798950513,189.9823753982));
#2030 = CARTESIAN_POINT('',(0.673198425769,189.94712875137));
#2031 = CARTESIAN_POINT('',(0.897597901026,189.89642404778));
#2032 = CARTESIAN_POINT('',(1.121997376282,189.83463941176));
#2033 = CARTESIAN_POINT('',(1.346396851538,189.76731984257));
#2034 = CARTESIAN_POINT('',(1.570796326795,189.7));
#2035 = ( GEOMETRIC_REPRESENTATION_CONTEXT(2) 
PARAMETRIC_REPRESENTATION_CONTEXT() REPRESENTATION_CONTEXT('2D SPACE',''
  ) );
#2036 = PCURVE('',#1656,#2037);
#2037 = DEFINITIONAL_REPRESENTATION('',(#2038),#2046);
#2038 = B_SPLINE_CURVE_WITH_KNOTS('',6,(#2039,#2040,#2041,#2042,#2043,
    #2044,#2045),.UNSPECIFIED.,.F.,.F.,(7,7),(0.,1.570796326795),
  .PIECEWISE_BEZIER_KNOTS.);
#2039 = CARTESIAN_POINT('',(0.,13.));
#2040 = CARTESIAN_POINT('',(-0.261799387799,13.));
#2041 = CARTESIAN_POINT('',(-0.52359784494,12.975331756056));
#2042 = CARTESIAN_POINT('',(-0.785398046158,12.925956229113));
#2043 = CARTESIAN_POINT('',(-1.047198677876,12.857073720295));
#2044 = CARTESIAN_POINT('',(-1.308996938996,12.77853981634));
#2045 = CARTESIAN_POINT('',(-1.570796326795,12.7));
#2046 = ( GEOMETRIC_REPRESENTATION_CONTEXT(2) 
PARAMETRIC_REPRESENTATION_CONTEXT() REPRESENTATION_CONTEXT('2D SPACE',''
  ) );
#2047 = ORIENTED_EDGE('',*,*,#1288,.F.);
#2048 = ADVANCED_FACE('',(#2049),#638,.F.);
#2049 = FACE_BOUND('',#2050,.T.);
#2050 = EDGE_LOOP('',(#2051,#2075,#2096,#2097,#2098,#2099));
#2051 = ORIENTED_EDGE('',*,*,#2052,.T.);
#2052 = EDGE_CURVE('',#2053,#2053,#2055,.T.);
#2053 = VERTEX_POINT('',#2054);
#2054 = CARTESIAN_POINT('',(9.,15.,10.1));
#2055 = SURFACE_CURVE('',#2056,(#2061,#2068),.PCURVE_S1.);
#2056 = CIRCLE('',#2057,2.5);
#2057 = AXIS2_PLACEMENT_3D('',#2058,#2059,#2060);
#2058 = CARTESIAN_POINT('',(6.5,15.,10.1));
#2059 = DIRECTION('',(0.,0.,-1.));
#2060 = DIRECTION('',(1.,0.,0.));
#2061 = PCURVE('',#638,#2062);
#2062 = DEFINITIONAL_REPRESENTATION('',(#2063),#2067);
#2063 = LINE('',#2064,#2065);
#2064 = CARTESIAN_POINT('',(-6.28318530718,-11.1));
#2065 = VECTOR('',#2066,1.);
#2066 = DIRECTION('',(1.,-0.));
#2067 = ( GEOMETRIC_REPRESENTATION_CONTEXT(2) 
PARAMETRIC_REPRESENTATION_CONTEXT() REPRESENTATION_CONTEXT('2D SPACE',''
  ) );
#2068 = PCURVE('',#1956,#2069);
#2069 = DEFINITIONAL_REPRESENTATION('',(#2070),#2074);
#2070 = CIRCLE('',#2071,2.5);
#2071 = AXIS2_PLACEMENT_2D('',#2072,#2073);
#2072 = CARTESIAN_POINT('',(2.795362345725,-75.42499103106));
#2073 = DIRECTION('',(-1.,0.));
#2074 = ( GEOMETRIC_REPRESENTATION_CONTEXT(2) 
PARAMETRIC_REPRESENTATION_CONTEXT() REPRESENTATION_CONTEXT('2D SPACE',''
  ) );
#2075 = ORIENTED_EDGE('',*,*,#2076,.T.);
#2076 = EDGE_CURVE('',#2053,#1389,#2077,.T.);
#2077 = SEAM_CURVE('',#2078,(#2082,#2089),.PCURVE_S1.);
#2078 = LINE('',#2079,#2080);
#2079 = CARTESIAN_POINT('',(9.,15.,-1.));
#2080 = VECTOR('',#2081,1.);
#2081 = DIRECTION('',(0.,0.,1.));
#2082 = PCURVE('',#638,#2083);
#2083 = DEFINITIONAL_REPRESENTATION('',(#2084),#2088);
#2084 = LINE('',#2085,#2086);
#2085 = CARTESIAN_POINT('',(-6.28318530718,0.));
#2086 = VECTOR('',#2087,1.);
#2087 = DIRECTION('',(-0.,-1.));
#2088 = ( GEOMETRIC_REPRESENTATION_CONTEXT(2) 
PARAMETRIC_REPRESENTATION_CONTEXT() REPRESENTATION_CONTEXT('2D SPACE',''
  ) );
#2089 = PCURVE('',#638,#2090);
#2090 = DEFINITIONAL_REPRESENTATION('',(#2091),#2095);
#2091 = LINE('',#2092,#2093);
#2092 = CARTESIAN_POINT('',(-0.,0.));
#2093 = VECTOR('',#2094,1.);
#2094 = DIRECTION('',(-0.,-1.));
#2095 = ( GEOMETRIC_REPRESENTATION_CONTEXT(2) 
PARAMETRIC_REPRESENTATION_CONTEXT() REPRESENTATION_CONTEXT('2D SPACE',''
  ) );
#2096 = ORIENTED_EDGE('',*,*,#1388,.F.);
#2097 = ORIENTED_EDGE('',*,*,#526,.T.);
#2098 = ORIENTED_EDGE('',*,*,#1416,.F.);
#2099 = ORIENTED_EDGE('',*,*,#2076,.F.);
#2100 = ADVANCED_FACE('',(#2101),#829,.F.);
#2101 = FACE_BOUND('',#2102,.T.);
#2102 = EDGE_LOOP('',(#2103,#2127,#2148,#2149,#2150,#2151));
#2103 = ORIENTED_EDGE('',*,*,#2104,.T.);
#2104 = EDGE_CURVE('',#2105,#2105,#2107,.T.);
#2105 = VERTEX_POINT('',#2106);
#2106 = CARTESIAN_POINT('',(9.,92.,10.1));
#2107 = SURFACE_CURVE('',#2108,(#2113,#2120),.PCURVE_S1.);
#2108 = CIRCLE('',#2109,2.5);
#2109 = AXIS2_PLACEMENT_3D('',#2110,#2111,#2112);
#2110 = CARTESIAN_POINT('',(6.5,92.,10.1));
#2111 = DIRECTION('',(0.,0.,-1.));
#2112 = DIRECTION('',(1.,0.,0.));
#2113 = PCURVE('',#829,#2114);
#2114 = DEFINITIONAL_REPRESENTATION('',(#2115),#2119);
#2115 = LINE('',#2116,#2117);
#2116 = CARTESIAN_POINT('',(-6.28318530718,-11.1));
#2117 = VECTOR('',#2118,1.);
#2118 = DIRECTION('',(1.,-0.));
#2119 = ( GEOMETRIC_REPRESENTATION_CONTEXT(2) 
PARAMETRIC_REPRESENTATION_CONTEXT() REPRESENTATION_CONTEXT('2D SPACE',''
  ) );
#2120 = PCURVE('',#1855,#2121);
#2121 = DEFINITIONAL_REPRESENTATION('',(#2122),#2126);
#2122 = CIRCLE('',#2123,2.5);
#2123 = AXIS2_PLACEMENT_2D('',#2124,#2125);
#2124 = CARTESIAN_POINT('',(2.795362345725,1.575008968932));
#2125 = DIRECTION('',(-1.,0.));
#2126 = ( GEOMETRIC_REPRESENTATION_CONTEXT(2) 
PARAMETRIC_REPRESENTATION_CONTEXT() REPRESENTATION_CONTEXT('2D SPACE',''
  ) );
#2127 = ORIENTED_EDGE('',*,*,#2128,.T.);
#2128 = EDGE_CURVE('',#2105,#1334,#2129,.T.);
#2129 = SEAM_CURVE('',#2130,(#2134,#2141),.PCURVE_S1.);
#2130 = LINE('',#2131,#2132);
#2131 = CARTESIAN_POINT('',(9.,92.,-1.));
#2132 = VECTOR('',#2133,1.);
#2133 = DIRECTION('',(0.,0.,1.));
#2134 = PCURVE('',#829,#2135);
#2135 = DEFINITIONAL_REPRESENTATION('',(#2136),#2140);
#2136 = LINE('',#2137,#2138);
#2137 = CARTESIAN_POINT('',(-6.28318530718,0.));
#2138 = VECTOR('',#2139,1.);
#2139 = DIRECTION('',(-0.,-1.));
#2140 = ( GEOMETRIC_REPRESENTATION_CONTEXT(2) 
PARAMETRIC_REPRESENTATION_CONTEXT() REPRESENTATION_CONTEXT('2D SPACE',''
  ) );
#2141 = PCURVE('',#829,#2142);
#2142 = DEFINITIONAL_REPRESENTATION('',(#2143),#2147);
#2143 = LINE('',#2144,#2145);
#2144 = CARTESIAN_POINT('',(-0.,0.));
#2145 = VECTOR('',#2146,1.);
#2146 = DIRECTION('',(-0.,-1.));
#2147 = ( GEOMETRIC_REPRESENTATION_CONTEXT(2) 
PARAMETRIC_REPRESENTATION_CONTEXT() REPRESENTATION_CONTEXT('2D SPACE',''
  ) );
#2148 = ORIENTED_EDGE('',*,*,#1333,.F.);
#2149 = ORIENTED_EDGE('',*,*,#719,.T.);
#2150 = ORIENTED_EDGE('',*,*,#1361,.F.);
#2151 = ORIENTED_EDGE('',*,*,#2128,.F.);
#2152 = ADVANCED_FACE('',(#2153),#1465,.F.);
#2153 = FACE_BOUND('',#2154,.F.);
#2154 = EDGE_LOOP('',(#2155,#2156,#2179,#2206,#2207));
#2155 = ORIENTED_EDGE('',*,*,#1446,.F.);
#2156 = ORIENTED_EDGE('',*,*,#2157,.T.);
#2157 = EDGE_CURVE('',#1447,#2158,#2160,.T.);
#2158 = VERTEX_POINT('',#2159);
#2159 = CARTESIAN_POINT('',(7.5,10.,6.5));
#2160 = SEAM_CURVE('',#2161,(#2165,#2172),.PCURVE_S1.);
#2161 = LINE('',#2162,#2163);
#2162 = CARTESIAN_POINT('',(7.5,0.,6.5));
#2163 = VECTOR('',#2164,1.);
#2164 = DIRECTION('',(-0.,1.,-0.));
#2165 = PCURVE('',#1465,#2166);
#2166 = DEFINITIONAL_REPRESENTATION('',(#2167),#2171);
#2167 = LINE('',#2168,#2169);
#2168 = CARTESIAN_POINT('',(6.28318530718,0.));
#2169 = VECTOR('',#2170,1.);
#2170 = DIRECTION('',(0.,-1.));
#2171 = ( GEOMETRIC_REPRESENTATION_CONTEXT(2) 
PARAMETRIC_REPRESENTATION_CONTEXT() REPRESENTATION_CONTEXT('2D SPACE',''
  ) );
#2172 = PCURVE('',#1465,#2173);
#2173 = DEFINITIONAL_REPRESENTATION('',(#2174),#2178);
#2174 = LINE('',#2175,#2176);
#2175 = CARTESIAN_POINT('',(0.,0.));
#2176 = VECTOR('',#2177,1.);
#2177 = DIRECTION('',(0.,-1.));
#2178 = ( GEOMETRIC_REPRESENTATION_CONTEXT(2) 
PARAMETRIC_REPRESENTATION_CONTEXT() REPRESENTATION_CONTEXT('2D SPACE',''
  ) );
#2179 = ORIENTED_EDGE('',*,*,#2180,.T.);
#2180 = EDGE_CURVE('',#2158,#2158,#2181,.T.);
#2181 = SURFACE_CURVE('',#2182,(#2187,#2194),.PCURVE_S1.);
#2182 = CIRCLE('',#2183,2.5);
#2183 = AXIS2_PLACEMENT_3D('',#2184,#2185,#2186);
#2184 = CARTESIAN_POINT('',(5.,10.,6.5));
#2185 = DIRECTION('',(0.,-1.,0.));
#2186 = DIRECTION('',(1.,0.,0.));
#2187 = PCURVE('',#1465,#2188);
#2188 = DEFINITIONAL_REPRESENTATION('',(#2189),#2193);
#2189 = LINE('',#2190,#2191);
#2190 = CARTESIAN_POINT('',(0.,-10.));
#2191 = VECTOR('',#2192,1.);
#2192 = DIRECTION('',(1.,0.));
#2193 = ( GEOMETRIC_REPRESENTATION_CONTEXT(2) 
PARAMETRIC_REPRESENTATION_CONTEXT() REPRESENTATION_CONTEXT('2D SPACE',''
  ) );
#2194 = PCURVE('',#2195,#2200);
#2195 = PLANE('',#2196);
#2196 = AXIS2_PLACEMENT_3D('',#2197,#2198,#2199);
#2197 = CARTESIAN_POINT('',(5.,10.,6.5));
#2198 = DIRECTION('',(-0.,-1.,-0.));
#2199 = DIRECTION('',(0.,0.,-1.));
#2200 = DEFINITIONAL_REPRESENTATION('',(#2201),#2205);
#2201 = CIRCLE('',#2202,2.5);
#2202 = AXIS2_PLACEMENT_2D('',#2203,#2204);
#2203 = CARTESIAN_POINT('',(0.,0.));
#2204 = DIRECTION('',(0.,1.));
#2205 = ( GEOMETRIC_REPRESENTATION_CONTEXT(2) 
PARAMETRIC_REPRESENTATION_CONTEXT() REPRESENTATION_CONTEXT('2D SPACE',''
  ) );
#2206 = ORIENTED_EDGE('',*,*,#2157,.F.);
#2207 = ORIENTED_EDGE('',*,*,#1500,.F.);
#2208 = ADVANCED_FACE('',(#2209,#2704),#1564,.F.);
#2209 = FACE_BOUND('',#2210,.F.);
#2210 = EDGE_LOOP('',(#2211,#2212,#2235,#2263,#2291,#2319,#2347,#2375,
    #2403,#2431,#2459,#2487,#2515,#2543,#2571,#2599,#2627,#2655,#2683));
#2211 = ORIENTED_EDGE('',*,*,#1993,.F.);
#2212 = ORIENTED_EDGE('',*,*,#2213,.T.);
#2213 = EDGE_CURVE('',#1916,#2214,#2216,.T.);
#2214 = VERTEX_POINT('',#2215);
#2215 = CARTESIAN_POINT('',(7.026561369816,10.228969386336,2.9));
#2216 = SURFACE_CURVE('',#2217,(#2221,#2228),.PCURVE_S1.);
#2217 = LINE('',#2218,#2219);
#2218 = CARTESIAN_POINT('',(13.3,11.177543583027,2.9));
#2219 = VECTOR('',#2220,1.);
#2220 = DIRECTION('',(-0.988760905963,-0.149505420772,0.));
#2221 = PCURVE('',#1564,#2222);
#2222 = DEFINITIONAL_REPRESENTATION('',(#2223),#2227);
#2223 = LINE('',#2224,#2225);
#2224 = CARTESIAN_POINT('',(-4.004637654275,-79.24744744804));
#2225 = VECTOR('',#2226,1.);
#2226 = DIRECTION('',(0.988760905963,-0.149505420772));
#2227 = ( GEOMETRIC_REPRESENTATION_CONTEXT(2) 
PARAMETRIC_REPRESENTATION_CONTEXT() REPRESENTATION_CONTEXT('2D SPACE',''
  ) );
#2228 = PCURVE('',#1930,#2229);
#2229 = DEFINITIONAL_REPRESENTATION('',(#2230),#2234);
#2230 = LINE('',#2231,#2232);
#2231 = CARTESIAN_POINT('',(0.,0.));
#2232 = VECTOR('',#2233,1.);
#2233 = DIRECTION('',(1.,0.));
#2234 = ( GEOMETRIC_REPRESENTATION_CONTEXT(2) 
PARAMETRIC_REPRESENTATION_CONTEXT() REPRESENTATION_CONTEXT('2D SPACE',''
  ) );
#2235 = ORIENTED_EDGE('',*,*,#2236,.T.);
#2236 = EDGE_CURVE('',#2214,#2237,#2239,.T.);
#2237 = VERTEX_POINT('',#2238);
#2238 = CARTESIAN_POINT('',(6.429930593279,10.200511459692,2.9));
#2239 = SURFACE_CURVE('',#2240,(#2244,#2251),.PCURVE_S1.);
#2240 = LINE('',#2241,#2242);
#2241 = CARTESIAN_POINT('',(7.026561369816,10.228969386336,2.9));
#2242 = VECTOR('',#2243,1.);
#2243 = DIRECTION('',(-0.99886440115,-4.764355271973E-02,0.));
#2244 = PCURVE('',#1564,#2245);
#2245 = DEFINITIONAL_REPRESENTATION('',(#2246),#2250);
#2246 = LINE('',#2247,#2248);
#2247 = CARTESIAN_POINT('',(2.268800975909,-80.19602164473));
#2248 = VECTOR('',#2249,1.);
#2249 = DIRECTION('',(0.99886440115,-4.764355271973E-02));
#2250 = ( GEOMETRIC_REPRESENTATION_CONTEXT(2) 
PARAMETRIC_REPRESENTATION_CONTEXT() REPRESENTATION_CONTEXT('2D SPACE',''
  ) );
#2251 = PCURVE('',#2252,#2257);
#2252 = PLANE('',#2253);
#2253 = AXIS2_PLACEMENT_3D('',#2254,#2255,#2256);
#2254 = CARTESIAN_POINT('',(7.026561369816,10.228969386336,2.9));
#2255 = DIRECTION('',(4.764355271973E-02,-0.99886440115,0.));
#2256 = DIRECTION('',(-0.99886440115,-4.764355271973E-02,0.));
#2257 = DEFINITIONAL_REPRESENTATION('',(#2258),#2262);
#2258 = LINE('',#2259,#2260);
#2259 = CARTESIAN_POINT('',(0.,0.));
#2260 = VECTOR('',#2261,1.);
#2261 = DIRECTION('',(1.,0.));
#2262 = ( GEOMETRIC_REPRESENTATION_CONTEXT(2) 
PARAMETRIC_REPRESENTATION_CONTEXT() REPRESENTATION_CONTEXT('2D SPACE',''
  ) );
#2263 = ORIENTED_EDGE('',*,*,#2264,.T.);
#2264 = EDGE_CURVE('',#2237,#2265,#2267,.T.);
#2265 = VERTEX_POINT('',#2266);
#2266 = CARTESIAN_POINT('',(5.834113429571,10.246412399581,2.9));
#2267 = SURFACE_CURVE('',#2268,(#2272,#2279),.PCURVE_S1.);
#2268 = LINE('',#2269,#2270);
#2269 = CARTESIAN_POINT('',(6.429930593279,10.200511459692,2.9));
#2270 = VECTOR('',#2271,1.);
#2271 = DIRECTION('',(-0.997045668378,7.681103546313E-02,0.));
#2272 = PCURVE('',#1564,#2273);
#2273 = DEFINITIONAL_REPRESENTATION('',(#2274),#2278);
#2274 = LINE('',#2275,#2276);
#2275 = CARTESIAN_POINT('',(2.865431752446,-80.22447957137));
#2276 = VECTOR('',#2277,1.);
#2277 = DIRECTION('',(0.997045668378,7.681103546313E-02));
#2278 = ( GEOMETRIC_REPRESENTATION_CONTEXT(2) 
PARAMETRIC_REPRESENTATION_CONTEXT() REPRESENTATION_CONTEXT('2D SPACE',''
  ) );
#2279 = PCURVE('',#2280,#2285);
#2280 = PLANE('',#2281);
#2281 = AXIS2_PLACEMENT_3D('',#2282,#2283,#2284);
#2282 = CARTESIAN_POINT('',(6.429930593279,10.200511459692,2.9));
#2283 = DIRECTION('',(-7.681103546313E-02,-0.997045668378,0.));
#2284 = DIRECTION('',(-0.997045668378,7.681103546313E-02,0.));
#2285 = DEFINITIONAL_REPRESENTATION('',(#2286),#2290);
#2286 = LINE('',#2287,#2288);
#2287 = CARTESIAN_POINT('',(0.,0.));
#2288 = VECTOR('',#2289,1.);
#2289 = DIRECTION('',(1.,0.));
#2290 = ( GEOMETRIC_REPRESENTATION_CONTEXT(2) 
PARAMETRIC_REPRESENTATION_CONTEXT() REPRESENTATION_CONTEXT('2D SPACE',''
  ) );
#2291 = ORIENTED_EDGE('',*,*,#2292,.T.);
#2292 = EDGE_CURVE('',#2265,#2293,#2295,.T.);
#2293 = VERTEX_POINT('',#2294);
#2294 = CARTESIAN_POINT('',(5.249384214133,10.365783760341,2.9));
#2295 = SURFACE_CURVE('',#2296,(#2300,#2307),.PCURVE_S1.);
#2296 = LINE('',#2297,#2298);
#2297 = CARTESIAN_POINT('',(5.834113429571,10.246412399581,2.9));
#2298 = VECTOR('',#2299,1.);
#2299 = DIRECTION('',(-0.979791296767,0.200022535677,0.));
#2300 = PCURVE('',#1564,#2301);
#2301 = DEFINITIONAL_REPRESENTATION('',(#2302),#2306);
#2302 = LINE('',#2303,#2304);
#2303 = CARTESIAN_POINT('',(3.461248916154,-80.17857863148));
#2304 = VECTOR('',#2305,1.);
#2305 = DIRECTION('',(0.979791296767,0.200022535677));
#2306 = ( GEOMETRIC_REPRESENTATION_CONTEXT(2) 
PARAMETRIC_REPRESENTATION_CONTEXT() REPRESENTATION_CONTEXT('2D SPACE',''
  ) );
#2307 = PCURVE('',#2308,#2313);
#2308 = PLANE('',#2309);
#2309 = AXIS2_PLACEMENT_3D('',#2310,#2311,#2312);
#2310 = CARTESIAN_POINT('',(5.834113429571,10.246412399581,2.9));
#2311 = DIRECTION('',(-0.200022535677,-0.979791296767,0.));
#2312 = DIRECTION('',(-0.979791296767,0.200022535677,0.));
#2313 = DEFINITIONAL_REPRESENTATION('',(#2314),#2318);
#2314 = LINE('',#2315,#2316);
#2315 = CARTESIAN_POINT('',(0.,0.));
#2316 = VECTOR('',#2317,1.);
#2317 = DIRECTION('',(1.,0.));
#2318 = ( GEOMETRIC_REPRESENTATION_CONTEXT(2) 
PARAMETRIC_REPRESENTATION_CONTEXT() REPRESENTATION_CONTEXT('2D SPACE',''
  ) );
#2319 = ORIENTED_EDGE('',*,*,#2320,.T.);
#2320 = EDGE_CURVE('',#2293,#2321,#2323,.T.);
#2321 = VERTEX_POINT('',#2322);
#2322 = CARTESIAN_POINT('',(4.68277199238,10.557288850953,2.9));
#2323 = SURFACE_CURVE('',#2324,(#2328,#2335),.PCURVE_S1.);
#2324 = LINE('',#2325,#2326);
#2325 = CARTESIAN_POINT('',(5.249384214133,10.365783760341,2.9));
#2326 = VECTOR('',#2327,1.);
#2327 = DIRECTION('',(-0.947353656736,0.320189083308,0.));
#2328 = PCURVE('',#1564,#2329);
#2329 = DEFINITIONAL_REPRESENTATION('',(#2330),#2334);
#2330 = LINE('',#2331,#2332);
#2331 = CARTESIAN_POINT('',(4.045978131592,-80.05920727072));
#2332 = VECTOR('',#2333,1.);
#2333 = DIRECTION('',(0.947353656736,0.320189083308));
#2334 = ( GEOMETRIC_REPRESENTATION_CONTEXT(2) 
PARAMETRIC_REPRESENTATION_CONTEXT() REPRESENTATION_CONTEXT('2D SPACE',''
  ) );
#2335 = PCURVE('',#2336,#2341);
#2336 = PLANE('',#2337);
#2337 = AXIS2_PLACEMENT_3D('',#2338,#2339,#2340);
#2338 = CARTESIAN_POINT('',(5.249384214133,10.365783760341,2.9));
#2339 = DIRECTION('',(-0.320189083308,-0.947353656736,0.));
#2340 = DIRECTION('',(-0.947353656736,0.320189083308,0.));
#2341 = DEFINITIONAL_REPRESENTATION('',(#2342),#2346);
#2342 = LINE('',#2343,#2344);
#2343 = CARTESIAN_POINT('',(0.,0.));
#2344 = VECTOR('',#2345,1.);
#2345 = DIRECTION('',(1.,0.));
#2346 = ( GEOMETRIC_REPRESENTATION_CONTEXT(2) 
PARAMETRIC_REPRESENTATION_CONTEXT() REPRESENTATION_CONTEXT('2D SPACE',''
  ) );
#2347 = ORIENTED_EDGE('',*,*,#2348,.T.);
#2348 = EDGE_CURVE('',#2321,#2349,#2351,.T.);
#2349 = VERTEX_POINT('',#2350);
#2350 = CARTESIAN_POINT('',(4.144834205565,10.817513409435,2.9));
#2351 = SURFACE_CURVE('',#2352,(#2356,#2363),.PCURVE_S1.);
#2352 = LINE('',#2353,#2354);
#2353 = CARTESIAN_POINT('',(4.68277199238,10.557288850953,2.9));
#2354 = VECTOR('',#2355,1.);
#2355 = DIRECTION('',(-0.900203809086,0.435468830235,0.));
#2356 = PCURVE('',#1564,#2357);
#2357 = DEFINITIONAL_REPRESENTATION('',(#2358),#2362);
#2358 = LINE('',#2359,#2360);
#2359 = CARTESIAN_POINT('',(4.612590353344,-79.86770218011));
#2360 = VECTOR('',#2361,1.);
#2361 = DIRECTION('',(0.900203809086,0.435468830235));
#2362 = ( GEOMETRIC_REPRESENTATION_CONTEXT(2) 
PARAMETRIC_REPRESENTATION_CONTEXT() REPRESENTATION_CONTEXT('2D SPACE',''
  ) );
#2363 = PCURVE('',#2364,#2369);
#2364 = PLANE('',#2365);
#2365 = AXIS2_PLACEMENT_3D('',#2366,#2367,#2368);
#2366 = CARTESIAN_POINT('',(4.68277199238,10.557288850953,2.9));
#2367 = DIRECTION('',(-0.435468830235,-0.900203809086,0.));
#2368 = DIRECTION('',(-0.900203809086,0.435468830235,0.));
#2369 = DEFINITIONAL_REPRESENTATION('',(#2370),#2374);
#2370 = LINE('',#2371,#2372);
#2371 = CARTESIAN_POINT('',(0.,0.));
#2372 = VECTOR('',#2373,1.);
#2373 = DIRECTION('',(1.,0.));
#2374 = ( GEOMETRIC_REPRESENTATION_CONTEXT(2) 
PARAMETRIC_REPRESENTATION_CONTEXT() REPRESENTATION_CONTEXT('2D SPACE',''
  ) );
#2375 = ORIENTED_EDGE('',*,*,#2376,.T.);
#2376 = EDGE_CURVE('',#2349,#2377,#2379,.T.);
#2377 = VERTEX_POINT('',#2378);
#2378 = CARTESIAN_POINT('',(3.643353273295,11.142595499751,2.9));
#2379 = SURFACE_CURVE('',#2380,(#2384,#2391),.PCURVE_S1.);
#2380 = LINE('',#2381,#2382);
#2381 = CARTESIAN_POINT('',(4.144834205565,10.817513409435,2.9));
#2382 = VECTOR('',#2383,1.);
#2383 = DIRECTION('',(-0.839116210271,0.543952190601,0.));
#2384 = PCURVE('',#1564,#2385);
#2385 = DEFINITIONAL_REPRESENTATION('',(#2386),#2390);
#2386 = LINE('',#2387,#2388);
#2387 = CARTESIAN_POINT('',(5.15052814016,-79.60747762163));
#2388 = VECTOR('',#2389,1.);
#2389 = DIRECTION('',(0.839116210271,0.543952190601));
#2390 = ( GEOMETRIC_REPRESENTATION_CONTEXT(2) 
PARAMETRIC_REPRESENTATION_CONTEXT() REPRESENTATION_CONTEXT('2D SPACE',''
  ) );
#2391 = PCURVE('',#2392,#2397);
#2392 = PLANE('',#2393);
#2393 = AXIS2_PLACEMENT_3D('',#2394,#2395,#2396);
#2394 = CARTESIAN_POINT('',(4.144834205565,10.817513409435,2.9));
#2395 = DIRECTION('',(-0.543952190601,-0.839116210271,0.));
#2396 = DIRECTION('',(-0.839116210271,0.543952190601,0.));
#2397 = DEFINITIONAL_REPRESENTATION('',(#2398),#2402);
#2398 = LINE('',#2399,#2400);
#2399 = CARTESIAN_POINT('',(0.,0.));
#2400 = VECTOR('',#2401,1.);
#2401 = DIRECTION('',(1.,0.));
#2402 = ( GEOMETRIC_REPRESENTATION_CONTEXT(2) 
PARAMETRIC_REPRESENTATION_CONTEXT() REPRESENTATION_CONTEXT('2D SPACE',''
  ) );
#2403 = ORIENTED_EDGE('',*,*,#2404,.T.);
#2404 = EDGE_CURVE('',#2377,#2405,#2407,.T.);
#2405 = VERTEX_POINT('',#2406);
#2406 = CARTESIAN_POINT('',(3.185462923608,11.5281353885,2.9));
#2407 = SURFACE_CURVE('',#2408,(#2412,#2419),.PCURVE_S1.);
#2408 = LINE('',#2409,#2410);
#2409 = CARTESIAN_POINT('',(3.643353273295,11.142595499751,2.9));
#2410 = VECTOR('',#2411,1.);
#2411 = DIRECTION('',(-0.764953985963,0.644084931791,0.));
#2412 = PCURVE('',#1564,#2413);
#2413 = DEFINITIONAL_REPRESENTATION('',(#2414),#2418);
#2414 = LINE('',#2415,#2416);
#2415 = CARTESIAN_POINT('',(5.65200907243,-79.28239553131));
#2416 = VECTOR('',#2417,1.);
#2417 = DIRECTION('',(0.764953985963,0.644084931791));
#2418 = ( GEOMETRIC_REPRESENTATION_CONTEXT(2) 
PARAMETRIC_REPRESENTATION_CONTEXT() REPRESENTATION_CONTEXT('2D SPACE',''
  ) );
#2419 = PCURVE('',#2420,#2425);
#2420 = PLANE('',#2421);
#2421 = AXIS2_PLACEMENT_3D('',#2422,#2423,#2424);
#2422 = CARTESIAN_POINT('',(3.643353273295,11.142595499751,2.9));
#2423 = DIRECTION('',(-0.644084931791,-0.764953985963,0.));
#2424 = DIRECTION('',(-0.764953985963,0.644084931791,0.));
#2425 = DEFINITIONAL_REPRESENTATION('',(#2426),#2430);
#2426 = LINE('',#2427,#2428);
#2427 = CARTESIAN_POINT('',(0.,0.));
#2428 = VECTOR('',#2429,1.);
#2429 = DIRECTION('',(1.,0.));
#2430 = ( GEOMETRIC_REPRESENTATION_CONTEXT(2) 
PARAMETRIC_REPRESENTATION_CONTEXT() REPRESENTATION_CONTEXT('2D SPACE',''
  ) );
#2431 = ORIENTED_EDGE('',*,*,#2432,.T.);
#2432 = EDGE_CURVE('',#2405,#2433,#2435,.T.);
#2433 = VERTEX_POINT('',#2434);
#2434 = CARTESIAN_POINT('',(2.780263264301,11.966263259479,2.9));
#2435 = SURFACE_CURVE('',#2436,(#2440,#2447),.PCURVE_S1.);
#2436 = LINE('',#2437,#2438);
#2437 = CARTESIAN_POINT('',(3.185462923608,11.5281353885,2.9));
#2438 = VECTOR('',#2439,1.);
#2439 = DIRECTION('',(-0.6789800127,0.734156755982,0.));
#2440 = PCURVE('',#1564,#2441);
#2441 = DEFINITIONAL_REPRESENTATION('',(#2442),#2446);
#2442 = LINE('',#2443,#2444);
#2443 = CARTESIAN_POINT('',(6.109899422117,-78.89685564256));
#2444 = VECTOR('',#2445,1.);
#2445 = DIRECTION('',(0.6789800127,0.734156755982));
#2446 = ( GEOMETRIC_REPRESENTATION_CONTEXT(2) 
PARAMETRIC_REPRESENTATION_CONTEXT() REPRESENTATION_CONTEXT('2D SPACE',''
  ) );
#2447 = PCURVE('',#2448,#2453);
#2448 = PLANE('',#2449);
#2449 = AXIS2_PLACEMENT_3D('',#2450,#2451,#2452);
#2450 = CARTESIAN_POINT('',(3.185462923608,11.5281353885,2.9));
#2451 = DIRECTION('',(-0.734156755982,-0.6789800127,0.));
#2452 = DIRECTION('',(-0.6789800127,0.734156755982,0.));
#2453 = DEFINITIONAL_REPRESENTATION('',(#2454),#2458);
#2454 = LINE('',#2455,#2456);
#2455 = CARTESIAN_POINT('',(0.,0.));
#2456 = VECTOR('',#2457,1.);
#2457 = DIRECTION('',(1.,0.));
#2458 = ( GEOMETRIC_REPRESENTATION_CONTEXT(2) 
PARAMETRIC_REPRESENTATION_CONTEXT() REPRESENTATION_CONTEXT('2D SPACE',''
  ) );
#2459 = ORIENTED_EDGE('',*,*,#2460,.T.);
#2460 = EDGE_CURVE('',#2433,#2461,#2463,.T.);
#2461 = VERTEX_POINT('',#2462);
#2462 = CARTESIAN_POINT('',(2.491800160301,12.359103552762,2.9));
#2463 = SURFACE_CURVE('',#2464,(#2468,#2475),.PCURVE_S1.);
#2464 = LINE('',#2465,#2466);
#2465 = CARTESIAN_POINT('',(2.780263264301,11.966263259479,2.9));
#2466 = VECTOR('',#2467,1.);
#2467 = DIRECTION('',(-0.591870865041,0.806032802754,0.));
#2468 = PCURVE('',#1564,#2469);
#2469 = DEFINITIONAL_REPRESENTATION('',(#2470),#2474);
#2470 = LINE('',#2471,#2472);
#2471 = CARTESIAN_POINT('',(6.515099081423,-78.45872777158));
#2472 = VECTOR('',#2473,1.);
#2473 = DIRECTION('',(0.591870865041,0.806032802754));
#2474 = ( GEOMETRIC_REPRESENTATION_CONTEXT(2) 
PARAMETRIC_REPRESENTATION_CONTEXT() REPRESENTATION_CONTEXT('2D SPACE',''
  ) );
#2475 = PCURVE('',#2476,#2481);
#2476 = PLANE('',#2477);
#2477 = AXIS2_PLACEMENT_3D('',#2478,#2479,#2480);
#2478 = CARTESIAN_POINT('',(2.780263264301,11.966263259479,2.9));
#2479 = DIRECTION('',(-0.806032802754,-0.591870865041,0.));
#2480 = DIRECTION('',(-0.591870865041,0.806032802754,0.));
#2481 = DEFINITIONAL_REPRESENTATION('',(#2482),#2486);
#2482 = LINE('',#2483,#2484);
#2483 = CARTESIAN_POINT('',(0.,0.));
#2484 = VECTOR('',#2485,1.);
#2485 = DIRECTION('',(1.,0.));
#2486 = ( GEOMETRIC_REPRESENTATION_CONTEXT(2) 
PARAMETRIC_REPRESENTATION_CONTEXT() REPRESENTATION_CONTEXT('2D SPACE',''
  ) );
#2487 = ORIENTED_EDGE('',*,*,#2488,.T.);
#2488 = EDGE_CURVE('',#2461,#2489,#2491,.T.);
#2489 = VERTEX_POINT('',#2490);
#2490 = CARTESIAN_POINT('',(2.244662653595,12.779165907127,2.9));
#2491 = SURFACE_CURVE('',#2492,(#2496,#2503),.PCURVE_S1.);
#2492 = LINE('',#2493,#2494);
#2493 = CARTESIAN_POINT('',(2.491800160301,12.359103552762,2.9));
#2494 = VECTOR('',#2495,1.);
#2495 = DIRECTION('',(-0.507084154898,0.86189654823,0.));
#2496 = PCURVE('',#1564,#2497);
#2497 = DEFINITIONAL_REPRESENTATION('',(#2498),#2502);
#2498 = LINE('',#2499,#2500);
#2499 = CARTESIAN_POINT('',(6.803562185424,-78.0658874783));
#2500 = VECTOR('',#2501,1.);
#2501 = DIRECTION('',(0.507084154898,0.86189654823));
#2502 = ( GEOMETRIC_REPRESENTATION_CONTEXT(2) 
PARAMETRIC_REPRESENTATION_CONTEXT() REPRESENTATION_CONTEXT('2D SPACE',''
  ) );
#2503 = PCURVE('',#2504,#2509);
#2504 = PLANE('',#2505);
#2505 = AXIS2_PLACEMENT_3D('',#2506,#2507,#2508);
#2506 = CARTESIAN_POINT('',(2.491800160301,12.359103552762,2.9));
#2507 = DIRECTION('',(-0.86189654823,-0.507084154898,0.));
#2508 = DIRECTION('',(-0.507084154898,0.86189654823,0.));
#2509 = DEFINITIONAL_REPRESENTATION('',(#2510),#2514);
#2510 = LINE('',#2511,#2512);
#2511 = CARTESIAN_POINT('',(0.,0.));
#2512 = VECTOR('',#2513,1.);
#2513 = DIRECTION('',(1.,0.));
#2514 = ( GEOMETRIC_REPRESENTATION_CONTEXT(2) 
PARAMETRIC_REPRESENTATION_CONTEXT() REPRESENTATION_CONTEXT('2D SPACE',''
  ) );
#2515 = ORIENTED_EDGE('',*,*,#2516,.T.);
#2516 = EDGE_CURVE('',#2489,#2517,#2519,.T.);
#2517 = VERTEX_POINT('',#2518);
#2518 = CARTESIAN_POINT('',(2.041159954436,13.222714024959,2.9));
#2519 = SURFACE_CURVE('',#2520,(#2524,#2531),.PCURVE_S1.);
#2520 = LINE('',#2521,#2522);
#2521 = CARTESIAN_POINT('',(2.244662653595,12.779165907127,2.9));
#2522 = VECTOR('',#2523,1.);
#2523 = DIRECTION('',(-0.417009979261,0.908901907357,0.));
#2524 = PCURVE('',#1564,#2525);
#2525 = DEFINITIONAL_REPRESENTATION('',(#2526),#2530);
#2526 = LINE('',#2527,#2528);
#2527 = CARTESIAN_POINT('',(7.05069969213,-77.64582512394));
#2528 = VECTOR('',#2529,1.);
#2529 = DIRECTION('',(0.417009979261,0.908901907357));
#2530 = ( GEOMETRIC_REPRESENTATION_CONTEXT(2) 
PARAMETRIC_REPRESENTATION_CONTEXT() REPRESENTATION_CONTEXT('2D SPACE',''
  ) );
#2531 = PCURVE('',#2532,#2537);
#2532 = PLANE('',#2533);
#2533 = AXIS2_PLACEMENT_3D('',#2534,#2535,#2536);
#2534 = CARTESIAN_POINT('',(2.244662653595,12.779165907127,2.9));
#2535 = DIRECTION('',(-0.908901907357,-0.417009979261,0.));
#2536 = DIRECTION('',(-0.417009979261,0.908901907357,0.));
#2537 = DEFINITIONAL_REPRESENTATION('',(#2538),#2542);
#2538 = LINE('',#2539,#2540);
#2539 = CARTESIAN_POINT('',(0.,0.));
#2540 = VECTOR('',#2541,1.);
#2541 = DIRECTION('',(1.,0.));
#2542 = ( GEOMETRIC_REPRESENTATION_CONTEXT(2) 
PARAMETRIC_REPRESENTATION_CONTEXT() REPRESENTATION_CONTEXT('2D SPACE',''
  ) );
#2543 = ORIENTED_EDGE('',*,*,#2544,.T.);
#2544 = EDGE_CURVE('',#2517,#2545,#2547,.T.);
#2545 = VERTEX_POINT('',#2546);
#2546 = CARTESIAN_POINT('',(1.883923924039,13.684005447997,2.9));
#2547 = SURFACE_CURVE('',#2548,(#2552,#2559),.PCURVE_S1.);
#2548 = LINE('',#2549,#2550);
#2549 = CARTESIAN_POINT('',(2.041159954436,13.222714024959,2.9));
#2550 = VECTOR('',#2551,1.);
#2551 = DIRECTION('',(-0.322632733408,0.946524230716,0.));
#2552 = PCURVE('',#1564,#2553);
#2553 = DEFINITIONAL_REPRESENTATION('',(#2554),#2558);
#2554 = LINE('',#2555,#2556);
#2555 = CARTESIAN_POINT('',(7.254202391289,-77.2022770061));
#2556 = VECTOR('',#2557,1.);
#2557 = DIRECTION('',(0.322632733408,0.946524230716));
#2558 = ( GEOMETRIC_REPRESENTATION_CONTEXT(2) 
PARAMETRIC_REPRESENTATION_CONTEXT() REPRESENTATION_CONTEXT('2D SPACE',''
  ) );
#2559 = PCURVE('',#2560,#2565);
#2560 = PLANE('',#2561);
#2561 = AXIS2_PLACEMENT_3D('',#2562,#2563,#2564);
#2562 = CARTESIAN_POINT('',(2.041159954436,13.222714024959,2.9));
#2563 = DIRECTION('',(-0.946524230716,-0.322632733408,0.));
#2564 = DIRECTION('',(-0.322632733408,0.946524230716,0.));
#2565 = DEFINITIONAL_REPRESENTATION('',(#2566),#2570);
#2566 = LINE('',#2567,#2568);
#2567 = CARTESIAN_POINT('',(0.,0.));
#2568 = VECTOR('',#2569,1.);
#2569 = DIRECTION('',(1.,0.));
#2570 = ( GEOMETRIC_REPRESENTATION_CONTEXT(2) 
PARAMETRIC_REPRESENTATION_CONTEXT() REPRESENTATION_CONTEXT('2D SPACE',''
  ) );
#2571 = ORIENTED_EDGE('',*,*,#2572,.T.);
#2572 = EDGE_CURVE('',#2545,#2573,#2575,.T.);
#2573 = VERTEX_POINT('',#2574);
#2574 = CARTESIAN_POINT('',(1.774285972464,14.15879436043,2.9));
#2575 = SURFACE_CURVE('',#2576,(#2580,#2587),.PCURVE_S1.);
#2576 = LINE('',#2577,#2578);
#2577 = CARTESIAN_POINT('',(1.883923924039,13.684005447997,2.9));
#2578 = VECTOR('',#2579,1.);
#2579 = DIRECTION('',(-0.224998387605,0.97435913583,0.));
#2580 = PCURVE('',#1564,#2581);
#2581 = DEFINITIONAL_REPRESENTATION('',(#2582),#2586);
#2582 = LINE('',#2583,#2584);
#2583 = CARTESIAN_POINT('',(7.411438421686,-76.74098558307));
#2584 = VECTOR('',#2585,1.);
#2585 = DIRECTION('',(0.224998387605,0.97435913583));
#2586 = ( GEOMETRIC_REPRESENTATION_CONTEXT(2) 
PARAMETRIC_REPRESENTATION_CONTEXT() REPRESENTATION_CONTEXT('2D SPACE',''
  ) );
#2587 = PCURVE('',#2588,#2593);
#2588 = PLANE('',#2589);
#2589 = AXIS2_PLACEMENT_3D('',#2590,#2591,#2592);
#2590 = CARTESIAN_POINT('',(1.883923924039,13.684005447997,2.9));
#2591 = DIRECTION('',(-0.97435913583,-0.224998387605,0.));
#2592 = DIRECTION('',(-0.224998387605,0.97435913583,0.));
#2593 = DEFINITIONAL_REPRESENTATION('',(#2594),#2598);
#2594 = LINE('',#2595,#2596);
#2595 = CARTESIAN_POINT('',(0.,0.));
#2596 = VECTOR('',#2597,1.);
#2597 = DIRECTION('',(1.,0.));
#2598 = ( GEOMETRIC_REPRESENTATION_CONTEXT(2) 
PARAMETRIC_REPRESENTATION_CONTEXT() REPRESENTATION_CONTEXT('2D SPACE',''
  ) );
#2599 = ORIENTED_EDGE('',*,*,#2600,.T.);
#2600 = EDGE_CURVE('',#2573,#2601,#2603,.T.);
#2601 = VERTEX_POINT('',#2602);
#2602 = CARTESIAN_POINT('',(1.713318077558,14.64268197553,2.9));
#2603 = SURFACE_CURVE('',#2604,(#2608,#2615),.PCURVE_S1.);
#2604 = LINE('',#2605,#2606);
#2605 = CARTESIAN_POINT('',(1.774285972464,14.15879436043,2.9));
#2606 = VECTOR('',#2607,1.);
#2607 = DIRECTION('',(-0.125007640976,0.992155778947,0.));
#2608 = PCURVE('',#1564,#2609);
#2609 = DEFINITIONAL_REPRESENTATION('',(#2610),#2614);
#2610 = LINE('',#2611,#2612);
#2611 = CARTESIAN_POINT('',(7.521076373261,-76.26619667063));
#2612 = VECTOR('',#2613,1.);
#2613 = DIRECTION('',(0.125007640976,0.992155778947));
#2614 = ( GEOMETRIC_REPRESENTATION_CONTEXT(2) 
PARAMETRIC_REPRESENTATION_CONTEXT() REPRESENTATION_CONTEXT('2D SPACE',''
  ) );
#2615 = PCURVE('',#2616,#2621);
#2616 = PLANE('',#2617);
#2617 = AXIS2_PLACEMENT_3D('',#2618,#2619,#2620);
#2618 = CARTESIAN_POINT('',(1.774285972464,14.15879436043,2.9));
#2619 = DIRECTION('',(-0.992155778947,-0.125007640976,0.));
#2620 = DIRECTION('',(-0.125007640976,0.992155778947,0.));
#2621 = DEFINITIONAL_REPRESENTATION('',(#2622),#2626);
#2622 = LINE('',#2623,#2624);
#2623 = CARTESIAN_POINT('',(0.,0.));
#2624 = VECTOR('',#2625,1.);
#2625 = DIRECTION('',(1.,0.));
#2626 = ( GEOMETRIC_REPRESENTATION_CONTEXT(2) 
PARAMETRIC_REPRESENTATION_CONTEXT() REPRESENTATION_CONTEXT('2D SPACE',''
  ) );
#2627 = ORIENTED_EDGE('',*,*,#2628,.T.);
#2628 = EDGE_CURVE('',#2601,#2629,#2631,.T.);
#2629 = VERTEX_POINT('',#2630);
#2630 = CARTESIAN_POINT('',(1.701762016404,15.130046928172,2.9));
#2631 = SURFACE_CURVE('',#2632,(#2636,#2643),.PCURVE_S1.);
#2632 = LINE('',#2633,#2634);
#2633 = CARTESIAN_POINT('',(1.713318077558,14.64268197553,2.9));
#2634 = VECTOR('',#2635,1.);
#2635 = DIRECTION('',(-2.370464659098E-02,0.999719005386,0.));
#2636 = PCURVE('',#1564,#2637);
#2637 = DEFINITIONAL_REPRESENTATION('',(#2638),#2642);
#2638 = LINE('',#2639,#2640);
#2639 = CARTESIAN_POINT('',(7.582044268166,-75.78230905553));
#2640 = VECTOR('',#2641,1.);
#2641 = DIRECTION('',(2.370464659098E-02,0.999719005386));
#2642 = ( GEOMETRIC_REPRESENTATION_CONTEXT(2) 
PARAMETRIC_REPRESENTATION_CONTEXT() REPRESENTATION_CONTEXT('2D SPACE',''
  ) );
#2643 = PCURVE('',#2644,#2649);
#2644 = PLANE('',#2645);
#2645 = AXIS2_PLACEMENT_3D('',#2646,#2647,#2648);
#2646 = CARTESIAN_POINT('',(1.713318077558,14.64268197553,2.9));
#2647 = DIRECTION('',(-0.999719005386,-2.370464659098E-02,0.));
#2648 = DIRECTION('',(-2.370464659098E-02,0.999719005386,0.));
#2649 = DEFINITIONAL_REPRESENTATION('',(#2650),#2654);
#2650 = LINE('',#2651,#2652);
#2651 = CARTESIAN_POINT('',(0.,0.));
#2652 = VECTOR('',#2653,1.);
#2653 = DIRECTION('',(1.,0.));
#2654 = ( GEOMETRIC_REPRESENTATION_CONTEXT(2) 
PARAMETRIC_REPRESENTATION_CONTEXT() REPRESENTATION_CONTEXT('2D SPACE',''
  ) );
#2655 = ORIENTED_EDGE('',*,*,#2656,.T.);
#2656 = EDGE_CURVE('',#2629,#2657,#2659,.T.);
#2657 = VERTEX_POINT('',#2658);
#2658 = CARTESIAN_POINT('',(1.739719841314,15.61622464122,2.9));
#2659 = SURFACE_CURVE('',#2660,(#2664,#2671),.PCURVE_S1.);
#2660 = LINE('',#2661,#2662);
#2661 = CARTESIAN_POINT('',(1.701762016404,15.130046928172,2.9));
#2662 = VECTOR('',#2663,1.);
#2663 = DIRECTION('',(7.783710212859E-02,0.996966090463,0.));
#2664 = PCURVE('',#1564,#2665);
#2665 = DEFINITIONAL_REPRESENTATION('',(#2666),#2670);
#2666 = LINE('',#2667,#2668);
#2667 = CARTESIAN_POINT('',(7.59360032932,-75.29494410289));
#2668 = VECTOR('',#2669,1.);
#2669 = DIRECTION('',(-7.783710212859E-02,0.996966090463));
#2670 = ( GEOMETRIC_REPRESENTATION_CONTEXT(2) 
PARAMETRIC_REPRESENTATION_CONTEXT() REPRESENTATION_CONTEXT('2D SPACE',''
  ) );
#2671 = PCURVE('',#2672,#2677);
#2672 = PLANE('',#2673);
#2673 = AXIS2_PLACEMENT_3D('',#2674,#2675,#2676);
#2674 = CARTESIAN_POINT('',(1.701762016404,15.130046928172,2.9));
#2675 = DIRECTION('',(-0.996966090463,7.783710212859E-02,0.));
#2676 = DIRECTION('',(7.783710212859E-02,0.996966090463,0.));
#2677 = DEFINITIONAL_REPRESENTATION('',(#2678),#2682);
#2678 = LINE('',#2679,#2680);
#2679 = CARTESIAN_POINT('',(0.,0.));
#2680 = VECTOR('',#2681,1.);
#2681 = DIRECTION('',(1.,0.));
#2682 = ( GEOMETRIC_REPRESENTATION_CONTEXT(2) 
PARAMETRIC_REPRESENTATION_CONTEXT() REPRESENTATION_CONTEXT('2D SPACE',''
  ) );
#2683 = ORIENTED_EDGE('',*,*,#2684,.T.);
#2684 = EDGE_CURVE('',#2657,#1968,#2685,.T.);
#2685 = SURFACE_CURVE('',#2686,(#2690,#2697),.PCURVE_S1.);
#2686 = LINE('',#2687,#2688);
#2687 = CARTESIAN_POINT('',(1.739719841314,15.61622464122,2.9));
#2688 = VECTOR('',#2689,1.);
#2689 = DIRECTION('',(0.148433347634,0.988922414202,0.));
#2690 = PCURVE('',#1564,#2691);
#2691 = DEFINITIONAL_REPRESENTATION('',(#2692),#2696);
#2692 = LINE('',#2693,#2694);
#2693 = CARTESIAN_POINT('',(7.55564250441,-74.80876638984));
#2694 = VECTOR('',#2695,1.);
#2695 = DIRECTION('',(-0.148433347634,0.988922414202));
#2696 = ( GEOMETRIC_REPRESENTATION_CONTEXT(2) 
PARAMETRIC_REPRESENTATION_CONTEXT() REPRESENTATION_CONTEXT('2D SPACE',''
  ) );
#2697 = PCURVE('',#1982,#2698);
#2698 = DEFINITIONAL_REPRESENTATION('',(#2699),#2703);
#2699 = LINE('',#2700,#2701);
#2700 = CARTESIAN_POINT('',(0.,0.));
#2701 = VECTOR('',#2702,1.);
#2702 = DIRECTION('',(1.,0.));
#2703 = ( GEOMETRIC_REPRESENTATION_CONTEXT(2) 
PARAMETRIC_REPRESENTATION_CONTEXT() REPRESENTATION_CONTEXT('2D SPACE',''
  ) );
#2704 = FACE_BOUND('',#2705,.F.);
#2705 = EDGE_LOOP('',(#2706));
#2706 = ORIENTED_EDGE('',*,*,#1549,.F.);
#2707 = ADVANCED_FACE('',(#2708,#3707),#1621,.F.);
#2708 = FACE_BOUND('',#2709,.F.);
#2709 = EDGE_LOOP('',(#2710,#2733,#2734,#2757,#2785,#2813,#2841,#2869,
    #2897,#2925,#2953,#2981,#3009,#3037,#3065,#3093,#3121,#3149,#3177,
    #3205,#3233,#3261,#3289,#3317,#3345,#3373,#3401,#3429,#3457,#3485,
    #3513,#3541,#3569,#3597,#3625,#3653,#3681));
#2710 = ORIENTED_EDGE('',*,*,#2711,.T.);
#2711 = EDGE_CURVE('',#2712,#1867,#2714,.T.);
#2712 = VERTEX_POINT('',#2713);
#2713 = CARTESIAN_POINT('',(4.259360146031,145.65897775349,2.9));
#2714 = SURFACE_CURVE('',#2715,(#2719,#2726),.PCURVE_S1.);
#2715 = LINE('',#2716,#2717);
#2716 = CARTESIAN_POINT('',(4.259360146031,145.65897775349,2.9));
#2717 = VECTOR('',#2718,1.);
#2718 = DIRECTION('',(0.298914058408,0.954280035255,0.));
#2719 = PCURVE('',#1621,#2720);
#2720 = DEFINITIONAL_REPRESENTATION('',(#2721),#2725);
#2721 = LINE('',#2722,#2723);
#2722 = CARTESIAN_POINT('',(5.036002199694,55.233986722422));
#2723 = VECTOR('',#2724,1.);
#2724 = DIRECTION('',(-0.298914058408,0.954280035255));
#2725 = ( GEOMETRIC_REPRESENTATION_CONTEXT(2) 
PARAMETRIC_REPRESENTATION_CONTEXT() REPRESENTATION_CONTEXT('2D SPACE',''
  ) );
#2726 = PCURVE('',#1881,#2727);
#2727 = DEFINITIONAL_REPRESENTATION('',(#2728),#2732);
#2728 = LINE('',#2729,#2730);
#2729 = CARTESIAN_POINT('',(0.,0.));
#2730 = VECTOR('',#2731,1.);
#2731 = DIRECTION('',(1.,0.));
#2732 = ( GEOMETRIC_REPRESENTATION_CONTEXT(2) 
PARAMETRIC_REPRESENTATION_CONTEXT() REPRESENTATION_CONTEXT('2D SPACE',''
  ) );
#2733 = ORIENTED_EDGE('',*,*,#1892,.F.);
#2734 = ORIENTED_EDGE('',*,*,#2735,.T.);
#2735 = EDGE_CURVE('',#1815,#2736,#2738,.T.);
#2736 = VERTEX_POINT('',#2737);
#2737 = CARTESIAN_POINT('',(7.925948135652,87.416696397827,2.9));
#2738 = SURFACE_CURVE('',#2739,(#2743,#2750),.PCURVE_S1.);
#2739 = LINE('',#2740,#2741);
#2740 = CARTESIAN_POINT('',(12.744029905032,88.931345860878,2.9));
#2741 = VECTOR('',#2742,1.);
#2742 = DIRECTION('',(-0.953971332923,-0.299897809199,0.));
#2743 = PCURVE('',#1621,#2744);
#2744 = DEFINITIONAL_REPRESENTATION('',(#2745),#2749);
#2745 = LINE('',#2746,#2747);
#2746 = CARTESIAN_POINT('',(-3.448667559308,-1.49364517019));
#2747 = VECTOR('',#2748,1.);
#2748 = DIRECTION('',(0.953971332923,-0.299897809199));
#2749 = ( GEOMETRIC_REPRESENTATION_CONTEXT(2) 
PARAMETRIC_REPRESENTATION_CONTEXT() REPRESENTATION_CONTEXT('2D SPACE',''
  ) );
#2750 = PCURVE('',#1829,#2751);
#2751 = DEFINITIONAL_REPRESENTATION('',(#2752),#2756);
#2752 = LINE('',#2753,#2754);
#2753 = CARTESIAN_POINT('',(0.,0.));
#2754 = VECTOR('',#2755,1.);
#2755 = DIRECTION('',(1.,0.));
#2756 = ( GEOMETRIC_REPRESENTATION_CONTEXT(2) 
PARAMETRIC_REPRESENTATION_CONTEXT() REPRESENTATION_CONTEXT('2D SPACE',''
  ) );
#2757 = ORIENTED_EDGE('',*,*,#2758,.T.);
#2758 = EDGE_CURVE('',#2736,#2759,#2761,.T.);
#2759 = VERTEX_POINT('',#2760);
#2760 = CARTESIAN_POINT('',(7.548816647979,87.315986382305,2.9));
#2761 = SURFACE_CURVE('',#2762,(#2766,#2773),.PCURVE_S1.);
#2762 = LINE('',#2763,#2764);
#2763 = CARTESIAN_POINT('',(7.925948135652,87.416696397827,2.9));
#2764 = VECTOR('',#2765,1.);
#2765 = DIRECTION('',(-0.966144555962,-0.258001350744,0.));
#2766 = PCURVE('',#1621,#2767);
#2767 = DEFINITIONAL_REPRESENTATION('',(#2768),#2772);
#2768 = LINE('',#2769,#2770);
#2769 = CARTESIAN_POINT('',(1.369414210073,-3.00829463324));
#2770 = VECTOR('',#2771,1.);
#2771 = DIRECTION('',(0.966144555962,-0.258001350744));
#2772 = ( GEOMETRIC_REPRESENTATION_CONTEXT(2) 
PARAMETRIC_REPRESENTATION_CONTEXT() REPRESENTATION_CONTEXT('2D SPACE',''
  ) );
#2773 = PCURVE('',#2774,#2779);
#2774 = PLANE('',#2775);
#2775 = AXIS2_PLACEMENT_3D('',#2776,#2777,#2778);
#2776 = CARTESIAN_POINT('',(7.925948135652,87.416696397827,2.9));
#2777 = DIRECTION('',(0.258001350744,-0.966144555962,0.));
#2778 = DIRECTION('',(-0.966144555962,-0.258001350744,0.));
#2779 = DEFINITIONAL_REPRESENTATION('',(#2780),#2784);
#2780 = LINE('',#2781,#2782);
#2781 = CARTESIAN_POINT('',(0.,0.));
#2782 = VECTOR('',#2783,1.);
#2783 = DIRECTION('',(1.,0.));
#2784 = ( GEOMETRIC_REPRESENTATION_CONTEXT(2) 
PARAMETRIC_REPRESENTATION_CONTEXT() REPRESENTATION_CONTEXT('2D SPACE',''
  ) );
#2785 = ORIENTED_EDGE('',*,*,#2786,.T.);
#2786 = EDGE_CURVE('',#2759,#2787,#2789,.T.);
#2787 = VERTEX_POINT('',#2788);
#2788 = CARTESIAN_POINT('',(7.038078234802,87.230254537857,2.9));
#2789 = SURFACE_CURVE('',#2790,(#2794,#2801),.PCURVE_S1.);
#2790 = LINE('',#2791,#2792);
#2791 = CARTESIAN_POINT('',(7.548816647979,87.315986382305,2.9));
#2792 = VECTOR('',#2793,1.);
#2793 = DIRECTION('',(-0.986202638144,-0.165542612395,0.));
#2794 = PCURVE('',#1621,#2795);
#2795 = DEFINITIONAL_REPRESENTATION('',(#2796),#2800);
#2796 = LINE('',#2797,#2798);
#2797 = CARTESIAN_POINT('',(1.746545697746,-3.109004648763));
#2798 = VECTOR('',#2799,1.);
#2799 = DIRECTION('',(0.986202638144,-0.165542612395));
#2800 = ( GEOMETRIC_REPRESENTATION_CONTEXT(2) 
PARAMETRIC_REPRESENTATION_CONTEXT() REPRESENTATION_CONTEXT('2D SPACE',''
  ) );
#2801 = PCURVE('',#2802,#2807);
#2802 = PLANE('',#2803);
#2803 = AXIS2_PLACEMENT_3D('',#2804,#2805,#2806);
#2804 = CARTESIAN_POINT('',(7.548816647979,87.315986382305,2.9));
#2805 = DIRECTION('',(0.165542612395,-0.986202638144,0.));
#2806 = DIRECTION('',(-0.986202638144,-0.165542612395,0.));
#2807 = DEFINITIONAL_REPRESENTATION('',(#2808),#2812);
#2808 = LINE('',#2809,#2810);
#2809 = CARTESIAN_POINT('',(0.,0.));
#2810 = VECTOR('',#2811,1.);
#2811 = DIRECTION('',(1.,0.));
#2812 = ( GEOMETRIC_REPRESENTATION_CONTEXT(2) 
PARAMETRIC_REPRESENTATION_CONTEXT() REPRESENTATION_CONTEXT('2D SPACE',''
  ) );
#2813 = ORIENTED_EDGE('',*,*,#2814,.T.);
#2814 = EDGE_CURVE('',#2787,#2815,#2817,.T.);
#2815 = VERTEX_POINT('',#2816);
#2816 = CARTESIAN_POINT('',(6.521291312166,87.20004722209,2.9));
#2817 = SURFACE_CURVE('',#2818,(#2822,#2829),.PCURVE_S1.);
#2818 = LINE('',#2819,#2820);
#2819 = CARTESIAN_POINT('',(7.038078234802,87.230254537857,2.9));
#2820 = VECTOR('',#2821,1.);
#2821 = DIRECTION('',(-0.998296037207,-5.835256718712E-02,0.));
#2822 = PCURVE('',#1621,#2823);
#2823 = DEFINITIONAL_REPRESENTATION('',(#2824),#2828);
#2824 = LINE('',#2825,#2826);
#2825 = CARTESIAN_POINT('',(2.257284110923,-3.194736493211));
#2826 = VECTOR('',#2827,1.);
#2827 = DIRECTION('',(0.998296037207,-5.835256718712E-02));
#2828 = ( GEOMETRIC_REPRESENTATION_CONTEXT(2) 
PARAMETRIC_REPRESENTATION_CONTEXT() REPRESENTATION_CONTEXT('2D SPACE',''
  ) );
#2829 = PCURVE('',#2830,#2835);
#2830 = PLANE('',#2831);
#2831 = AXIS2_PLACEMENT_3D('',#2832,#2833,#2834);
#2832 = CARTESIAN_POINT('',(7.038078234802,87.230254537857,2.9));
#2833 = DIRECTION('',(5.835256718712E-02,-0.998296037207,0.));
#2834 = DIRECTION('',(-0.998296037207,-5.835256718712E-02,0.));
#2835 = DEFINITIONAL_REPRESENTATION('',(#2836),#2840);
#2836 = LINE('',#2837,#2838);
#2837 = CARTESIAN_POINT('',(0.,0.));
#2838 = VECTOR('',#2839,1.);
#2839 = DIRECTION('',(1.,0.));
#2840 = ( GEOMETRIC_REPRESENTATION_CONTEXT(2) 
PARAMETRIC_REPRESENTATION_CONTEXT() REPRESENTATION_CONTEXT('2D SPACE',''
  ) );
#2841 = ORIENTED_EDGE('',*,*,#2842,.T.);
#2842 = EDGE_CURVE('',#2815,#2843,#2845,.T.);
#2843 = VERTEX_POINT('',#2844);
#2844 = CARTESIAN_POINT('',(6.004155512073,87.225679292896,2.9));
#2845 = SURFACE_CURVE('',#2846,(#2850,#2857),.PCURVE_S1.);
#2846 = LINE('',#2847,#2848);
#2847 = CARTESIAN_POINT('',(6.521291312166,87.20004722209,2.9));
#2848 = VECTOR('',#2849,1.);
#2849 = DIRECTION('',(-0.998773891581,4.950468156187E-02,0.));
#2850 = PCURVE('',#1621,#2851);
#2851 = DEFINITIONAL_REPRESENTATION('',(#2852),#2856);
#2852 = LINE('',#2853,#2854);
#2853 = CARTESIAN_POINT('',(2.774071033558,-3.224943808978));
#2854 = VECTOR('',#2855,1.);
#2855 = DIRECTION('',(0.998773891581,4.950468156187E-02));
#2856 = ( GEOMETRIC_REPRESENTATION_CONTEXT(2) 
PARAMETRIC_REPRESENTATION_CONTEXT() REPRESENTATION_CONTEXT('2D SPACE',''
  ) );
#2857 = PCURVE('',#2858,#2863);
#2858 = PLANE('',#2859);
#2859 = AXIS2_PLACEMENT_3D('',#2860,#2861,#2862);
#2860 = CARTESIAN_POINT('',(6.521291312166,87.20004722209,2.9));
#2861 = DIRECTION('',(-4.950468156187E-02,-0.998773891581,0.));
#2862 = DIRECTION('',(-0.998773891581,4.950468156187E-02,0.));
#2863 = DEFINITIONAL_REPRESENTATION('',(#2864),#2868);
#2864 = LINE('',#2865,#2866);
#2865 = CARTESIAN_POINT('',(0.,0.));
#2866 = VECTOR('',#2867,1.);
#2867 = DIRECTION('',(1.,0.));
#2868 = ( GEOMETRIC_REPRESENTATION_CONTEXT(2) 
PARAMETRIC_REPRESENTATION_CONTEXT() REPRESENTATION_CONTEXT('2D SPACE',''
  ) );
#2869 = ORIENTED_EDGE('',*,*,#2870,.T.);
#2870 = EDGE_CURVE('',#2843,#2871,#2873,.T.);
#2871 = VERTEX_POINT('',#2872);
#2872 = CARTESIAN_POINT('',(5.493118451574,87.306793256122,2.9));
#2873 = SURFACE_CURVE('',#2874,(#2878,#2885),.PCURVE_S1.);
#2874 = LINE('',#2875,#2876);
#2875 = CARTESIAN_POINT('',(6.004155512073,87.225679292896,2.9));
#2876 = VECTOR('',#2877,1.);
#2877 = DIRECTION('',(-0.98763643525,0.156761831346,0.));
#2878 = PCURVE('',#1621,#2879);
#2879 = DEFINITIONAL_REPRESENTATION('',(#2880),#2884);
#2880 = LINE('',#2881,#2882);
#2881 = CARTESIAN_POINT('',(3.291206833651,-3.199311738172));
#2882 = VECTOR('',#2883,1.);
#2883 = DIRECTION('',(0.98763643525,0.156761831346));
#2884 = ( GEOMETRIC_REPRESENTATION_CONTEXT(2) 
PARAMETRIC_REPRESENTATION_CONTEXT() REPRESENTATION_CONTEXT('2D SPACE',''
  ) );
#2885 = PCURVE('',#2886,#2891);
#2886 = PLANE('',#2887);
#2887 = AXIS2_PLACEMENT_3D('',#2888,#2889,#2890);
#2888 = CARTESIAN_POINT('',(6.004155512073,87.225679292896,2.9));
#2889 = DIRECTION('',(-0.156761831346,-0.98763643525,0.));
#2890 = DIRECTION('',(-0.98763643525,0.156761831346,0.));
#2891 = DEFINITIONAL_REPRESENTATION('',(#2892),#2896);
#2892 = LINE('',#2893,#2894);
#2893 = CARTESIAN_POINT('',(0.,0.));
#2894 = VECTOR('',#2895,1.);
#2895 = DIRECTION('',(1.,0.));
#2896 = ( GEOMETRIC_REPRESENTATION_CONTEXT(2) 
PARAMETRIC_REPRESENTATION_CONTEXT() REPRESENTATION_CONTEXT('2D SPACE',''
  ) );
#2897 = ORIENTED_EDGE('',*,*,#2898,.T.);
#2898 = EDGE_CURVE('',#2871,#2899,#2901,.T.);
#2899 = VERTEX_POINT('',#2900);
#2900 = CARTESIAN_POINT('',(5.141241473112,87.396330241328,2.9));
#2901 = SURFACE_CURVE('',#2902,(#2906,#2913),.PCURVE_S1.);
#2902 = LINE('',#2903,#2904);
#2903 = CARTESIAN_POINT('',(5.493118451574,87.306793256122,2.9));
#2904 = VECTOR('',#2905,1.);
#2905 = DIRECTION('',(-0.969118041687,0.246597285622,0.));
#2906 = PCURVE('',#1621,#2907);
#2907 = DEFINITIONAL_REPRESENTATION('',(#2908),#2912);
#2908 = LINE('',#2909,#2910);
#2909 = CARTESIAN_POINT('',(3.802243894151,-3.118197774946));
#2910 = VECTOR('',#2911,1.);
#2911 = DIRECTION('',(0.969118041687,0.246597285622));
#2912 = ( GEOMETRIC_REPRESENTATION_CONTEXT(2) 
PARAMETRIC_REPRESENTATION_CONTEXT() REPRESENTATION_CONTEXT('2D SPACE',''
  ) );
#2913 = PCURVE('',#2914,#2919);
#2914 = PLANE('',#2915);
#2915 = AXIS2_PLACEMENT_3D('',#2916,#2917,#2918);
#2916 = CARTESIAN_POINT('',(5.493118451574,87.306793256122,2.9));
#2917 = DIRECTION('',(-0.246597285622,-0.969118041687,0.));
#2918 = DIRECTION('',(-0.969118041687,0.246597285622,0.));
#2919 = DEFINITIONAL_REPRESENTATION('',(#2920),#2924);
#2920 = LINE('',#2921,#2922);
#2921 = CARTESIAN_POINT('',(0.,0.));
#2922 = VECTOR('',#2923,1.);
#2923 = DIRECTION('',(1.,0.));
#2924 = ( GEOMETRIC_REPRESENTATION_CONTEXT(2) 
PARAMETRIC_REPRESENTATION_CONTEXT() REPRESENTATION_CONTEXT('2D SPACE',''
  ) );
#2925 = ORIENTED_EDGE('',*,*,#2926,.T.);
#2926 = EDGE_CURVE('',#2899,#2927,#2929,.T.);
#2927 = VERTEX_POINT('',#2928);
#2928 = CARTESIAN_POINT('',(4.797694245997,87.511998765745,2.9));
#2929 = SURFACE_CURVE('',#2930,(#2934,#2941),.PCURVE_S1.);
#2930 = LINE('',#2931,#2932);
#2931 = CARTESIAN_POINT('',(5.141241473112,87.396330241328,2.9));
#2932 = VECTOR('',#2933,1.);
#2933 = DIRECTION('',(-0.947724945631,0.319088431987,0.));
#2934 = PCURVE('',#1621,#2935);
#2935 = DEFINITIONAL_REPRESENTATION('',(#2936),#2940);
#2936 = LINE('',#2937,#2938);
#2937 = CARTESIAN_POINT('',(4.154120872613,-3.028660789739));
#2938 = VECTOR('',#2939,1.);
#2939 = DIRECTION('',(0.947724945631,0.319088431987));
#2940 = ( GEOMETRIC_REPRESENTATION_CONTEXT(2) 
PARAMETRIC_REPRESENTATION_CONTEXT() REPRESENTATION_CONTEXT('2D SPACE',''
  ) );
#2941 = PCURVE('',#2942,#2947);
#2942 = PLANE('',#2943);
#2943 = AXIS2_PLACEMENT_3D('',#2944,#2945,#2946);
#2944 = CARTESIAN_POINT('',(5.141241473112,87.396330241328,2.9));
#2945 = DIRECTION('',(-0.319088431987,-0.947724945631,0.));
#2946 = DIRECTION('',(-0.947724945631,0.319088431987,0.));
#2947 = DEFINITIONAL_REPRESENTATION('',(#2948),#2952);
#2948 = LINE('',#2949,#2950);
#2949 = CARTESIAN_POINT('',(0.,0.));
#2950 = VECTOR('',#2951,1.);
#2951 = DIRECTION('',(1.,0.));
#2952 = ( GEOMETRIC_REPRESENTATION_CONTEXT(2) 
PARAMETRIC_REPRESENTATION_CONTEXT() REPRESENTATION_CONTEXT('2D SPACE',''
  ) );
#2953 = ORIENTED_EDGE('',*,*,#2954,.T.);
#2954 = EDGE_CURVE('',#2927,#2955,#2957,.T.);
#2955 = VERTEX_POINT('',#2956);
#2956 = CARTESIAN_POINT('',(4.462977660136,87.653675119883,2.9));
#2957 = SURFACE_CURVE('',#2958,(#2962,#2969),.PCURVE_S1.);
#2958 = LINE('',#2959,#2960);
#2959 = CARTESIAN_POINT('',(4.797694245997,87.511998765745,2.9));
#2960 = VECTOR('',#2961,1.);
#2961 = DIRECTION('',(-0.920902579972,0.389792814455,0.));
#2962 = PCURVE('',#1621,#2963);
#2963 = DEFINITIONAL_REPRESENTATION('',(#2964),#2968);
#2964 = LINE('',#2965,#2966);
#2965 = CARTESIAN_POINT('',(4.497668099728,-2.912992265323));
#2966 = VECTOR('',#2967,1.);
#2967 = DIRECTION('',(0.920902579972,0.389792814455));
#2968 = ( GEOMETRIC_REPRESENTATION_CONTEXT(2) 
PARAMETRIC_REPRESENTATION_CONTEXT() REPRESENTATION_CONTEXT('2D SPACE',''
  ) );
#2969 = PCURVE('',#2970,#2975);
#2970 = PLANE('',#2971);
#2971 = AXIS2_PLACEMENT_3D('',#2972,#2973,#2974);
#2972 = CARTESIAN_POINT('',(4.797694245997,87.511998765745,2.9));
#2973 = DIRECTION('',(-0.389792814455,-0.920902579972,0.));
#2974 = DIRECTION('',(-0.920902579972,0.389792814455,0.));
#2975 = DEFINITIONAL_REPRESENTATION('',(#2976),#2980);
#2976 = LINE('',#2977,#2978);
#2977 = CARTESIAN_POINT('',(0.,0.));
#2978 = VECTOR('',#2979,1.);
#2979 = DIRECTION('',(1.,0.));
#2980 = ( GEOMETRIC_REPRESENTATION_CONTEXT(2) 
PARAMETRIC_REPRESENTATION_CONTEXT() REPRESENTATION_CONTEXT('2D SPACE',''
  ) );
#2981 = ORIENTED_EDGE('',*,*,#2982,.T.);
#2982 = EDGE_CURVE('',#2955,#2983,#2985,.T.);
#2983 = VERTEX_POINT('',#2984);
#2984 = CARTESIAN_POINT('',(4.139848649261,87.820324701579,2.9));
#2985 = SURFACE_CURVE('',#2986,(#2990,#2997),.PCURVE_S1.);
#2986 = LINE('',#2987,#2988);
#2987 = CARTESIAN_POINT('',(4.462977660136,87.653675119883,2.9));
#2988 = VECTOR('',#2989,1.);
#2989 = DIRECTION('',(-0.88876262343,0.458367755404,0.));
#2990 = PCURVE('',#1621,#2991);
#2991 = DEFINITIONAL_REPRESENTATION('',(#2992),#2996);
#2992 = LINE('',#2993,#2994);
#2993 = CARTESIAN_POINT('',(4.832384685589,-2.771315911184));
#2994 = VECTOR('',#2995,1.);
#2995 = DIRECTION('',(0.88876262343,0.458367755404));
#2996 = ( GEOMETRIC_REPRESENTATION_CONTEXT(2) 
PARAMETRIC_REPRESENTATION_CONTEXT() REPRESENTATION_CONTEXT('2D SPACE',''
  ) );
#2997 = PCURVE('',#2998,#3003);
#2998 = PLANE('',#2999);
#2999 = AXIS2_PLACEMENT_3D('',#3000,#3001,#3002);
#3000 = CARTESIAN_POINT('',(4.462977660136,87.653675119883,2.9));
#3001 = DIRECTION('',(-0.458367755404,-0.88876262343,0.));
#3002 = DIRECTION('',(-0.88876262343,0.458367755404,0.));
#3003 = DEFINITIONAL_REPRESENTATION('',(#3004),#3008);
#3004 = LINE('',#3005,#3006);
#3005 = CARTESIAN_POINT('',(0.,0.));
#3006 = VECTOR('',#3007,1.);
#3007 = DIRECTION('',(1.,0.));
#3008 = ( GEOMETRIC_REPRESENTATION_CONTEXT(2) 
PARAMETRIC_REPRESENTATION_CONTEXT() REPRESENTATION_CONTEXT('2D SPACE',''
  ) );
#3009 = ORIENTED_EDGE('',*,*,#3010,.T.);
#3010 = EDGE_CURVE('',#2983,#3011,#3013,.T.);
#3011 = VERTEX_POINT('',#3012);
#3012 = CARTESIAN_POINT('',(3.830657768182,88.010687772457,2.9));
#3013 = SURFACE_CURVE('',#3014,(#3018,#3025),.PCURVE_S1.);
#3014 = LINE('',#3015,#3016);
#3015 = CARTESIAN_POINT('',(4.139848649261,87.820324701579,2.9));
#3016 = VECTOR('',#3017,1.);
#3017 = DIRECTION('',(-0.851545496906,0.524280713644,0.));
#3018 = PCURVE('',#1621,#3019);
#3019 = DEFINITIONAL_REPRESENTATION('',(#3020),#3024);
#3020 = LINE('',#3021,#3022);
#3021 = CARTESIAN_POINT('',(5.155513696464,-2.604666329489));
#3022 = VECTOR('',#3023,1.);
#3023 = DIRECTION('',(0.851545496906,0.524280713644));
#3024 = ( GEOMETRIC_REPRESENTATION_CONTEXT(2) 
PARAMETRIC_REPRESENTATION_CONTEXT() REPRESENTATION_CONTEXT('2D SPACE',''
  ) );
#3025 = PCURVE('',#3026,#3031);
#3026 = PLANE('',#3027);
#3027 = AXIS2_PLACEMENT_3D('',#3028,#3029,#3030);
#3028 = CARTESIAN_POINT('',(4.139848649261,87.820324701579,2.9));
#3029 = DIRECTION('',(-0.524280713644,-0.851545496906,0.));
#3030 = DIRECTION('',(-0.851545496906,0.524280713644,0.));
#3031 = DEFINITIONAL_REPRESENTATION('',(#3032),#3036);
#3032 = LINE('',#3033,#3034);
#3033 = CARTESIAN_POINT('',(0.,0.));
#3034 = VECTOR('',#3035,1.);
#3035 = DIRECTION('',(1.,0.));
#3036 = ( GEOMETRIC_REPRESENTATION_CONTEXT(2) 
PARAMETRIC_REPRESENTATION_CONTEXT() REPRESENTATION_CONTEXT('2D SPACE',''
  ) );
#3037 = ORIENTED_EDGE('',*,*,#3038,.T.);
#3038 = EDGE_CURVE('',#3011,#3039,#3041,.T.);
#3039 = VERTEX_POINT('',#3040);
#3040 = CARTESIAN_POINT('',(3.536401115389,88.22414491133,2.9));
#3041 = SURFACE_CURVE('',#3042,(#3046,#3053),.PCURVE_S1.);
#3042 = LINE('',#3043,#3044);
#3043 = CARTESIAN_POINT('',(3.830657768182,88.010687772457,2.9));
#3044 = VECTOR('',#3045,1.);
#3045 = DIRECTION('',(-0.809452152257,0.587185842137,0.));
#3046 = PCURVE('',#1621,#3047);
#3047 = DEFINITIONAL_REPRESENTATION('',(#3048),#3052);
#3048 = LINE('',#3049,#3050);
#3049 = CARTESIAN_POINT('',(5.464704577542,-2.414303258611));
#3050 = VECTOR('',#3051,1.);
#3051 = DIRECTION('',(0.809452152257,0.587185842137));
#3052 = ( GEOMETRIC_REPRESENTATION_CONTEXT(2) 
PARAMETRIC_REPRESENTATION_CONTEXT() REPRESENTATION_CONTEXT('2D SPACE',''
  ) );
#3053 = PCURVE('',#3054,#3059);
#3054 = PLANE('',#3055);
#3055 = AXIS2_PLACEMENT_3D('',#3056,#3057,#3058);
#3056 = CARTESIAN_POINT('',(3.830657768182,88.010687772457,2.9));
#3057 = DIRECTION('',(-0.587185842137,-0.809452152257,0.));
#3058 = DIRECTION('',(-0.809452152257,0.587185842137,0.));
#3059 = DEFINITIONAL_REPRESENTATION('',(#3060),#3064);
#3060 = LINE('',#3061,#3062);
#3061 = CARTESIAN_POINT('',(0.,0.));
#3062 = VECTOR('',#3063,1.);
#3063 = DIRECTION('',(1.,0.));
#3064 = ( GEOMETRIC_REPRESENTATION_CONTEXT(2) 
PARAMETRIC_REPRESENTATION_CONTEXT() REPRESENTATION_CONTEXT('2D SPACE',''
  ) );
#3065 = ORIENTED_EDGE('',*,*,#3066,.T.);
#3066 = EDGE_CURVE('',#3039,#3067,#3069,.T.);
#3067 = VERTEX_POINT('',#3068);
#3068 = CARTESIAN_POINT('',(3.259328349058,88.459089488679,2.9));
#3069 = SURFACE_CURVE('',#3070,(#3074,#3081),.PCURVE_S1.);
#3070 = LINE('',#3071,#3072);
#3071 = CARTESIAN_POINT('',(3.536401115389,88.22414491133,2.9));
#3072 = VECTOR('',#3073,1.);
#3073 = DIRECTION('',(-0.762709358615,0.646741396758,0.));
#3074 = PCURVE('',#1621,#3075);
#3075 = DEFINITIONAL_REPRESENTATION('',(#3076),#3080);
#3076 = LINE('',#3077,#3078);
#3077 = CARTESIAN_POINT('',(5.758961230336,-2.200846119738));
#3078 = VECTOR('',#3079,1.);
#3079 = DIRECTION('',(0.762709358615,0.646741396758));
#3080 = ( GEOMETRIC_REPRESENTATION_CONTEXT(2) 
PARAMETRIC_REPRESENTATION_CONTEXT() REPRESENTATION_CONTEXT('2D SPACE',''
  ) );
#3081 = PCURVE('',#3082,#3087);
#3082 = PLANE('',#3083);
#3083 = AXIS2_PLACEMENT_3D('',#3084,#3085,#3086);
#3084 = CARTESIAN_POINT('',(3.536401115389,88.22414491133,2.9));
#3085 = DIRECTION('',(-0.646741396758,-0.762709358615,0.));
#3086 = DIRECTION('',(-0.762709358615,0.646741396758,0.));
#3087 = DEFINITIONAL_REPRESENTATION('',(#3088),#3092);
#3088 = LINE('',#3089,#3090);
#3089 = CARTESIAN_POINT('',(0.,0.));
#3090 = VECTOR('',#3091,1.);
#3091 = DIRECTION('',(1.,0.));
#3092 = ( GEOMETRIC_REPRESENTATION_CONTEXT(2) 
PARAMETRIC_REPRESENTATION_CONTEXT() REPRESENTATION_CONTEXT('2D SPACE',''
  ) );
#3093 = ORIENTED_EDGE('',*,*,#3094,.T.);
#3094 = EDGE_CURVE('',#3067,#3095,#3097,.T.);
#3095 = VERTEX_POINT('',#3096);
#3096 = CARTESIAN_POINT('',(3.000824948954,88.714307691196,2.9));
#3097 = SURFACE_CURVE('',#3098,(#3102,#3109),.PCURVE_S1.);
#3098 = LINE('',#3099,#3100);
#3099 = CARTESIAN_POINT('',(3.259328349058,88.459089488679,2.9));
#3100 = VECTOR('',#3101,1.);
#3101 = DIRECTION('',(-0.711614106909,0.702570539411,0.));
#3102 = PCURVE('',#1621,#3103);
#3103 = DEFINITIONAL_REPRESENTATION('',(#3104),#3108);
#3104 = LINE('',#3105,#3106);
#3105 = CARTESIAN_POINT('',(6.036033996666,-1.965901542389));
#3106 = VECTOR('',#3107,1.);
#3107 = DIRECTION('',(0.711614106909,0.702570539411));
#3108 = ( GEOMETRIC_REPRESENTATION_CONTEXT(2) 
PARAMETRIC_REPRESENTATION_CONTEXT() REPRESENTATION_CONTEXT('2D SPACE',''
  ) );
#3109 = PCURVE('',#3110,#3115);
#3110 = PLANE('',#3111);
#3111 = AXIS2_PLACEMENT_3D('',#3112,#3113,#3114);
#3112 = CARTESIAN_POINT('',(3.259328349058,88.459089488679,2.9));
#3113 = DIRECTION('',(-0.702570539411,-0.711614106909,0.));
#3114 = DIRECTION('',(-0.711614106909,0.702570539411,0.));
#3115 = DEFINITIONAL_REPRESENTATION('',(#3116),#3120);
#3116 = LINE('',#3117,#3118);
#3117 = CARTESIAN_POINT('',(0.,0.));
#3118 = VECTOR('',#3119,1.);
#3119 = DIRECTION('',(1.,0.));
#3120 = ( GEOMETRIC_REPRESENTATION_CONTEXT(2) 
PARAMETRIC_REPRESENTATION_CONTEXT() REPRESENTATION_CONTEXT('2D SPACE',''
  ) );
#3121 = ORIENTED_EDGE('',*,*,#3122,.T.);
#3122 = EDGE_CURVE('',#3095,#3123,#3125,.T.);
#3123 = VERTEX_POINT('',#3124);
#3124 = CARTESIAN_POINT('',(2.762407468288,88.988289179408,2.9));
#3125 = SURFACE_CURVE('',#3126,(#3130,#3137),.PCURVE_S1.);
#3126 = LINE('',#3127,#3128);
#3127 = CARTESIAN_POINT('',(3.000824948954,88.714307691196,2.9));
#3128 = VECTOR('',#3129,1.);
#3129 = DIRECTION('',(-0.656449452553,0.75437001282,0.));
#3130 = PCURVE('',#1621,#3131);
#3131 = DEFINITIONAL_REPRESENTATION('',(#3132),#3136);
#3132 = LINE('',#3133,#3134);
#3133 = CARTESIAN_POINT('',(6.294537396771,-1.710683339872));
#3134 = VECTOR('',#3135,1.);
#3135 = DIRECTION('',(0.656449452553,0.75437001282));
#3136 = ( GEOMETRIC_REPRESENTATION_CONTEXT(2) 
PARAMETRIC_REPRESENTATION_CONTEXT() REPRESENTATION_CONTEXT('2D SPACE',''
  ) );
#3137 = PCURVE('',#3138,#3143);
#3138 = PLANE('',#3139);
#3139 = AXIS2_PLACEMENT_3D('',#3140,#3141,#3142);
#3140 = CARTESIAN_POINT('',(3.000824948954,88.714307691196,2.9));
#3141 = DIRECTION('',(-0.75437001282,-0.656449452553,0.));
#3142 = DIRECTION('',(-0.656449452553,0.75437001282,0.));
#3143 = DEFINITIONAL_REPRESENTATION('',(#3144),#3148);
#3144 = LINE('',#3145,#3146);
#3145 = CARTESIAN_POINT('',(0.,0.));
#3146 = VECTOR('',#3147,1.);
#3147 = DIRECTION('',(1.,0.));
#3148 = ( GEOMETRIC_REPRESENTATION_CONTEXT(2) 
PARAMETRIC_REPRESENTATION_CONTEXT() REPRESENTATION_CONTEXT('2D SPACE',''
  ) );
#3149 = ORIENTED_EDGE('',*,*,#3150,.T.);
#3150 = EDGE_CURVE('',#3123,#3151,#3153,.T.);
#3151 = VERTEX_POINT('',#3152);
#3152 = CARTESIAN_POINT('',(2.545417970673,89.279470461755,2.9));
#3153 = SURFACE_CURVE('',#3154,(#3158,#3165),.PCURVE_S1.);
#3154 = LINE('',#3155,#3156);
#3155 = CARTESIAN_POINT('',(2.762407468288,88.988289179408,2.9));
#3156 = VECTOR('',#3157,1.);
#3157 = DIRECTION('',(-0.597536027345,0.801842064265,0.));
#3158 = PCURVE('',#1621,#3159);
#3159 = DEFINITIONAL_REPRESENTATION('',(#3160),#3164);
#3160 = LINE('',#3161,#3162);
#3161 = CARTESIAN_POINT('',(6.532954877437,-1.43670185166));
#3162 = VECTOR('',#3163,1.);
#3163 = DIRECTION('',(0.597536027345,0.801842064265));
#3164 = ( GEOMETRIC_REPRESENTATION_CONTEXT(2) 
PARAMETRIC_REPRESENTATION_CONTEXT() REPRESENTATION_CONTEXT('2D SPACE',''
  ) );
#3165 = PCURVE('',#3166,#3171);
#3166 = PLANE('',#3167);
#3167 = AXIS2_PLACEMENT_3D('',#3168,#3169,#3170);
#3168 = CARTESIAN_POINT('',(2.762407468288,88.988289179408,2.9));
#3169 = DIRECTION('',(-0.801842064265,-0.597536027345,0.));
#3170 = DIRECTION('',(-0.597536027345,0.801842064265,0.));
#3171 = DEFINITIONAL_REPRESENTATION('',(#3172),#3176);
#3172 = LINE('',#3173,#3174);
#3173 = CARTESIAN_POINT('',(0.,0.));
#3174 = VECTOR('',#3175,1.);
#3175 = DIRECTION('',(1.,0.));
#3176 = ( GEOMETRIC_REPRESENTATION_CONTEXT(2) 
PARAMETRIC_REPRESENTATION_CONTEXT() REPRESENTATION_CONTEXT('2D SPACE',''
  ) );
#3177 = ORIENTED_EDGE('',*,*,#3178,.T.);
#3178 = EDGE_CURVE('',#3151,#3179,#3181,.T.);
#3179 = VERTEX_POINT('',#3180);
#3180 = CARTESIAN_POINT('',(2.350983656811,89.586358912742,2.9));
#3181 = SURFACE_CURVE('',#3182,(#3186,#3193),.PCURVE_S1.);
#3182 = LINE('',#3183,#3184);
#3183 = CARTESIAN_POINT('',(2.545417970673,89.279470461755,2.9));
#3184 = VECTOR('',#3185,1.);
#3185 = DIRECTION('',(-0.535192791559,0.844729942564,0.));
#3186 = PCURVE('',#1621,#3187);
#3187 = DEFINITIONAL_REPRESENTATION('',(#3188),#3192);
#3188 = LINE('',#3189,#3190);
#3189 = CARTESIAN_POINT('',(6.749944375051,-1.145520569312));
#3190 = VECTOR('',#3191,1.);
#3191 = DIRECTION('',(0.535192791559,0.844729942564));
#3192 = ( GEOMETRIC_REPRESENTATION_CONTEXT(2) 
PARAMETRIC_REPRESENTATION_CONTEXT() REPRESENTATION_CONTEXT('2D SPACE',''
  ) );
#3193 = PCURVE('',#3194,#3199);
#3194 = PLANE('',#3195);
#3195 = AXIS2_PLACEMENT_3D('',#3196,#3197,#3198);
#3196 = CARTESIAN_POINT('',(2.545417970673,89.279470461755,2.9));
#3197 = DIRECTION('',(-0.844729942564,-0.535192791559,0.));
#3198 = DIRECTION('',(-0.535192791559,0.844729942564,0.));
#3199 = DEFINITIONAL_REPRESENTATION('',(#3200),#3204);
#3200 = LINE('',#3201,#3202);
#3201 = CARTESIAN_POINT('',(0.,0.));
#3202 = VECTOR('',#3203,1.);
#3203 = DIRECTION('',(1.,0.));
#3204 = ( GEOMETRIC_REPRESENTATION_CONTEXT(2) 
PARAMETRIC_REPRESENTATION_CONTEXT() REPRESENTATION_CONTEXT('2D SPACE',''
  ) );
#3205 = ORIENTED_EDGE('',*,*,#3206,.T.);
#3206 = EDGE_CURVE('',#3179,#3207,#3209,.T.);
#3207 = VERTEX_POINT('',#3208);
#3208 = CARTESIAN_POINT('',(2.180361276769,89.90698272878,2.9));
#3209 = SURFACE_CURVE('',#3210,(#3214,#3221),.PCURVE_S1.);
#3210 = LINE('',#3211,#3212);
#3211 = CARTESIAN_POINT('',(2.350983656811,89.586358912742,2.9));
#3212 = VECTOR('',#3213,1.);
#3213 = DIRECTION('',(-0.469779926499,0.882783563881,0.));
#3214 = PCURVE('',#1621,#3215);
#3215 = DEFINITIONAL_REPRESENTATION('',(#3216),#3220);
#3216 = LINE('',#3217,#3218);
#3217 = CARTESIAN_POINT('',(6.944378688913,-0.838632118325));
#3218 = VECTOR('',#3219,1.);
#3219 = DIRECTION('',(0.469779926499,0.882783563881));
#3220 = ( GEOMETRIC_REPRESENTATION_CONTEXT(2) 
PARAMETRIC_REPRESENTATION_CONTEXT() REPRESENTATION_CONTEXT('2D SPACE',''
  ) );
#3221 = PCURVE('',#3222,#3227);
#3222 = PLANE('',#3223);
#3223 = AXIS2_PLACEMENT_3D('',#3224,#3225,#3226);
#3224 = CARTESIAN_POINT('',(2.350983656811,89.586358912742,2.9));
#3225 = DIRECTION('',(-0.882783563881,-0.469779926499,0.));
#3226 = DIRECTION('',(-0.469779926499,0.882783563881,0.));
#3227 = DEFINITIONAL_REPRESENTATION('',(#3228),#3232);
#3228 = LINE('',#3229,#3230);
#3229 = CARTESIAN_POINT('',(0.,0.));
#3230 = VECTOR('',#3231,1.);
#3231 = DIRECTION('',(1.,0.));
#3232 = ( GEOMETRIC_REPRESENTATION_CONTEXT(2) 
PARAMETRIC_REPRESENTATION_CONTEXT() REPRESENTATION_CONTEXT('2D SPACE',''
  ) );
#3233 = ORIENTED_EDGE('',*,*,#3234,.T.);
#3234 = EDGE_CURVE('',#3207,#3235,#3237,.T.);
#3235 = VERTEX_POINT('',#3236);
#3236 = CARTESIAN_POINT('',(2.034256479742,90.24013217523,2.9));
#3237 = SURFACE_CURVE('',#3238,(#3242,#3249),.PCURVE_S1.);
#3238 = LINE('',#3239,#3240);
#3239 = CARTESIAN_POINT('',(2.180361276769,89.90698272878,2.9));
#3240 = VECTOR('',#3241,1.);
#3241 = DIRECTION('',(-0.401630645305,0.91580173878,0.));
#3242 = PCURVE('',#1621,#3243);
#3243 = DEFINITIONAL_REPRESENTATION('',(#3244),#3248);
#3244 = LINE('',#3245,#3246);
#3245 = CARTESIAN_POINT('',(7.115001068956,-0.518008302288));
#3246 = VECTOR('',#3247,1.);
#3247 = DIRECTION('',(0.401630645305,0.91580173878));
#3248 = ( GEOMETRIC_REPRESENTATION_CONTEXT(2) 
PARAMETRIC_REPRESENTATION_CONTEXT() REPRESENTATION_CONTEXT('2D SPACE',''
  ) );
#3249 = PCURVE('',#3250,#3255);
#3250 = PLANE('',#3251);
#3251 = AXIS2_PLACEMENT_3D('',#3252,#3253,#3254);
#3252 = CARTESIAN_POINT('',(2.180361276769,89.90698272878,2.9));
#3253 = DIRECTION('',(-0.91580173878,-0.401630645305,0.));
#3254 = DIRECTION('',(-0.401630645305,0.91580173878,0.));
#3255 = DEFINITIONAL_REPRESENTATION('',(#3256),#3260);
#3256 = LINE('',#3257,#3258);
#3257 = CARTESIAN_POINT('',(0.,0.));
#3258 = VECTOR('',#3259,1.);
#3259 = DIRECTION('',(1.,0.));
#3260 = ( GEOMETRIC_REPRESENTATION_CONTEXT(2) 
PARAMETRIC_REPRESENTATION_CONTEXT() REPRESENTATION_CONTEXT('2D SPACE',''
  ) );
#3261 = ORIENTED_EDGE('',*,*,#3262,.T.);
#3262 = EDGE_CURVE('',#3235,#3263,#3265,.T.);
#3263 = VERTEX_POINT('',#3264);
#3264 = CARTESIAN_POINT('',(1.914254459333,90.581924601876,2.9));
#3265 = SURFACE_CURVE('',#3266,(#3270,#3277),.PCURVE_S1.);
#3266 = LINE('',#3267,#3268);
#3267 = CARTESIAN_POINT('',(2.034256479742,90.24013217523,2.9));
#3268 = VECTOR('',#3269,1.);
#3269 = DIRECTION('',(-0.331271691468,0.943535408149,0.));
#3270 = PCURVE('',#1621,#3271);
#3271 = DEFINITIONAL_REPRESENTATION('',(#3272),#3276);
#3272 = LINE('',#3273,#3274);
#3273 = CARTESIAN_POINT('',(7.261105865982,-0.184858855837));
#3274 = VECTOR('',#3275,1.);
#3275 = DIRECTION('',(0.331271691468,0.943535408149));
#3276 = ( GEOMETRIC_REPRESENTATION_CONTEXT(2) 
PARAMETRIC_REPRESENTATION_CONTEXT() REPRESENTATION_CONTEXT('2D SPACE',''
  ) );
#3277 = PCURVE('',#3278,#3283);
#3278 = PLANE('',#3279);
#3279 = AXIS2_PLACEMENT_3D('',#3280,#3281,#3282);
#3280 = CARTESIAN_POINT('',(2.034256479742,90.24013217523,2.9));
#3281 = DIRECTION('',(-0.943535408149,-0.331271691468,0.));
#3282 = DIRECTION('',(-0.331271691468,0.943535408149,0.));
#3283 = DEFINITIONAL_REPRESENTATION('',(#3284),#3288);
#3284 = LINE('',#3285,#3286);
#3285 = CARTESIAN_POINT('',(0.,0.));
#3286 = VECTOR('',#3287,1.);
#3287 = DIRECTION('',(1.,0.));
#3288 = ( GEOMETRIC_REPRESENTATION_CONTEXT(2) 
PARAMETRIC_REPRESENTATION_CONTEXT() REPRESENTATION_CONTEXT('2D SPACE',''
  ) );
#3289 = ORIENTED_EDGE('',*,*,#3290,.T.);
#3290 = EDGE_CURVE('',#3263,#3291,#3293,.T.);
#3291 = VERTEX_POINT('',#3292);
#3292 = CARTESIAN_POINT('',(1.820140423246,90.93280070392,2.9));
#3293 = SURFACE_CURVE('',#3294,(#3298,#3305),.PCURVE_S1.);
#3294 = LINE('',#3295,#3296);
#3295 = CARTESIAN_POINT('',(1.914254459333,90.581924601876,2.9));
#3296 = VECTOR('',#3297,1.);
#3297 = DIRECTION('',(-0.259068336972,0.965858994252,0.));
#3298 = PCURVE('',#1621,#3299);
#3299 = DEFINITIONAL_REPRESENTATION('',(#3300),#3304);
#3300 = LINE('',#3301,#3302);
#3301 = CARTESIAN_POINT('',(7.381107886392,0.156933570808));
#3302 = VECTOR('',#3303,1.);
#3303 = DIRECTION('',(0.259068336972,0.965858994252));
#3304 = ( GEOMETRIC_REPRESENTATION_CONTEXT(2) 
PARAMETRIC_REPRESENTATION_CONTEXT() REPRESENTATION_CONTEXT('2D SPACE',''
  ) );
#3305 = PCURVE('',#3306,#3311);
#3306 = PLANE('',#3307);
#3307 = AXIS2_PLACEMENT_3D('',#3308,#3309,#3310);
#3308 = CARTESIAN_POINT('',(1.914254459333,90.581924601876,2.9));
#3309 = DIRECTION('',(-0.965858994252,-0.259068336972,0.));
#3310 = DIRECTION('',(-0.259068336972,0.965858994252,0.));
#3311 = DEFINITIONAL_REPRESENTATION('',(#3312),#3316);
#3312 = LINE('',#3313,#3314);
#3313 = CARTESIAN_POINT('',(0.,0.));
#3314 = VECTOR('',#3315,1.);
#3315 = DIRECTION('',(1.,0.));
#3316 = ( GEOMETRIC_REPRESENTATION_CONTEXT(2) 
PARAMETRIC_REPRESENTATION_CONTEXT() REPRESENTATION_CONTEXT('2D SPACE',''
  ) );
#3317 = ORIENTED_EDGE('',*,*,#3318,.T.);
#3318 = EDGE_CURVE('',#3291,#3319,#3321,.T.);
#3319 = VERTEX_POINT('',#3320);
#3320 = CARTESIAN_POINT('',(1.752842836003,91.289719170721,2.9));
#3321 = SURFACE_CURVE('',#3322,(#3326,#3333),.PCURVE_S1.);
#3322 = LINE('',#3323,#3324);
#3323 = CARTESIAN_POINT('',(1.820140423246,90.93280070392,2.9));
#3324 = VECTOR('',#3325,1.);
#3325 = DIRECTION('',(-0.185286839088,0.982684480014,0.));
#3326 = PCURVE('',#1621,#3327);
#3327 = DEFINITIONAL_REPRESENTATION('',(#3328),#3332);
#3328 = LINE('',#3329,#3330);
#3329 = CARTESIAN_POINT('',(7.475221922479,0.507809672852));
#3330 = VECTOR('',#3331,1.);
#3331 = DIRECTION('',(0.185286839088,0.982684480014));
#3332 = ( GEOMETRIC_REPRESENTATION_CONTEXT(2) 
PARAMETRIC_REPRESENTATION_CONTEXT() REPRESENTATION_CONTEXT('2D SPACE',''
  ) );
#3333 = PCURVE('',#3334,#3339);
#3334 = PLANE('',#3335);
#3335 = AXIS2_PLACEMENT_3D('',#3336,#3337,#3338);
#3336 = CARTESIAN_POINT('',(1.820140423246,90.93280070392,2.9));
#3337 = DIRECTION('',(-0.982684480014,-0.185286839088,0.));
#3338 = DIRECTION('',(-0.185286839088,0.982684480014,0.));
#3339 = DEFINITIONAL_REPRESENTATION('',(#3340),#3344);
#3340 = LINE('',#3341,#3342);
#3341 = CARTESIAN_POINT('',(0.,0.));
#3342 = VECTOR('',#3343,1.);
#3343 = DIRECTION('',(1.,0.));
#3344 = ( GEOMETRIC_REPRESENTATION_CONTEXT(2) 
PARAMETRIC_REPRESENTATION_CONTEXT() REPRESENTATION_CONTEXT('2D SPACE',''
  ) );
#3345 = ORIENTED_EDGE('',*,*,#3346,.T.);
#3346 = EDGE_CURVE('',#3319,#3347,#3349,.T.);
#3347 = VERTEX_POINT('',#3348);
#3348 = CARTESIAN_POINT('',(1.714532118978,91.626774690651,2.9));
#3349 = SURFACE_CURVE('',#3350,(#3354,#3361),.PCURVE_S1.);
#3350 = LINE('',#3351,#3352);
#3351 = CARTESIAN_POINT('',(1.752842836003,91.289719170721,2.9));
#3352 = VECTOR('',#3353,1.);
#3353 = DIRECTION('',(-0.112935745145,0.993602293409,0.));
#3354 = PCURVE('',#1621,#3355);
#3355 = DEFINITIONAL_REPRESENTATION('',(#3356),#3360);
#3356 = LINE('',#3357,#3358);
#3357 = CARTESIAN_POINT('',(7.542519509721,0.864728139653));
#3358 = VECTOR('',#3359,1.);
#3359 = DIRECTION('',(0.112935745145,0.993602293409));
#3360 = ( GEOMETRIC_REPRESENTATION_CONTEXT(2) 
PARAMETRIC_REPRESENTATION_CONTEXT() REPRESENTATION_CONTEXT('2D SPACE',''
  ) );
#3361 = PCURVE('',#3362,#3367);
#3362 = PLANE('',#3363);
#3363 = AXIS2_PLACEMENT_3D('',#3364,#3365,#3366);
#3364 = CARTESIAN_POINT('',(1.752842836003,91.289719170721,2.9));
#3365 = DIRECTION('',(-0.993602293409,-0.112935745145,0.));
#3366 = DIRECTION('',(-0.112935745145,0.993602293409,0.));
#3367 = DEFINITIONAL_REPRESENTATION('',(#3368),#3372);
#3368 = LINE('',#3369,#3370);
#3369 = CARTESIAN_POINT('',(0.,0.));
#3370 = VECTOR('',#3371,1.);
#3371 = DIRECTION('',(1.,0.));
#3372 = ( GEOMETRIC_REPRESENTATION_CONTEXT(2) 
PARAMETRIC_REPRESENTATION_CONTEXT() REPRESENTATION_CONTEXT('2D SPACE',''
  ) );
#3373 = ORIENTED_EDGE('',*,*,#3374,.T.);
#3374 = EDGE_CURVE('',#3347,#3375,#3377,.T.);
#3375 = VERTEX_POINT('',#3376);
#3376 = CARTESIAN_POINT('',(1.700115459063,91.966707463511,2.9));
#3377 = SURFACE_CURVE('',#3378,(#3382,#3389),.PCURVE_S1.);
#3378 = LINE('',#3379,#3380);
#3379 = CARTESIAN_POINT('',(1.714532118978,91.626774690651,2.9));
#3380 = VECTOR('',#3381,1.);
#3381 = DIRECTION('',(-4.237223759628E-02,0.999101893443,0.));
#3382 = PCURVE('',#1621,#3383);
#3383 = DEFINITIONAL_REPRESENTATION('',(#3384),#3388);
#3384 = LINE('',#3385,#3386);
#3385 = CARTESIAN_POINT('',(7.580830226747,1.201783659584));
#3386 = VECTOR('',#3387,1.);
#3387 = DIRECTION('',(4.237223759628E-02,0.999101893443));
#3388 = ( GEOMETRIC_REPRESENTATION_CONTEXT(2) 
PARAMETRIC_REPRESENTATION_CONTEXT() REPRESENTATION_CONTEXT('2D SPACE',''
  ) );
#3389 = PCURVE('',#3390,#3395);
#3390 = PLANE('',#3391);
#3391 = AXIS2_PLACEMENT_3D('',#3392,#3393,#3394);
#3392 = CARTESIAN_POINT('',(1.714532118978,91.626774690651,2.9));
#3393 = DIRECTION('',(-0.999101893443,-4.237223759628E-02,0.));
#3394 = DIRECTION('',(-4.237223759628E-02,0.999101893443,0.));
#3395 = DEFINITIONAL_REPRESENTATION('',(#3396),#3400);
#3396 = LINE('',#3397,#3398);
#3397 = CARTESIAN_POINT('',(0.,0.));
#3398 = VECTOR('',#3399,1.);
#3399 = DIRECTION('',(1.,0.));
#3400 = ( GEOMETRIC_REPRESENTATION_CONTEXT(2) 
PARAMETRIC_REPRESENTATION_CONTEXT() REPRESENTATION_CONTEXT('2D SPACE',''
  ) );
#3401 = ORIENTED_EDGE('',*,*,#3402,.T.);
#3402 = EDGE_CURVE('',#3375,#3403,#3405,.T.);
#3403 = VERTEX_POINT('',#3404);
#3404 = CARTESIAN_POINT('',(1.503602359064,127.29997890387,2.9));
#3405 = SURFACE_CURVE('',#3406,(#3410,#3417),.PCURVE_S1.);
#3406 = LINE('',#3407,#3408);
#3407 = CARTESIAN_POINT('',(1.700115459063,91.966707463511,2.9));
#3408 = VECTOR('',#3409,1.);
#3409 = DIRECTION('',(-5.561615235039E-03,0.999984534098,0.));
#3410 = PCURVE('',#1621,#3411);
#3411 = DEFINITIONAL_REPRESENTATION('',(#3412),#3416);
#3412 = LINE('',#3413,#3414);
#3413 = CARTESIAN_POINT('',(7.595246886662,1.541716432444));
#3414 = VECTOR('',#3415,1.);
#3415 = DIRECTION('',(5.561615235039E-03,0.999984534098));
#3416 = ( GEOMETRIC_REPRESENTATION_CONTEXT(2) 
PARAMETRIC_REPRESENTATION_CONTEXT() REPRESENTATION_CONTEXT('2D SPACE',''
  ) );
#3417 = PCURVE('',#3418,#3423);
#3418 = PLANE('',#3419);
#3419 = AXIS2_PLACEMENT_3D('',#3420,#3421,#3422);
#3420 = CARTESIAN_POINT('',(1.700115459063,91.966707463511,2.9));
#3421 = DIRECTION('',(-0.999984534098,-5.561615235039E-03,0.));
#3422 = DIRECTION('',(-5.561615235039E-03,0.999984534098,0.));
#3423 = DEFINITIONAL_REPRESENTATION('',(#3424),#3428);
#3424 = LINE('',#3425,#3426);
#3425 = CARTESIAN_POINT('',(0.,0.));
#3426 = VECTOR('',#3427,1.);
#3427 = DIRECTION('',(1.,0.));
#3428 = ( GEOMETRIC_REPRESENTATION_CONTEXT(2) 
PARAMETRIC_REPRESENTATION_CONTEXT() REPRESENTATION_CONTEXT('2D SPACE',''
  ) );
#3429 = ORIENTED_EDGE('',*,*,#3430,.T.);
#3430 = EDGE_CURVE('',#3403,#3431,#3433,.T.);
#3431 = VERTEX_POINT('',#3432);
#3432 = CARTESIAN_POINT('',(1.515627386839,128.88526513355,2.9));
#3433 = SURFACE_CURVE('',#3434,(#3438,#3445),.PCURVE_S1.);
#3434 = LINE('',#3435,#3436);
#3435 = CARTESIAN_POINT('',(1.503602359064,127.29997890387,2.9));
#3436 = VECTOR('',#3437,1.);
#3437 = DIRECTION('',(7.585180275156E-03,0.999971232106,0.));
#3438 = PCURVE('',#1621,#3439);
#3439 = DEFINITIONAL_REPRESENTATION('',(#3440),#3444);
#3440 = LINE('',#3441,#3442);
#3441 = CARTESIAN_POINT('',(7.791759986661,36.874987872802));
#3442 = VECTOR('',#3443,1.);
#3443 = DIRECTION('',(-7.585180275156E-03,0.999971232106));
#3444 = ( GEOMETRIC_REPRESENTATION_CONTEXT(2) 
PARAMETRIC_REPRESENTATION_CONTEXT() REPRESENTATION_CONTEXT('2D SPACE',''
  ) );
#3445 = PCURVE('',#3446,#3451);
#3446 = PLANE('',#3447);
#3447 = AXIS2_PLACEMENT_3D('',#3448,#3449,#3450);
#3448 = CARTESIAN_POINT('',(1.503602359064,127.29997890387,2.9));
#3449 = DIRECTION('',(-0.999971232106,7.585180275156E-03,0.));
#3450 = DIRECTION('',(7.585180275156E-03,0.999971232106,0.));
#3451 = DEFINITIONAL_REPRESENTATION('',(#3452),#3456);
#3452 = LINE('',#3453,#3454);
#3453 = CARTESIAN_POINT('',(0.,0.));
#3454 = VECTOR('',#3455,1.);
#3455 = DIRECTION('',(1.,0.));
#3456 = ( GEOMETRIC_REPRESENTATION_CONTEXT(2) 
PARAMETRIC_REPRESENTATION_CONTEXT() REPRESENTATION_CONTEXT('2D SPACE',''
  ) );
#3457 = ORIENTED_EDGE('',*,*,#3458,.T.);
#3458 = EDGE_CURVE('',#3431,#3459,#3461,.T.);
#3459 = VERTEX_POINT('',#3460);
#3460 = CARTESIAN_POINT('',(1.569367777835,130.47067285184,2.9));
#3461 = SURFACE_CURVE('',#3462,(#3466,#3473),.PCURVE_S1.);
#3462 = LINE('',#3463,#3464);
#3463 = CARTESIAN_POINT('',(1.515627386839,128.88526513355,2.9));
#3464 = VECTOR('',#3465,1.);
#3465 = DIRECTION('',(3.387743299412E-02,0.999425995026,0.));
#3466 = PCURVE('',#1621,#3467);
#3467 = DEFINITIONAL_REPRESENTATION('',(#3468),#3472);
#3468 = LINE('',#3469,#3470);
#3469 = CARTESIAN_POINT('',(7.779734958886,38.460274102489));
#3470 = VECTOR('',#3471,1.);
#3471 = DIRECTION('',(-3.387743299412E-02,0.999425995026));
#3472 = ( GEOMETRIC_REPRESENTATION_CONTEXT(2) 
PARAMETRIC_REPRESENTATION_CONTEXT() REPRESENTATION_CONTEXT('2D SPACE',''
  ) );
#3473 = PCURVE('',#3474,#3479);
#3474 = PLANE('',#3475);
#3475 = AXIS2_PLACEMENT_3D('',#3476,#3477,#3478);
#3476 = CARTESIAN_POINT('',(1.515627386839,128.88526513355,2.9));
#3477 = DIRECTION('',(-0.999425995026,3.387743299412E-02,0.));
#3478 = DIRECTION('',(3.387743299412E-02,0.999425995026,0.));
#3479 = DEFINITIONAL_REPRESENTATION('',(#3480),#3484);
#3480 = LINE('',#3481,#3482);
#3481 = CARTESIAN_POINT('',(0.,0.));
#3482 = VECTOR('',#3483,1.);
#3483 = DIRECTION('',(1.,0.));
#3484 = ( GEOMETRIC_REPRESENTATION_CONTEXT(2) 
PARAMETRIC_REPRESENTATION_CONTEXT() REPRESENTATION_CONTEXT('2D SPACE',''
  ) );
#3485 = ORIENTED_EDGE('',*,*,#3486,.T.);
#3486 = EDGE_CURVE('',#3459,#3487,#3489,.T.);
#3487 = VERTEX_POINT('',#3488);
#3488 = CARTESIAN_POINT('',(1.695156086023,132.44954464918,2.9));
#3489 = SURFACE_CURVE('',#3490,(#3494,#3501),.PCURVE_S1.);
#3490 = LINE('',#3491,#3492);
#3491 = CARTESIAN_POINT('',(1.569367777835,130.47067285184,2.9));
#3492 = VECTOR('',#3493,1.);
#3493 = DIRECTION('',(6.343763458828E-02,0.997985804768,0.));
#3494 = PCURVE('',#1621,#3495);
#3495 = DEFINITIONAL_REPRESENTATION('',(#3496),#3500);
#3496 = LINE('',#3497,#3498);
#3497 = CARTESIAN_POINT('',(7.725994567889,40.045681820778));
#3498 = VECTOR('',#3499,1.);
#3499 = DIRECTION('',(-6.343763458828E-02,0.997985804768));
#3500 = ( GEOMETRIC_REPRESENTATION_CONTEXT(2) 
PARAMETRIC_REPRESENTATION_CONTEXT() REPRESENTATION_CONTEXT('2D SPACE',''
  ) );
#3501 = PCURVE('',#3502,#3507);
#3502 = PLANE('',#3503);
#3503 = AXIS2_PLACEMENT_3D('',#3504,#3505,#3506);
#3504 = CARTESIAN_POINT('',(1.569367777835,130.47067285184,2.9));
#3505 = DIRECTION('',(-0.997985804768,6.343763458828E-02,0.));
#3506 = DIRECTION('',(6.343763458828E-02,0.997985804768,0.));
#3507 = DEFINITIONAL_REPRESENTATION('',(#3508),#3512);
#3508 = LINE('',#3509,#3510);
#3509 = CARTESIAN_POINT('',(0.,0.));
#3510 = VECTOR('',#3511,1.);
#3511 = DIRECTION('',(1.,0.));
#3512 = ( GEOMETRIC_REPRESENTATION_CONTEXT(2) 
PARAMETRIC_REPRESENTATION_CONTEXT() REPRESENTATION_CONTEXT('2D SPACE',''
  ) );
#3513 = ORIENTED_EDGE('',*,*,#3514,.T.);
#3514 = EDGE_CURVE('',#3487,#3515,#3517,.T.);
#3515 = VERTEX_POINT('',#3516);
#3516 = CARTESIAN_POINT('',(1.842801351218,134.03095850193,2.9));
#3517 = SURFACE_CURVE('',#3518,(#3522,#3529),.PCURVE_S1.);
#3518 = LINE('',#3519,#3520);
#3519 = CARTESIAN_POINT('',(1.695156086023,132.44954464918,2.9));
#3520 = VECTOR('',#3521,1.);
#3521 = DIRECTION('',(9.295856220048E-02,0.995669978313,0.));
#3522 = PCURVE('',#1621,#3523);
#3523 = DEFINITIONAL_REPRESENTATION('',(#3524),#3528);
#3524 = LINE('',#3525,#3526);
#3525 = CARTESIAN_POINT('',(7.600206259702,42.02455361812));
#3526 = VECTOR('',#3527,1.);
#3527 = DIRECTION('',(-9.295856220048E-02,0.995669978313));
#3528 = ( GEOMETRIC_REPRESENTATION_CONTEXT(2) 
PARAMETRIC_REPRESENTATION_CONTEXT() REPRESENTATION_CONTEXT('2D SPACE',''
  ) );
#3529 = PCURVE('',#3530,#3535);
#3530 = PLANE('',#3531);
#3531 = AXIS2_PLACEMENT_3D('',#3532,#3533,#3534);
#3532 = CARTESIAN_POINT('',(1.695156086023,132.44954464918,2.9));
#3533 = DIRECTION('',(-0.995669978313,9.295856220048E-02,0.));
#3534 = DIRECTION('',(9.295856220048E-02,0.995669978313,0.));
#3535 = DEFINITIONAL_REPRESENTATION('',(#3536),#3540);
#3536 = LINE('',#3537,#3538);
#3537 = CARTESIAN_POINT('',(0.,0.));
#3538 = VECTOR('',#3539,1.);
#3539 = DIRECTION('',(1.,0.));
#3540 = ( GEOMETRIC_REPRESENTATION_CONTEXT(2) 
PARAMETRIC_REPRESENTATION_CONTEXT() REPRESENTATION_CONTEXT('2D SPACE',''
  ) );
#3541 = ORIENTED_EDGE('',*,*,#3542,.T.);
#3542 = EDGE_CURVE('',#3515,#3543,#3545,.T.);
#3543 = VERTEX_POINT('',#3544);
#3544 = CARTESIAN_POINT('',(2.085500103102,135.99891520994,2.9));
#3545 = SURFACE_CURVE('',#3546,(#3550,#3557),.PCURVE_S1.);
#3546 = LINE('',#3547,#3548);
#3547 = CARTESIAN_POINT('',(1.842801351218,134.03095850193,2.9));
#3548 = VECTOR('',#3549,1.);
#3549 = DIRECTION('',(0.122397979263,0.992481100411,0.));
#3550 = PCURVE('',#1621,#3551);
#3551 = DEFINITIONAL_REPRESENTATION('',(#3552),#3556);
#3552 = LINE('',#3553,#3554);
#3553 = CARTESIAN_POINT('',(7.452560994507,43.605967470865));
#3554 = VECTOR('',#3555,1.);
#3555 = DIRECTION('',(-0.122397979263,0.992481100411));
#3556 = ( GEOMETRIC_REPRESENTATION_CONTEXT(2) 
PARAMETRIC_REPRESENTATION_CONTEXT() REPRESENTATION_CONTEXT('2D SPACE',''
  ) );
#3557 = PCURVE('',#3558,#3563);
#3558 = PLANE('',#3559);
#3559 = AXIS2_PLACEMENT_3D('',#3560,#3561,#3562);
#3560 = CARTESIAN_POINT('',(1.842801351218,134.03095850193,2.9));
#3561 = DIRECTION('',(-0.992481100411,0.122397979263,0.));
#3562 = DIRECTION('',(0.122397979263,0.992481100411,0.));
#3563 = DEFINITIONAL_REPRESENTATION('',(#3564),#3568);
#3564 = LINE('',#3565,#3566);
#3565 = CARTESIAN_POINT('',(0.,0.));
#3566 = VECTOR('',#3567,1.);
#3567 = DIRECTION('',(1.,0.));
#3568 = ( GEOMETRIC_REPRESENTATION_CONTEXT(2) 
PARAMETRIC_REPRESENTATION_CONTEXT() REPRESENTATION_CONTEXT('2D SPACE',''
  ) );
#3569 = ORIENTED_EDGE('',*,*,#3570,.T.);
#3570 = EDGE_CURVE('',#3543,#3571,#3573,.T.);
#3571 = VERTEX_POINT('',#3572);
#3572 = CARTESIAN_POINT('',(2.392771890886,137.95782825988,2.9));
#3573 = SURFACE_CURVE('',#3574,(#3578,#3585),.PCURVE_S1.);
#3574 = LINE('',#3575,#3576);
#3575 = CARTESIAN_POINT('',(2.085500103102,135.99891520994,2.9));
#3576 = VECTOR('',#3577,1.);
#3577 = DIRECTION('',(0.154963491231,0.987920197377,0.));
#3578 = PCURVE('',#1621,#3579);
#3579 = DEFINITIONAL_REPRESENTATION('',(#3580),#3584);
#3580 = LINE('',#3581,#3582);
#3581 = CARTESIAN_POINT('',(7.209862242623,45.573924178881));
#3582 = VECTOR('',#3583,1.);
#3583 = DIRECTION('',(-0.154963491231,0.987920197377));
#3584 = ( GEOMETRIC_REPRESENTATION_CONTEXT(2) 
PARAMETRIC_REPRESENTATION_CONTEXT() REPRESENTATION_CONTEXT('2D SPACE',''
  ) );
#3585 = PCURVE('',#3586,#3591);
#3586 = PLANE('',#3587);
#3587 = AXIS2_PLACEMENT_3D('',#3588,#3589,#3590);
#3588 = CARTESIAN_POINT('',(2.085500103102,135.99891520994,2.9));
#3589 = DIRECTION('',(-0.987920197377,0.154963491231,0.));
#3590 = DIRECTION('',(0.154963491231,0.987920197377,0.));
#3591 = DEFINITIONAL_REPRESENTATION('',(#3592),#3596);
#3592 = LINE('',#3593,#3594);
#3593 = CARTESIAN_POINT('',(0.,0.));
#3594 = VECTOR('',#3595,1.);
#3595 = DIRECTION('',(1.,0.));
#3596 = ( GEOMETRIC_REPRESENTATION_CONTEXT(2) 
PARAMETRIC_REPRESENTATION_CONTEXT() REPRESENTATION_CONTEXT('2D SPACE',''
  ) );
#3597 = ORIENTED_EDGE('',*,*,#3598,.T.);
#3598 = EDGE_CURVE('',#3571,#3599,#3601,.T.);
#3599 = VERTEX_POINT('',#3600);
#3600 = CARTESIAN_POINT('',(2.76428445716,139.90557945085,2.9));
#3601 = SURFACE_CURVE('',#3602,(#3606,#3613),.PCURVE_S1.);
#3602 = LINE('',#3603,#3604);
#3603 = CARTESIAN_POINT('',(2.392771890886,137.95782825988,2.9));
#3604 = VECTOR('',#3605,1.);
#3605 = DIRECTION('',(0.187361438943,0.982291042002,0.));
#3606 = PCURVE('',#1621,#3607);
#3607 = DEFINITIONAL_REPRESENTATION('',(#3608),#3612);
#3608 = LINE('',#3609,#3610);
#3609 = CARTESIAN_POINT('',(6.902590454838,47.532837228821));
#3610 = VECTOR('',#3611,1.);
#3611 = DIRECTION('',(-0.187361438943,0.982291042002));
#3612 = ( GEOMETRIC_REPRESENTATION_CONTEXT(2) 
PARAMETRIC_REPRESENTATION_CONTEXT() REPRESENTATION_CONTEXT('2D SPACE',''
  ) );
#3613 = PCURVE('',#3614,#3619);
#3614 = PLANE('',#3615);
#3615 = AXIS2_PLACEMENT_3D('',#3616,#3617,#3618);
#3616 = CARTESIAN_POINT('',(2.392771890886,137.95782825988,2.9));
#3617 = DIRECTION('',(-0.982291042002,0.187361438943,0.));
#3618 = DIRECTION('',(0.187361438943,0.982291042002,0.));
#3619 = DEFINITIONAL_REPRESENTATION('',(#3620),#3624);
#3620 = LINE('',#3621,#3622);
#3621 = CARTESIAN_POINT('',(0.,0.));
#3622 = VECTOR('',#3623,1.);
#3623 = DIRECTION('',(1.,0.));
#3624 = ( GEOMETRIC_REPRESENTATION_CONTEXT(2) 
PARAMETRIC_REPRESENTATION_CONTEXT() REPRESENTATION_CONTEXT('2D SPACE',''
  ) );
#3625 = ORIENTED_EDGE('',*,*,#3626,.T.);
#3626 = EDGE_CURVE('',#3599,#3627,#3629,.T.);
#3627 = VERTEX_POINT('',#3628);
#3628 = CARTESIAN_POINT('',(3.199636080033,141.84006265141,2.9));
#3629 = SURFACE_CURVE('',#3630,(#3634,#3641),.PCURVE_S1.);
#3630 = LINE('',#3631,#3632);
#3631 = CARTESIAN_POINT('',(2.76428445716,139.90557945085,2.9));
#3632 = VECTOR('',#3633,1.);
#3633 = DIRECTION('',(0.219556790032,0.975599721172,0.));
#3634 = PCURVE('',#1621,#3635);
#3635 = DEFINITIONAL_REPRESENTATION('',(#3636),#3640);
#3636 = LINE('',#3637,#3638);
#3637 = CARTESIAN_POINT('',(6.531077888565,49.480588419782));
#3638 = VECTOR('',#3639,1.);
#3639 = DIRECTION('',(-0.219556790032,0.975599721172));
#3640 = ( GEOMETRIC_REPRESENTATION_CONTEXT(2) 
PARAMETRIC_REPRESENTATION_CONTEXT() REPRESENTATION_CONTEXT('2D SPACE',''
  ) );
#3641 = PCURVE('',#3642,#3647);
#3642 = PLANE('',#3643);
#3643 = AXIS2_PLACEMENT_3D('',#3644,#3645,#3646);
#3644 = CARTESIAN_POINT('',(2.76428445716,139.90557945085,2.9));
#3645 = DIRECTION('',(-0.975599721172,0.219556790032,0.));
#3646 = DIRECTION('',(0.219556790032,0.975599721172,0.));
#3647 = DEFINITIONAL_REPRESENTATION('',(#3648),#3652);
#3648 = LINE('',#3649,#3650);
#3649 = CARTESIAN_POINT('',(0.,0.));
#3650 = VECTOR('',#3651,1.);
#3651 = DIRECTION('',(1.,0.));
#3652 = ( GEOMETRIC_REPRESENTATION_CONTEXT(2) 
PARAMETRIC_REPRESENTATION_CONTEXT() REPRESENTATION_CONTEXT('2D SPACE',''
  ) );
#3653 = ORIENTED_EDGE('',*,*,#3654,.T.);
#3654 = EDGE_CURVE('',#3627,#3655,#3657,.T.);
#3655 = VERTEX_POINT('',#3656);
#3656 = CARTESIAN_POINT('',(3.698356007524,143.75918607701,2.9));
#3657 = SURFACE_CURVE('',#3658,(#3662,#3669),.PCURVE_S1.);
#3658 = LINE('',#3659,#3660);
#3659 = CARTESIAN_POINT('',(3.199636080033,141.84006265141,2.9));
#3660 = VECTOR('',#3661,1.);
#3661 = DIRECTION('',(0.251514731202,0.967853470309,0.));
#3662 = PCURVE('',#1621,#3663);
#3663 = DEFINITIONAL_REPRESENTATION('',(#3664),#3668);
#3664 = LINE('',#3665,#3666);
#3665 = CARTESIAN_POINT('',(6.095726265692,51.415071620344));
#3666 = VECTOR('',#3667,1.);
#3667 = DIRECTION('',(-0.251514731202,0.967853470309));
#3668 = ( GEOMETRIC_REPRESENTATION_CONTEXT(2) 
PARAMETRIC_REPRESENTATION_CONTEXT() REPRESENTATION_CONTEXT('2D SPACE',''
  ) );
#3669 = PCURVE('',#3670,#3675);
#3670 = PLANE('',#3671);
#3671 = AXIS2_PLACEMENT_3D('',#3672,#3673,#3674);
#3672 = CARTESIAN_POINT('',(3.199636080033,141.84006265141,2.9));
#3673 = DIRECTION('',(-0.967853470309,0.251514731202,0.));
#3674 = DIRECTION('',(0.251514731202,0.967853470309,0.));
#3675 = DEFINITIONAL_REPRESENTATION('',(#3676),#3680);
#3676 = LINE('',#3677,#3678);
#3677 = CARTESIAN_POINT('',(0.,0.));
#3678 = VECTOR('',#3679,1.);
#3679 = DIRECTION('',(1.,0.));
#3680 = ( GEOMETRIC_REPRESENTATION_CONTEXT(2) 
PARAMETRIC_REPRESENTATION_CONTEXT() REPRESENTATION_CONTEXT('2D SPACE',''
  ) );
#3681 = ORIENTED_EDGE('',*,*,#3682,.T.);
#3682 = EDGE_CURVE('',#3655,#2712,#3683,.T.);
#3683 = SURFACE_CURVE('',#3684,(#3688,#3695),.PCURVE_S1.);
#3684 = LINE('',#3685,#3686);
#3685 = CARTESIAN_POINT('',(3.698356007524,143.75918607701,2.9));
#3686 = VECTOR('',#3687,1.);
#3687 = DIRECTION('',(0.283207802942,0.959058569824,0.));
#3688 = PCURVE('',#1621,#3689);
#3689 = DEFINITIONAL_REPRESENTATION('',(#3690),#3694);
#3690 = LINE('',#3691,#3692);
#3691 = CARTESIAN_POINT('',(5.597006338201,53.334195045951));
#3692 = VECTOR('',#3693,1.);
#3693 = DIRECTION('',(-0.283207802942,0.959058569824));
#3694 = ( GEOMETRIC_REPRESENTATION_CONTEXT(2) 
PARAMETRIC_REPRESENTATION_CONTEXT() REPRESENTATION_CONTEXT('2D SPACE',''
  ) );
#3695 = PCURVE('',#3696,#3701);
#3696 = PLANE('',#3697);
#3697 = AXIS2_PLACEMENT_3D('',#3698,#3699,#3700);
#3698 = CARTESIAN_POINT('',(3.698356007524,143.75918607701,2.9));
#3699 = DIRECTION('',(-0.959058569824,0.283207802942,0.));
#3700 = DIRECTION('',(0.283207802942,0.959058569824,0.));
#3701 = DEFINITIONAL_REPRESENTATION('',(#3702),#3706);
#3702 = LINE('',#3703,#3704);
#3703 = CARTESIAN_POINT('',(0.,0.));
#3704 = VECTOR('',#3705,1.);
#3705 = DIRECTION('',(1.,0.));
#3706 = ( GEOMETRIC_REPRESENTATION_CONTEXT(2) 
PARAMETRIC_REPRESENTATION_CONTEXT() REPRESENTATION_CONTEXT('2D SPACE',''
  ) );
#3707 = FACE_BOUND('',#3708,.F.);
#3708 = EDGE_LOOP('',(#3709));
#3709 = ORIENTED_EDGE('',*,*,#1606,.F.);
#3710 = ADVANCED_FACE('',(#3711),#1656,.T.);
#3711 = FACE_BOUND('',#3712,.F.);
#3712 = EDGE_LOOP('',(#3713,#3714,#3715,#3716));
#3713 = ORIENTED_EDGE('',*,*,#1730,.T.);
#3714 = ORIENTED_EDGE('',*,*,#1766,.T.);
#3715 = ORIENTED_EDGE('',*,*,#2017,.F.);
#3716 = ORIENTED_EDGE('',*,*,#1642,.F.);
#3717 = ADVANCED_FACE('',(#3718),#1691,.F.);
#3718 = FACE_BOUND('',#3719,.F.);
#3719 = EDGE_LOOP('',(#3720,#3751,#3772,#3773,#3774));
#3720 = ORIENTED_EDGE('',*,*,#3721,.T.);
#3721 = EDGE_CURVE('',#3722,#3724,#3726,.T.);
#3722 = VERTEX_POINT('',#3723);
#3723 = CARTESIAN_POINT('',(7.5,189.7,6.5));
#3724 = VERTEX_POINT('',#3725);
#3725 = CARTESIAN_POINT('',(5.,189.7,4.));
#3726 = SURFACE_CURVE('',#3727,(#3732,#3739),.PCURVE_S1.);
#3727 = CIRCLE('',#3728,2.5);
#3728 = AXIS2_PLACEMENT_3D('',#3729,#3730,#3731);
#3729 = CARTESIAN_POINT('',(5.,189.7,6.5));
#3730 = DIRECTION('',(-0.,1.,0.));
#3731 = DIRECTION('',(0.,0.,1.));
#3732 = PCURVE('',#1691,#3733);
#3733 = DEFINITIONAL_REPRESENTATION('',(#3734),#3738);
#3734 = LINE('',#3735,#3736);
#3735 = CARTESIAN_POINT('',(-3.14159265359,-0.8));
#3736 = VECTOR('',#3737,1.);
#3737 = DIRECTION('',(1.,-0.));
#3738 = ( GEOMETRIC_REPRESENTATION_CONTEXT(2) 
PARAMETRIC_REPRESENTATION_CONTEXT() REPRESENTATION_CONTEXT('2D SPACE',''
  ) );
#3739 = PCURVE('',#3740,#3745);
#3740 = CYLINDRICAL_SURFACE('',#3741,2.5);
#3741 = AXIS2_PLACEMENT_3D('',#3742,#3743,#3744);
#3742 = CARTESIAN_POINT('',(5.,190.,6.5));
#3743 = DIRECTION('',(-0.,1.,-0.));
#3744 = DIRECTION('',(1.,0.,0.));
#3745 = DEFINITIONAL_REPRESENTATION('',(#3746),#3750);
#3746 = LINE('',#3747,#3748);
#3747 = CARTESIAN_POINT('',(-7.853981633974,-0.3));
#3748 = VECTOR('',#3749,1.);
#3749 = DIRECTION('',(1.,-0.));
#3750 = ( GEOMETRIC_REPRESENTATION_CONTEXT(2) 
PARAMETRIC_REPRESENTATION_CONTEXT() REPRESENTATION_CONTEXT('2D SPACE',''
  ) );
#3751 = ORIENTED_EDGE('',*,*,#3752,.F.);
#3752 = EDGE_CURVE('',#1671,#3724,#3753,.T.);
#3753 = SEAM_CURVE('',#3754,(#3758,#3765),.PCURVE_S1.);
#3754 = LINE('',#3755,#3756);
#3755 = CARTESIAN_POINT('',(5.,190.5,3.2));
#3756 = VECTOR('',#3757,1.);
#3757 = DIRECTION('',(1.731912112471E-16,-0.707106781187,0.707106781187)
  );
#3758 = PCURVE('',#1691,#3759);
#3759 = DEFINITIONAL_REPRESENTATION('',(#3760),#3764);
#3760 = LINE('',#3761,#3762);
#3761 = CARTESIAN_POINT('',(-6.28318530718,0.));
#3762 = VECTOR('',#3763,1.);
#3763 = DIRECTION('',(-0.,-1.));
#3764 = ( GEOMETRIC_REPRESENTATION_CONTEXT(2) 
PARAMETRIC_REPRESENTATION_CONTEXT() REPRESENTATION_CONTEXT('2D SPACE',''
  ) );
#3765 = PCURVE('',#1691,#3766);
#3766 = DEFINITIONAL_REPRESENTATION('',(#3767),#3771);
#3767 = LINE('',#3768,#3769);
#3768 = CARTESIAN_POINT('',(0.,-0.));
#3769 = VECTOR('',#3770,1.);
#3770 = DIRECTION('',(-0.,-1.));
#3771 = ( GEOMETRIC_REPRESENTATION_CONTEXT(2) 
PARAMETRIC_REPRESENTATION_CONTEXT() REPRESENTATION_CONTEXT('2D SPACE',''
  ) );
#3772 = ORIENTED_EDGE('',*,*,#1670,.T.);
#3773 = ORIENTED_EDGE('',*,*,#3752,.T.);
#3774 = ORIENTED_EDGE('',*,*,#3775,.T.);
#3775 = EDGE_CURVE('',#3724,#3722,#3776,.T.);
#3776 = SURFACE_CURVE('',#3777,(#3782,#3789),.PCURVE_S1.);
#3777 = CIRCLE('',#3778,2.5);
#3778 = AXIS2_PLACEMENT_3D('',#3779,#3780,#3781);
#3779 = CARTESIAN_POINT('',(5.,189.7,6.5));
#3780 = DIRECTION('',(-0.,1.,0.));
#3781 = DIRECTION('',(0.,0.,1.));
#3782 = PCURVE('',#1691,#3783);
#3783 = DEFINITIONAL_REPRESENTATION('',(#3784),#3788);
#3784 = LINE('',#3785,#3786);
#3785 = CARTESIAN_POINT('',(-9.424777960769,-0.8));
#3786 = VECTOR('',#3787,1.);
#3787 = DIRECTION('',(1.,-0.));
#3788 = ( GEOMETRIC_REPRESENTATION_CONTEXT(2) 
PARAMETRIC_REPRESENTATION_CONTEXT() REPRESENTATION_CONTEXT('2D SPACE',''
  ) );
#3789 = PCURVE('',#3740,#3790);
#3790 = DEFINITIONAL_REPRESENTATION('',(#3791),#3795);
#3791 = LINE('',#3792,#3793);
#3792 = CARTESIAN_POINT('',(-7.853981633974,-0.3));
#3793 = VECTOR('',#3794,1.);
#3794 = DIRECTION('',(1.,-0.));
#3795 = ( GEOMETRIC_REPRESENTATION_CONTEXT(2) 
PARAMETRIC_REPRESENTATION_CONTEXT() REPRESENTATION_CONTEXT('2D SPACE',''
  ) );
#3796 = ADVANCED_FACE('',(#3797),#1829,.F.);
#3797 = FACE_BOUND('',#3798,.F.);
#3798 = EDGE_LOOP('',(#3799,#3800,#3801,#3824));
#3799 = ORIENTED_EDGE('',*,*,#2735,.F.);
#3800 = ORIENTED_EDGE('',*,*,#1812,.F.);
#3801 = ORIENTED_EDGE('',*,*,#3802,.T.);
#3802 = EDGE_CURVE('',#1813,#3803,#3805,.T.);
#3803 = VERTEX_POINT('',#3804);
#3804 = CARTESIAN_POINT('',(7.925948135652,87.416696397827,10.1));
#3805 = SURFACE_CURVE('',#3806,(#3810,#3817),.PCURVE_S1.);
#3806 = LINE('',#3807,#3808);
#3807 = CARTESIAN_POINT('',(12.744029905032,88.931345860878,10.1));
#3808 = VECTOR('',#3809,1.);
#3809 = DIRECTION('',(-0.953971332923,-0.299897809199,0.));
#3810 = PCURVE('',#1829,#3811);
#3811 = DEFINITIONAL_REPRESENTATION('',(#3812),#3816);
#3812 = LINE('',#3813,#3814);
#3813 = CARTESIAN_POINT('',(0.,-7.2));
#3814 = VECTOR('',#3815,1.);
#3815 = DIRECTION('',(1.,0.));
#3816 = ( GEOMETRIC_REPRESENTATION_CONTEXT(2) 
PARAMETRIC_REPRESENTATION_CONTEXT() REPRESENTATION_CONTEXT('2D SPACE',''
  ) );
#3817 = PCURVE('',#1855,#3818);
#3818 = DEFINITIONAL_REPRESENTATION('',(#3819),#3823);
#3819 = LINE('',#3820,#3821);
#3820 = CARTESIAN_POINT('',(-3.448667559308,-1.49364517019));
#3821 = VECTOR('',#3822,1.);
#3822 = DIRECTION('',(0.953971332923,-0.299897809199));
#3823 = ( GEOMETRIC_REPRESENTATION_CONTEXT(2) 
PARAMETRIC_REPRESENTATION_CONTEXT() REPRESENTATION_CONTEXT('2D SPACE',''
  ) );
#3824 = ORIENTED_EDGE('',*,*,#3825,.F.);
#3825 = EDGE_CURVE('',#2736,#3803,#3826,.T.);
#3826 = SURFACE_CURVE('',#3827,(#3831,#3838),.PCURVE_S1.);
#3827 = LINE('',#3828,#3829);
#3828 = CARTESIAN_POINT('',(7.925948135652,87.416696397827,2.9));
#3829 = VECTOR('',#3830,1.);
#3830 = DIRECTION('',(0.,0.,1.));
#3831 = PCURVE('',#1829,#3832);
#3832 = DEFINITIONAL_REPRESENTATION('',(#3833),#3837);
#3833 = LINE('',#3834,#3835);
#3834 = CARTESIAN_POINT('',(5.050551943338,0.));
#3835 = VECTOR('',#3836,1.);
#3836 = DIRECTION('',(0.,-1.));
#3837 = ( GEOMETRIC_REPRESENTATION_CONTEXT(2) 
PARAMETRIC_REPRESENTATION_CONTEXT() REPRESENTATION_CONTEXT('2D SPACE',''
  ) );
#3838 = PCURVE('',#2774,#3839);
#3839 = DEFINITIONAL_REPRESENTATION('',(#3840),#3844);
#3840 = LINE('',#3841,#3842);
#3841 = CARTESIAN_POINT('',(0.,0.));
#3842 = VECTOR('',#3843,1.);
#3843 = DIRECTION('',(0.,-1.));
#3844 = ( GEOMETRIC_REPRESENTATION_CONTEXT(2) 
PARAMETRIC_REPRESENTATION_CONTEXT() REPRESENTATION_CONTEXT('2D SPACE',''
  ) );
#3845 = ADVANCED_FACE('',(#3846),#1881,.F.);
#3846 = FACE_BOUND('',#3847,.F.);
#3847 = EDGE_LOOP('',(#3848,#3849,#3872,#3893));
#3848 = ORIENTED_EDGE('',*,*,#2711,.F.);
#3849 = ORIENTED_EDGE('',*,*,#3850,.T.);
#3850 = EDGE_CURVE('',#2712,#3851,#3853,.T.);
#3851 = VERTEX_POINT('',#3852);
#3852 = CARTESIAN_POINT('',(4.259360146031,145.65897775349,10.1));
#3853 = SURFACE_CURVE('',#3854,(#3858,#3865),.PCURVE_S1.);
#3854 = LINE('',#3855,#3856);
#3855 = CARTESIAN_POINT('',(4.259360146031,145.65897775349,2.9));
#3856 = VECTOR('',#3857,1.);
#3857 = DIRECTION('',(0.,0.,1.));
#3858 = PCURVE('',#1881,#3859);
#3859 = DEFINITIONAL_REPRESENTATION('',(#3860),#3864);
#3860 = LINE('',#3861,#3862);
#3861 = CARTESIAN_POINT('',(0.,0.));
#3862 = VECTOR('',#3863,1.);
#3863 = DIRECTION('',(0.,-1.));
#3864 = ( GEOMETRIC_REPRESENTATION_CONTEXT(2) 
PARAMETRIC_REPRESENTATION_CONTEXT() REPRESENTATION_CONTEXT('2D SPACE',''
  ) );
#3865 = PCURVE('',#3696,#3866);
#3866 = DEFINITIONAL_REPRESENTATION('',(#3867),#3871);
#3867 = LINE('',#3868,#3869);
#3868 = CARTESIAN_POINT('',(1.980892237708,0.));
#3869 = VECTOR('',#3870,1.);
#3870 = DIRECTION('',(0.,-1.));
#3871 = ( GEOMETRIC_REPRESENTATION_CONTEXT(2) 
PARAMETRIC_REPRESENTATION_CONTEXT() REPRESENTATION_CONTEXT('2D SPACE',''
  ) );
#3872 = ORIENTED_EDGE('',*,*,#3873,.T.);
#3873 = EDGE_CURVE('',#3851,#1841,#3874,.T.);
#3874 = SURFACE_CURVE('',#3875,(#3879,#3886),.PCURVE_S1.);
#3875 = LINE('',#3876,#3877);
#3876 = CARTESIAN_POINT('',(4.259360146031,145.65897775349,10.1));
#3877 = VECTOR('',#3878,1.);
#3878 = DIRECTION('',(0.298914058408,0.954280035255,0.));
#3879 = PCURVE('',#1881,#3880);
#3880 = DEFINITIONAL_REPRESENTATION('',(#3881),#3885);
#3881 = LINE('',#3882,#3883);
#3882 = CARTESIAN_POINT('',(0.,-7.2));
#3883 = VECTOR('',#3884,1.);
#3884 = DIRECTION('',(1.,0.));
#3885 = ( GEOMETRIC_REPRESENTATION_CONTEXT(2) 
PARAMETRIC_REPRESENTATION_CONTEXT() REPRESENTATION_CONTEXT('2D SPACE',''
  ) );
#3886 = PCURVE('',#1855,#3887);
#3887 = DEFINITIONAL_REPRESENTATION('',(#3888),#3892);
#3888 = LINE('',#3889,#3890);
#3889 = CARTESIAN_POINT('',(5.036002199694,55.233986722422));
#3890 = VECTOR('',#3891,1.);
#3891 = DIRECTION('',(-0.298914058408,0.954280035255));
#3892 = ( GEOMETRIC_REPRESENTATION_CONTEXT(2) 
PARAMETRIC_REPRESENTATION_CONTEXT() REPRESENTATION_CONTEXT('2D SPACE',''
  ) );
#3893 = ORIENTED_EDGE('',*,*,#1866,.F.);
#3894 = ADVANCED_FACE('',(#3895,#4680),#1855,.T.);
#3895 = FACE_BOUND('',#3896,.T.);
#3896 = EDGE_LOOP('',(#3897,#3898,#3899,#3900,#3923,#3946,#3969,#3992,
    #4015,#4038,#4061,#4084,#4107,#4130,#4153,#4176,#4199,#4222,#4245,
    #4268,#4291,#4314,#4337,#4360,#4383,#4406,#4429,#4452,#4475,#4498,
    #4521,#4544,#4567,#4590,#4613,#4636,#4659));
#3897 = ORIENTED_EDGE('',*,*,#3873,.T.);
#3898 = ORIENTED_EDGE('',*,*,#1840,.F.);
#3899 = ORIENTED_EDGE('',*,*,#3802,.T.);
#3900 = ORIENTED_EDGE('',*,*,#3901,.T.);
#3901 = EDGE_CURVE('',#3803,#3902,#3904,.T.);
#3902 = VERTEX_POINT('',#3903);
#3903 = CARTESIAN_POINT('',(7.548816647979,87.315986382305,10.1));
#3904 = SURFACE_CURVE('',#3905,(#3909,#3916),.PCURVE_S1.);
#3905 = LINE('',#3906,#3907);
#3906 = CARTESIAN_POINT('',(7.925948135652,87.416696397827,10.1));
#3907 = VECTOR('',#3908,1.);
#3908 = DIRECTION('',(-0.966144555962,-0.258001350744,0.));
#3909 = PCURVE('',#1855,#3910);
#3910 = DEFINITIONAL_REPRESENTATION('',(#3911),#3915);
#3911 = LINE('',#3912,#3913);
#3912 = CARTESIAN_POINT('',(1.369414210073,-3.00829463324));
#3913 = VECTOR('',#3914,1.);
#3914 = DIRECTION('',(0.966144555962,-0.258001350744));
#3915 = ( GEOMETRIC_REPRESENTATION_CONTEXT(2) 
PARAMETRIC_REPRESENTATION_CONTEXT() REPRESENTATION_CONTEXT('2D SPACE',''
  ) );
#3916 = PCURVE('',#2774,#3917);
#3917 = DEFINITIONAL_REPRESENTATION('',(#3918),#3922);
#3918 = LINE('',#3919,#3920);
#3919 = CARTESIAN_POINT('',(0.,-7.2));
#3920 = VECTOR('',#3921,1.);
#3921 = DIRECTION('',(1.,0.));
#3922 = ( GEOMETRIC_REPRESENTATION_CONTEXT(2) 
PARAMETRIC_REPRESENTATION_CONTEXT() REPRESENTATION_CONTEXT('2D SPACE',''
  ) );
#3923 = ORIENTED_EDGE('',*,*,#3924,.T.);
#3924 = EDGE_CURVE('',#3902,#3925,#3927,.T.);
#3925 = VERTEX_POINT('',#3926);
#3926 = CARTESIAN_POINT('',(7.038078234802,87.230254537857,10.1));
#3927 = SURFACE_CURVE('',#3928,(#3932,#3939),.PCURVE_S1.);
#3928 = LINE('',#3929,#3930);
#3929 = CARTESIAN_POINT('',(7.548816647979,87.315986382305,10.1));
#3930 = VECTOR('',#3931,1.);
#3931 = DIRECTION('',(-0.986202638144,-0.165542612395,0.));
#3932 = PCURVE('',#1855,#3933);
#3933 = DEFINITIONAL_REPRESENTATION('',(#3934),#3938);
#3934 = LINE('',#3935,#3936);
#3935 = CARTESIAN_POINT('',(1.746545697746,-3.109004648763));
#3936 = VECTOR('',#3937,1.);
#3937 = DIRECTION('',(0.986202638144,-0.165542612395));
#3938 = ( GEOMETRIC_REPRESENTATION_CONTEXT(2) 
PARAMETRIC_REPRESENTATION_CONTEXT() REPRESENTATION_CONTEXT('2D SPACE',''
  ) );
#3939 = PCURVE('',#2802,#3940);
#3940 = DEFINITIONAL_REPRESENTATION('',(#3941),#3945);
#3941 = LINE('',#3942,#3943);
#3942 = CARTESIAN_POINT('',(0.,-7.2));
#3943 = VECTOR('',#3944,1.);
#3944 = DIRECTION('',(1.,0.));
#3945 = ( GEOMETRIC_REPRESENTATION_CONTEXT(2) 
PARAMETRIC_REPRESENTATION_CONTEXT() REPRESENTATION_CONTEXT('2D SPACE',''
  ) );
#3946 = ORIENTED_EDGE('',*,*,#3947,.T.);
#3947 = EDGE_CURVE('',#3925,#3948,#3950,.T.);
#3948 = VERTEX_POINT('',#3949);
#3949 = CARTESIAN_POINT('',(6.521291312166,87.20004722209,10.1));
#3950 = SURFACE_CURVE('',#3951,(#3955,#3962),.PCURVE_S1.);
#3951 = LINE('',#3952,#3953);
#3952 = CARTESIAN_POINT('',(7.038078234802,87.230254537857,10.1));
#3953 = VECTOR('',#3954,1.);
#3954 = DIRECTION('',(-0.998296037207,-5.835256718712E-02,0.));
#3955 = PCURVE('',#1855,#3956);
#3956 = DEFINITIONAL_REPRESENTATION('',(#3957),#3961);
#3957 = LINE('',#3958,#3959);
#3958 = CARTESIAN_POINT('',(2.257284110923,-3.194736493211));
#3959 = VECTOR('',#3960,1.);
#3960 = DIRECTION('',(0.998296037207,-5.835256718712E-02));
#3961 = ( GEOMETRIC_REPRESENTATION_CONTEXT(2) 
PARAMETRIC_REPRESENTATION_CONTEXT() REPRESENTATION_CONTEXT('2D SPACE',''
  ) );
#3962 = PCURVE('',#2830,#3963);
#3963 = DEFINITIONAL_REPRESENTATION('',(#3964),#3968);
#3964 = LINE('',#3965,#3966);
#3965 = CARTESIAN_POINT('',(0.,-7.2));
#3966 = VECTOR('',#3967,1.);
#3967 = DIRECTION('',(1.,0.));
#3968 = ( GEOMETRIC_REPRESENTATION_CONTEXT(2) 
PARAMETRIC_REPRESENTATION_CONTEXT() REPRESENTATION_CONTEXT('2D SPACE',''
  ) );
#3969 = ORIENTED_EDGE('',*,*,#3970,.T.);
#3970 = EDGE_CURVE('',#3948,#3971,#3973,.T.);
#3971 = VERTEX_POINT('',#3972);
#3972 = CARTESIAN_POINT('',(6.004155512073,87.225679292896,10.1));
#3973 = SURFACE_CURVE('',#3974,(#3978,#3985),.PCURVE_S1.);
#3974 = LINE('',#3975,#3976);
#3975 = CARTESIAN_POINT('',(6.521291312166,87.20004722209,10.1));
#3976 = VECTOR('',#3977,1.);
#3977 = DIRECTION('',(-0.998773891581,4.950468156187E-02,0.));
#3978 = PCURVE('',#1855,#3979);
#3979 = DEFINITIONAL_REPRESENTATION('',(#3980),#3984);
#3980 = LINE('',#3981,#3982);
#3981 = CARTESIAN_POINT('',(2.774071033558,-3.224943808978));
#3982 = VECTOR('',#3983,1.);
#3983 = DIRECTION('',(0.998773891581,4.950468156187E-02));
#3984 = ( GEOMETRIC_REPRESENTATION_CONTEXT(2) 
PARAMETRIC_REPRESENTATION_CONTEXT() REPRESENTATION_CONTEXT('2D SPACE',''
  ) );
#3985 = PCURVE('',#2858,#3986);
#3986 = DEFINITIONAL_REPRESENTATION('',(#3987),#3991);
#3987 = LINE('',#3988,#3989);
#3988 = CARTESIAN_POINT('',(0.,-7.2));
#3989 = VECTOR('',#3990,1.);
#3990 = DIRECTION('',(1.,0.));
#3991 = ( GEOMETRIC_REPRESENTATION_CONTEXT(2) 
PARAMETRIC_REPRESENTATION_CONTEXT() REPRESENTATION_CONTEXT('2D SPACE',''
  ) );
#3992 = ORIENTED_EDGE('',*,*,#3993,.T.);
#3993 = EDGE_CURVE('',#3971,#3994,#3996,.T.);
#3994 = VERTEX_POINT('',#3995);
#3995 = CARTESIAN_POINT('',(5.493118451574,87.306793256122,10.1));
#3996 = SURFACE_CURVE('',#3997,(#4001,#4008),.PCURVE_S1.);
#3997 = LINE('',#3998,#3999);
#3998 = CARTESIAN_POINT('',(6.004155512073,87.225679292896,10.1));
#3999 = VECTOR('',#4000,1.);
#4000 = DIRECTION('',(-0.98763643525,0.156761831346,0.));
#4001 = PCURVE('',#1855,#4002);
#4002 = DEFINITIONAL_REPRESENTATION('',(#4003),#4007);
#4003 = LINE('',#4004,#4005);
#4004 = CARTESIAN_POINT('',(3.291206833651,-3.199311738172));
#4005 = VECTOR('',#4006,1.);
#4006 = DIRECTION('',(0.98763643525,0.156761831346));
#4007 = ( GEOMETRIC_REPRESENTATION_CONTEXT(2) 
PARAMETRIC_REPRESENTATION_CONTEXT() REPRESENTATION_CONTEXT('2D SPACE',''
  ) );
#4008 = PCURVE('',#2886,#4009);
#4009 = DEFINITIONAL_REPRESENTATION('',(#4010),#4014);
#4010 = LINE('',#4011,#4012);
#4011 = CARTESIAN_POINT('',(0.,-7.2));
#4012 = VECTOR('',#4013,1.);
#4013 = DIRECTION('',(1.,0.));
#4014 = ( GEOMETRIC_REPRESENTATION_CONTEXT(2) 
PARAMETRIC_REPRESENTATION_CONTEXT() REPRESENTATION_CONTEXT('2D SPACE',''
  ) );
#4015 = ORIENTED_EDGE('',*,*,#4016,.T.);
#4016 = EDGE_CURVE('',#3994,#4017,#4019,.T.);
#4017 = VERTEX_POINT('',#4018);
#4018 = CARTESIAN_POINT('',(5.141241473112,87.396330241328,10.1));
#4019 = SURFACE_CURVE('',#4020,(#4024,#4031),.PCURVE_S1.);
#4020 = LINE('',#4021,#4022);
#4021 = CARTESIAN_POINT('',(5.493118451574,87.306793256122,10.1));
#4022 = VECTOR('',#4023,1.);
#4023 = DIRECTION('',(-0.969118041687,0.246597285622,0.));
#4024 = PCURVE('',#1855,#4025);
#4025 = DEFINITIONAL_REPRESENTATION('',(#4026),#4030);
#4026 = LINE('',#4027,#4028);
#4027 = CARTESIAN_POINT('',(3.802243894151,-3.118197774946));
#4028 = VECTOR('',#4029,1.);
#4029 = DIRECTION('',(0.969118041687,0.246597285622));
#4030 = ( GEOMETRIC_REPRESENTATION_CONTEXT(2) 
PARAMETRIC_REPRESENTATION_CONTEXT() REPRESENTATION_CONTEXT('2D SPACE',''
  ) );
#4031 = PCURVE('',#2914,#4032);
#4032 = DEFINITIONAL_REPRESENTATION('',(#4033),#4037);
#4033 = LINE('',#4034,#4035);
#4034 = CARTESIAN_POINT('',(0.,-7.2));
#4035 = VECTOR('',#4036,1.);
#4036 = DIRECTION('',(1.,0.));
#4037 = ( GEOMETRIC_REPRESENTATION_CONTEXT(2) 
PARAMETRIC_REPRESENTATION_CONTEXT() REPRESENTATION_CONTEXT('2D SPACE',''
  ) );
#4038 = ORIENTED_EDGE('',*,*,#4039,.T.);
#4039 = EDGE_CURVE('',#4017,#4040,#4042,.T.);
#4040 = VERTEX_POINT('',#4041);
#4041 = CARTESIAN_POINT('',(4.797694245997,87.511998765745,10.1));
#4042 = SURFACE_CURVE('',#4043,(#4047,#4054),.PCURVE_S1.);
#4043 = LINE('',#4044,#4045);
#4044 = CARTESIAN_POINT('',(5.141241473112,87.396330241328,10.1));
#4045 = VECTOR('',#4046,1.);
#4046 = DIRECTION('',(-0.947724945631,0.319088431987,0.));
#4047 = PCURVE('',#1855,#4048);
#4048 = DEFINITIONAL_REPRESENTATION('',(#4049),#4053);
#4049 = LINE('',#4050,#4051);
#4050 = CARTESIAN_POINT('',(4.154120872613,-3.028660789739));
#4051 = VECTOR('',#4052,1.);
#4052 = DIRECTION('',(0.947724945631,0.319088431987));
#4053 = ( GEOMETRIC_REPRESENTATION_CONTEXT(2) 
PARAMETRIC_REPRESENTATION_CONTEXT() REPRESENTATION_CONTEXT('2D SPACE',''
  ) );
#4054 = PCURVE('',#2942,#4055);
#4055 = DEFINITIONAL_REPRESENTATION('',(#4056),#4060);
#4056 = LINE('',#4057,#4058);
#4057 = CARTESIAN_POINT('',(0.,-7.2));
#4058 = VECTOR('',#4059,1.);
#4059 = DIRECTION('',(1.,0.));
#4060 = ( GEOMETRIC_REPRESENTATION_CONTEXT(2) 
PARAMETRIC_REPRESENTATION_CONTEXT() REPRESENTATION_CONTEXT('2D SPACE',''
  ) );
#4061 = ORIENTED_EDGE('',*,*,#4062,.T.);
#4062 = EDGE_CURVE('',#4040,#4063,#4065,.T.);
#4063 = VERTEX_POINT('',#4064);
#4064 = CARTESIAN_POINT('',(4.462977660136,87.653675119883,10.1));
#4065 = SURFACE_CURVE('',#4066,(#4070,#4077),.PCURVE_S1.);
#4066 = LINE('',#4067,#4068);
#4067 = CARTESIAN_POINT('',(4.797694245997,87.511998765745,10.1));
#4068 = VECTOR('',#4069,1.);
#4069 = DIRECTION('',(-0.920902579972,0.389792814455,0.));
#4070 = PCURVE('',#1855,#4071);
#4071 = DEFINITIONAL_REPRESENTATION('',(#4072),#4076);
#4072 = LINE('',#4073,#4074);
#4073 = CARTESIAN_POINT('',(4.497668099728,-2.912992265323));
#4074 = VECTOR('',#4075,1.);
#4075 = DIRECTION('',(0.920902579972,0.389792814455));
#4076 = ( GEOMETRIC_REPRESENTATION_CONTEXT(2) 
PARAMETRIC_REPRESENTATION_CONTEXT() REPRESENTATION_CONTEXT('2D SPACE',''
  ) );
#4077 = PCURVE('',#2970,#4078);
#4078 = DEFINITIONAL_REPRESENTATION('',(#4079),#4083);
#4079 = LINE('',#4080,#4081);
#4080 = CARTESIAN_POINT('',(0.,-7.2));
#4081 = VECTOR('',#4082,1.);
#4082 = DIRECTION('',(1.,0.));
#4083 = ( GEOMETRIC_REPRESENTATION_CONTEXT(2) 
PARAMETRIC_REPRESENTATION_CONTEXT() REPRESENTATION_CONTEXT('2D SPACE',''
  ) );
#4084 = ORIENTED_EDGE('',*,*,#4085,.T.);
#4085 = EDGE_CURVE('',#4063,#4086,#4088,.T.);
#4086 = VERTEX_POINT('',#4087);
#4087 = CARTESIAN_POINT('',(4.139848649261,87.820324701579,10.1));
#4088 = SURFACE_CURVE('',#4089,(#4093,#4100),.PCURVE_S1.);
#4089 = LINE('',#4090,#4091);
#4090 = CARTESIAN_POINT('',(4.462977660136,87.653675119883,10.1));
#4091 = VECTOR('',#4092,1.);
#4092 = DIRECTION('',(-0.88876262343,0.458367755404,0.));
#4093 = PCURVE('',#1855,#4094);
#4094 = DEFINITIONAL_REPRESENTATION('',(#4095),#4099);
#4095 = LINE('',#4096,#4097);
#4096 = CARTESIAN_POINT('',(4.832384685589,-2.771315911184));
#4097 = VECTOR('',#4098,1.);
#4098 = DIRECTION('',(0.88876262343,0.458367755404));
#4099 = ( GEOMETRIC_REPRESENTATION_CONTEXT(2) 
PARAMETRIC_REPRESENTATION_CONTEXT() REPRESENTATION_CONTEXT('2D SPACE',''
  ) );
#4100 = PCURVE('',#2998,#4101);
#4101 = DEFINITIONAL_REPRESENTATION('',(#4102),#4106);
#4102 = LINE('',#4103,#4104);
#4103 = CARTESIAN_POINT('',(0.,-7.2));
#4104 = VECTOR('',#4105,1.);
#4105 = DIRECTION('',(1.,0.));
#4106 = ( GEOMETRIC_REPRESENTATION_CONTEXT(2) 
PARAMETRIC_REPRESENTATION_CONTEXT() REPRESENTATION_CONTEXT('2D SPACE',''
  ) );
#4107 = ORIENTED_EDGE('',*,*,#4108,.T.);
#4108 = EDGE_CURVE('',#4086,#4109,#4111,.T.);
#4109 = VERTEX_POINT('',#4110);
#4110 = CARTESIAN_POINT('',(3.830657768182,88.010687772457,10.1));
#4111 = SURFACE_CURVE('',#4112,(#4116,#4123),.PCURVE_S1.);
#4112 = LINE('',#4113,#4114);
#4113 = CARTESIAN_POINT('',(4.139848649261,87.820324701579,10.1));
#4114 = VECTOR('',#4115,1.);
#4115 = DIRECTION('',(-0.851545496906,0.524280713644,0.));
#4116 = PCURVE('',#1855,#4117);
#4117 = DEFINITIONAL_REPRESENTATION('',(#4118),#4122);
#4118 = LINE('',#4119,#4120);
#4119 = CARTESIAN_POINT('',(5.155513696464,-2.604666329489));
#4120 = VECTOR('',#4121,1.);
#4121 = DIRECTION('',(0.851545496906,0.524280713644));
#4122 = ( GEOMETRIC_REPRESENTATION_CONTEXT(2) 
PARAMETRIC_REPRESENTATION_CONTEXT() REPRESENTATION_CONTEXT('2D SPACE',''
  ) );
#4123 = PCURVE('',#3026,#4124);
#4124 = DEFINITIONAL_REPRESENTATION('',(#4125),#4129);
#4125 = LINE('',#4126,#4127);
#4126 = CARTESIAN_POINT('',(0.,-7.2));
#4127 = VECTOR('',#4128,1.);
#4128 = DIRECTION('',(1.,0.));
#4129 = ( GEOMETRIC_REPRESENTATION_CONTEXT(2) 
PARAMETRIC_REPRESENTATION_CONTEXT() REPRESENTATION_CONTEXT('2D SPACE',''
  ) );
#4130 = ORIENTED_EDGE('',*,*,#4131,.T.);
#4131 = EDGE_CURVE('',#4109,#4132,#4134,.T.);
#4132 = VERTEX_POINT('',#4133);
#4133 = CARTESIAN_POINT('',(3.536401115389,88.22414491133,10.1));
#4134 = SURFACE_CURVE('',#4135,(#4139,#4146),.PCURVE_S1.);
#4135 = LINE('',#4136,#4137);
#4136 = CARTESIAN_POINT('',(3.830657768182,88.010687772457,10.1));
#4137 = VECTOR('',#4138,1.);
#4138 = DIRECTION('',(-0.809452152257,0.587185842137,0.));
#4139 = PCURVE('',#1855,#4140);
#4140 = DEFINITIONAL_REPRESENTATION('',(#4141),#4145);
#4141 = LINE('',#4142,#4143);
#4142 = CARTESIAN_POINT('',(5.464704577542,-2.414303258611));
#4143 = VECTOR('',#4144,1.);
#4144 = DIRECTION('',(0.809452152257,0.587185842137));
#4145 = ( GEOMETRIC_REPRESENTATION_CONTEXT(2) 
PARAMETRIC_REPRESENTATION_CONTEXT() REPRESENTATION_CONTEXT('2D SPACE',''
  ) );
#4146 = PCURVE('',#3054,#4147);
#4147 = DEFINITIONAL_REPRESENTATION('',(#4148),#4152);
#4148 = LINE('',#4149,#4150);
#4149 = CARTESIAN_POINT('',(0.,-7.2));
#4150 = VECTOR('',#4151,1.);
#4151 = DIRECTION('',(1.,0.));
#4152 = ( GEOMETRIC_REPRESENTATION_CONTEXT(2) 
PARAMETRIC_REPRESENTATION_CONTEXT() REPRESENTATION_CONTEXT('2D SPACE',''
  ) );
#4153 = ORIENTED_EDGE('',*,*,#4154,.T.);
#4154 = EDGE_CURVE('',#4132,#4155,#4157,.T.);
#4155 = VERTEX_POINT('',#4156);
#4156 = CARTESIAN_POINT('',(3.259328349058,88.459089488679,10.1));
#4157 = SURFACE_CURVE('',#4158,(#4162,#4169),.PCURVE_S1.);
#4158 = LINE('',#4159,#4160);
#4159 = CARTESIAN_POINT('',(3.536401115389,88.22414491133,10.1));
#4160 = VECTOR('',#4161,1.);
#4161 = DIRECTION('',(-0.762709358615,0.646741396758,0.));
#4162 = PCURVE('',#1855,#4163);
#4163 = DEFINITIONAL_REPRESENTATION('',(#4164),#4168);
#4164 = LINE('',#4165,#4166);
#4165 = CARTESIAN_POINT('',(5.758961230336,-2.200846119738));
#4166 = VECTOR('',#4167,1.);
#4167 = DIRECTION('',(0.762709358615,0.646741396758));
#4168 = ( GEOMETRIC_REPRESENTATION_CONTEXT(2) 
PARAMETRIC_REPRESENTATION_CONTEXT() REPRESENTATION_CONTEXT('2D SPACE',''
  ) );
#4169 = PCURVE('',#3082,#4170);
#4170 = DEFINITIONAL_REPRESENTATION('',(#4171),#4175);
#4171 = LINE('',#4172,#4173);
#4172 = CARTESIAN_POINT('',(0.,-7.2));
#4173 = VECTOR('',#4174,1.);
#4174 = DIRECTION('',(1.,0.));
#4175 = ( GEOMETRIC_REPRESENTATION_CONTEXT(2) 
PARAMETRIC_REPRESENTATION_CONTEXT() REPRESENTATION_CONTEXT('2D SPACE',''
  ) );
#4176 = ORIENTED_EDGE('',*,*,#4177,.T.);
#4177 = EDGE_CURVE('',#4155,#4178,#4180,.T.);
#4178 = VERTEX_POINT('',#4179);
#4179 = CARTESIAN_POINT('',(3.000824948954,88.714307691196,10.1));
#4180 = SURFACE_CURVE('',#4181,(#4185,#4192),.PCURVE_S1.);
#4181 = LINE('',#4182,#4183);
#4182 = CARTESIAN_POINT('',(3.259328349058,88.459089488679,10.1));
#4183 = VECTOR('',#4184,1.);
#4184 = DIRECTION('',(-0.711614106909,0.702570539411,0.));
#4185 = PCURVE('',#1855,#4186);
#4186 = DEFINITIONAL_REPRESENTATION('',(#4187),#4191);
#4187 = LINE('',#4188,#4189);
#4188 = CARTESIAN_POINT('',(6.036033996666,-1.965901542389));
#4189 = VECTOR('',#4190,1.);
#4190 = DIRECTION('',(0.711614106909,0.702570539411));
#4191 = ( GEOMETRIC_REPRESENTATION_CONTEXT(2) 
PARAMETRIC_REPRESENTATION_CONTEXT() REPRESENTATION_CONTEXT('2D SPACE',''
  ) );
#4192 = PCURVE('',#3110,#4193);
#4193 = DEFINITIONAL_REPRESENTATION('',(#4194),#4198);
#4194 = LINE('',#4195,#4196);
#4195 = CARTESIAN_POINT('',(0.,-7.2));
#4196 = VECTOR('',#4197,1.);
#4197 = DIRECTION('',(1.,0.));
#4198 = ( GEOMETRIC_REPRESENTATION_CONTEXT(2) 
PARAMETRIC_REPRESENTATION_CONTEXT() REPRESENTATION_CONTEXT('2D SPACE',''
  ) );
#4199 = ORIENTED_EDGE('',*,*,#4200,.T.);
#4200 = EDGE_CURVE('',#4178,#4201,#4203,.T.);
#4201 = VERTEX_POINT('',#4202);
#4202 = CARTESIAN_POINT('',(2.762407468288,88.988289179408,10.1));
#4203 = SURFACE_CURVE('',#4204,(#4208,#4215),.PCURVE_S1.);
#4204 = LINE('',#4205,#4206);
#4205 = CARTESIAN_POINT('',(3.000824948954,88.714307691196,10.1));
#4206 = VECTOR('',#4207,1.);
#4207 = DIRECTION('',(-0.656449452553,0.75437001282,0.));
#4208 = PCURVE('',#1855,#4209);
#4209 = DEFINITIONAL_REPRESENTATION('',(#4210),#4214);
#4210 = LINE('',#4211,#4212);
#4211 = CARTESIAN_POINT('',(6.294537396771,-1.710683339872));
#4212 = VECTOR('',#4213,1.);
#4213 = DIRECTION('',(0.656449452553,0.75437001282));
#4214 = ( GEOMETRIC_REPRESENTATION_CONTEXT(2) 
PARAMETRIC_REPRESENTATION_CONTEXT() REPRESENTATION_CONTEXT('2D SPACE',''
  ) );
#4215 = PCURVE('',#3138,#4216);
#4216 = DEFINITIONAL_REPRESENTATION('',(#4217),#4221);
#4217 = LINE('',#4218,#4219);
#4218 = CARTESIAN_POINT('',(0.,-7.2));
#4219 = VECTOR('',#4220,1.);
#4220 = DIRECTION('',(1.,0.));
#4221 = ( GEOMETRIC_REPRESENTATION_CONTEXT(2) 
PARAMETRIC_REPRESENTATION_CONTEXT() REPRESENTATION_CONTEXT('2D SPACE',''
  ) );
#4222 = ORIENTED_EDGE('',*,*,#4223,.T.);
#4223 = EDGE_CURVE('',#4201,#4224,#4226,.T.);
#4224 = VERTEX_POINT('',#4225);
#4225 = CARTESIAN_POINT('',(2.545417970673,89.279470461755,10.1));
#4226 = SURFACE_CURVE('',#4227,(#4231,#4238),.PCURVE_S1.);
#4227 = LINE('',#4228,#4229);
#4228 = CARTESIAN_POINT('',(2.762407468288,88.988289179408,10.1));
#4229 = VECTOR('',#4230,1.);
#4230 = DIRECTION('',(-0.597536027345,0.801842064265,0.));
#4231 = PCURVE('',#1855,#4232);
#4232 = DEFINITIONAL_REPRESENTATION('',(#4233),#4237);
#4233 = LINE('',#4234,#4235);
#4234 = CARTESIAN_POINT('',(6.532954877437,-1.43670185166));
#4235 = VECTOR('',#4236,1.);
#4236 = DIRECTION('',(0.597536027345,0.801842064265));
#4237 = ( GEOMETRIC_REPRESENTATION_CONTEXT(2) 
PARAMETRIC_REPRESENTATION_CONTEXT() REPRESENTATION_CONTEXT('2D SPACE',''
  ) );
#4238 = PCURVE('',#3166,#4239);
#4239 = DEFINITIONAL_REPRESENTATION('',(#4240),#4244);
#4240 = LINE('',#4241,#4242);
#4241 = CARTESIAN_POINT('',(0.,-7.2));
#4242 = VECTOR('',#4243,1.);
#4243 = DIRECTION('',(1.,0.));
#4244 = ( GEOMETRIC_REPRESENTATION_CONTEXT(2) 
PARAMETRIC_REPRESENTATION_CONTEXT() REPRESENTATION_CONTEXT('2D SPACE',''
  ) );
#4245 = ORIENTED_EDGE('',*,*,#4246,.T.);
#4246 = EDGE_CURVE('',#4224,#4247,#4249,.T.);
#4247 = VERTEX_POINT('',#4248);
#4248 = CARTESIAN_POINT('',(2.350983656811,89.586358912742,10.1));
#4249 = SURFACE_CURVE('',#4250,(#4254,#4261),.PCURVE_S1.);
#4250 = LINE('',#4251,#4252);
#4251 = CARTESIAN_POINT('',(2.545417970673,89.279470461755,10.1));
#4252 = VECTOR('',#4253,1.);
#4253 = DIRECTION('',(-0.535192791559,0.844729942564,0.));
#4254 = PCURVE('',#1855,#4255);
#4255 = DEFINITIONAL_REPRESENTATION('',(#4256),#4260);
#4256 = LINE('',#4257,#4258);
#4257 = CARTESIAN_POINT('',(6.749944375051,-1.145520569312));
#4258 = VECTOR('',#4259,1.);
#4259 = DIRECTION('',(0.535192791559,0.844729942564));
#4260 = ( GEOMETRIC_REPRESENTATION_CONTEXT(2) 
PARAMETRIC_REPRESENTATION_CONTEXT() REPRESENTATION_CONTEXT('2D SPACE',''
  ) );
#4261 = PCURVE('',#3194,#4262);
#4262 = DEFINITIONAL_REPRESENTATION('',(#4263),#4267);
#4263 = LINE('',#4264,#4265);
#4264 = CARTESIAN_POINT('',(0.,-7.2));
#4265 = VECTOR('',#4266,1.);
#4266 = DIRECTION('',(1.,0.));
#4267 = ( GEOMETRIC_REPRESENTATION_CONTEXT(2) 
PARAMETRIC_REPRESENTATION_CONTEXT() REPRESENTATION_CONTEXT('2D SPACE',''
  ) );
#4268 = ORIENTED_EDGE('',*,*,#4269,.T.);
#4269 = EDGE_CURVE('',#4247,#4270,#4272,.T.);
#4270 = VERTEX_POINT('',#4271);
#4271 = CARTESIAN_POINT('',(2.180361276769,89.90698272878,10.1));
#4272 = SURFACE_CURVE('',#4273,(#4277,#4284),.PCURVE_S1.);
#4273 = LINE('',#4274,#4275);
#4274 = CARTESIAN_POINT('',(2.350983656811,89.586358912742,10.1));
#4275 = VECTOR('',#4276,1.);
#4276 = DIRECTION('',(-0.469779926499,0.882783563881,0.));
#4277 = PCURVE('',#1855,#4278);
#4278 = DEFINITIONAL_REPRESENTATION('',(#4279),#4283);
#4279 = LINE('',#4280,#4281);
#4280 = CARTESIAN_POINT('',(6.944378688913,-0.838632118325));
#4281 = VECTOR('',#4282,1.);
#4282 = DIRECTION('',(0.469779926499,0.882783563881));
#4283 = ( GEOMETRIC_REPRESENTATION_CONTEXT(2) 
PARAMETRIC_REPRESENTATION_CONTEXT() REPRESENTATION_CONTEXT('2D SPACE',''
  ) );
#4284 = PCURVE('',#3222,#4285);
#4285 = DEFINITIONAL_REPRESENTATION('',(#4286),#4290);
#4286 = LINE('',#4287,#4288);
#4287 = CARTESIAN_POINT('',(0.,-7.2));
#4288 = VECTOR('',#4289,1.);
#4289 = DIRECTION('',(1.,0.));
#4290 = ( GEOMETRIC_REPRESENTATION_CONTEXT(2) 
PARAMETRIC_REPRESENTATION_CONTEXT() REPRESENTATION_CONTEXT('2D SPACE',''
  ) );
#4291 = ORIENTED_EDGE('',*,*,#4292,.T.);
#4292 = EDGE_CURVE('',#4270,#4293,#4295,.T.);
#4293 = VERTEX_POINT('',#4294);
#4294 = CARTESIAN_POINT('',(2.034256479742,90.24013217523,10.1));
#4295 = SURFACE_CURVE('',#4296,(#4300,#4307),.PCURVE_S1.);
#4296 = LINE('',#4297,#4298);
#4297 = CARTESIAN_POINT('',(2.180361276769,89.90698272878,10.1));
#4298 = VECTOR('',#4299,1.);
#4299 = DIRECTION('',(-0.401630645305,0.91580173878,0.));
#4300 = PCURVE('',#1855,#4301);
#4301 = DEFINITIONAL_REPRESENTATION('',(#4302),#4306);
#4302 = LINE('',#4303,#4304);
#4303 = CARTESIAN_POINT('',(7.115001068956,-0.518008302288));
#4304 = VECTOR('',#4305,1.);
#4305 = DIRECTION('',(0.401630645305,0.91580173878));
#4306 = ( GEOMETRIC_REPRESENTATION_CONTEXT(2) 
PARAMETRIC_REPRESENTATION_CONTEXT() REPRESENTATION_CONTEXT('2D SPACE',''
  ) );
#4307 = PCURVE('',#3250,#4308);
#4308 = DEFINITIONAL_REPRESENTATION('',(#4309),#4313);
#4309 = LINE('',#4310,#4311);
#4310 = CARTESIAN_POINT('',(0.,-7.2));
#4311 = VECTOR('',#4312,1.);
#4312 = DIRECTION('',(1.,0.));
#4313 = ( GEOMETRIC_REPRESENTATION_CONTEXT(2) 
PARAMETRIC_REPRESENTATION_CONTEXT() REPRESENTATION_CONTEXT('2D SPACE',''
  ) );
#4314 = ORIENTED_EDGE('',*,*,#4315,.T.);
#4315 = EDGE_CURVE('',#4293,#4316,#4318,.T.);
#4316 = VERTEX_POINT('',#4317);
#4317 = CARTESIAN_POINT('',(1.914254459333,90.581924601876,10.1));
#4318 = SURFACE_CURVE('',#4319,(#4323,#4330),.PCURVE_S1.);
#4319 = LINE('',#4320,#4321);
#4320 = CARTESIAN_POINT('',(2.034256479742,90.24013217523,10.1));
#4321 = VECTOR('',#4322,1.);
#4322 = DIRECTION('',(-0.331271691468,0.943535408149,0.));
#4323 = PCURVE('',#1855,#4324);
#4324 = DEFINITIONAL_REPRESENTATION('',(#4325),#4329);
#4325 = LINE('',#4326,#4327);
#4326 = CARTESIAN_POINT('',(7.261105865982,-0.184858855837));
#4327 = VECTOR('',#4328,1.);
#4328 = DIRECTION('',(0.331271691468,0.943535408149));
#4329 = ( GEOMETRIC_REPRESENTATION_CONTEXT(2) 
PARAMETRIC_REPRESENTATION_CONTEXT() REPRESENTATION_CONTEXT('2D SPACE',''
  ) );
#4330 = PCURVE('',#3278,#4331);
#4331 = DEFINITIONAL_REPRESENTATION('',(#4332),#4336);
#4332 = LINE('',#4333,#4334);
#4333 = CARTESIAN_POINT('',(0.,-7.2));
#4334 = VECTOR('',#4335,1.);
#4335 = DIRECTION('',(1.,0.));
#4336 = ( GEOMETRIC_REPRESENTATION_CONTEXT(2) 
PARAMETRIC_REPRESENTATION_CONTEXT() REPRESENTATION_CONTEXT('2D SPACE',''
  ) );
#4337 = ORIENTED_EDGE('',*,*,#4338,.T.);
#4338 = EDGE_CURVE('',#4316,#4339,#4341,.T.);
#4339 = VERTEX_POINT('',#4340);
#4340 = CARTESIAN_POINT('',(1.820140423246,90.93280070392,10.1));
#4341 = SURFACE_CURVE('',#4342,(#4346,#4353),.PCURVE_S1.);
#4342 = LINE('',#4343,#4344);
#4343 = CARTESIAN_POINT('',(1.914254459333,90.581924601876,10.1));
#4344 = VECTOR('',#4345,1.);
#4345 = DIRECTION('',(-0.259068336972,0.965858994252,0.));
#4346 = PCURVE('',#1855,#4347);
#4347 = DEFINITIONAL_REPRESENTATION('',(#4348),#4352);
#4348 = LINE('',#4349,#4350);
#4349 = CARTESIAN_POINT('',(7.381107886392,0.156933570808));
#4350 = VECTOR('',#4351,1.);
#4351 = DIRECTION('',(0.259068336972,0.965858994252));
#4352 = ( GEOMETRIC_REPRESENTATION_CONTEXT(2) 
PARAMETRIC_REPRESENTATION_CONTEXT() REPRESENTATION_CONTEXT('2D SPACE',''
  ) );
#4353 = PCURVE('',#3306,#4354);
#4354 = DEFINITIONAL_REPRESENTATION('',(#4355),#4359);
#4355 = LINE('',#4356,#4357);
#4356 = CARTESIAN_POINT('',(0.,-7.2));
#4357 = VECTOR('',#4358,1.);
#4358 = DIRECTION('',(1.,0.));
#4359 = ( GEOMETRIC_REPRESENTATION_CONTEXT(2) 
PARAMETRIC_REPRESENTATION_CONTEXT() REPRESENTATION_CONTEXT('2D SPACE',''
  ) );
#4360 = ORIENTED_EDGE('',*,*,#4361,.T.);
#4361 = EDGE_CURVE('',#4339,#4362,#4364,.T.);
#4362 = VERTEX_POINT('',#4363);
#4363 = CARTESIAN_POINT('',(1.752842836003,91.289719170721,10.1));
#4364 = SURFACE_CURVE('',#4365,(#4369,#4376),.PCURVE_S1.);
#4365 = LINE('',#4366,#4367);
#4366 = CARTESIAN_POINT('',(1.820140423246,90.93280070392,10.1));
#4367 = VECTOR('',#4368,1.);
#4368 = DIRECTION('',(-0.185286839088,0.982684480014,0.));
#4369 = PCURVE('',#1855,#4370);
#4370 = DEFINITIONAL_REPRESENTATION('',(#4371),#4375);
#4371 = LINE('',#4372,#4373);
#4372 = CARTESIAN_POINT('',(7.475221922479,0.507809672852));
#4373 = VECTOR('',#4374,1.);
#4374 = DIRECTION('',(0.185286839088,0.982684480014));
#4375 = ( GEOMETRIC_REPRESENTATION_CONTEXT(2) 
PARAMETRIC_REPRESENTATION_CONTEXT() REPRESENTATION_CONTEXT('2D SPACE',''
  ) );
#4376 = PCURVE('',#3334,#4377);
#4377 = DEFINITIONAL_REPRESENTATION('',(#4378),#4382);
#4378 = LINE('',#4379,#4380);
#4379 = CARTESIAN_POINT('',(0.,-7.2));
#4380 = VECTOR('',#4381,1.);
#4381 = DIRECTION('',(1.,0.));
#4382 = ( GEOMETRIC_REPRESENTATION_CONTEXT(2) 
PARAMETRIC_REPRESENTATION_CONTEXT() REPRESENTATION_CONTEXT('2D SPACE',''
  ) );
#4383 = ORIENTED_EDGE('',*,*,#4384,.T.);
#4384 = EDGE_CURVE('',#4362,#4385,#4387,.T.);
#4385 = VERTEX_POINT('',#4386);
#4386 = CARTESIAN_POINT('',(1.714532118978,91.626774690651,10.1));
#4387 = SURFACE_CURVE('',#4388,(#4392,#4399),.PCURVE_S1.);
#4388 = LINE('',#4389,#4390);
#4389 = CARTESIAN_POINT('',(1.752842836003,91.289719170721,10.1));
#4390 = VECTOR('',#4391,1.);
#4391 = DIRECTION('',(-0.112935745145,0.993602293409,0.));
#4392 = PCURVE('',#1855,#4393);
#4393 = DEFINITIONAL_REPRESENTATION('',(#4394),#4398);
#4394 = LINE('',#4395,#4396);
#4395 = CARTESIAN_POINT('',(7.542519509721,0.864728139653));
#4396 = VECTOR('',#4397,1.);
#4397 = DIRECTION('',(0.112935745145,0.993602293409));
#4398 = ( GEOMETRIC_REPRESENTATION_CONTEXT(2) 
PARAMETRIC_REPRESENTATION_CONTEXT() REPRESENTATION_CONTEXT('2D SPACE',''
  ) );
#4399 = PCURVE('',#3362,#4400);
#4400 = DEFINITIONAL_REPRESENTATION('',(#4401),#4405);
#4401 = LINE('',#4402,#4403);
#4402 = CARTESIAN_POINT('',(0.,-7.2));
#4403 = VECTOR('',#4404,1.);
#4404 = DIRECTION('',(1.,0.));
#4405 = ( GEOMETRIC_REPRESENTATION_CONTEXT(2) 
PARAMETRIC_REPRESENTATION_CONTEXT() REPRESENTATION_CONTEXT('2D SPACE',''
  ) );
#4406 = ORIENTED_EDGE('',*,*,#4407,.T.);
#4407 = EDGE_CURVE('',#4385,#4408,#4410,.T.);
#4408 = VERTEX_POINT('',#4409);
#4409 = CARTESIAN_POINT('',(1.700115459063,91.966707463511,10.1));
#4410 = SURFACE_CURVE('',#4411,(#4415,#4422),.PCURVE_S1.);
#4411 = LINE('',#4412,#4413);
#4412 = CARTESIAN_POINT('',(1.714532118978,91.626774690651,10.1));
#4413 = VECTOR('',#4414,1.);
#4414 = DIRECTION('',(-4.237223759628E-02,0.999101893443,0.));
#4415 = PCURVE('',#1855,#4416);
#4416 = DEFINITIONAL_REPRESENTATION('',(#4417),#4421);
#4417 = LINE('',#4418,#4419);
#4418 = CARTESIAN_POINT('',(7.580830226747,1.201783659584));
#4419 = VECTOR('',#4420,1.);
#4420 = DIRECTION('',(4.237223759628E-02,0.999101893443));
#4421 = ( GEOMETRIC_REPRESENTATION_CONTEXT(2) 
PARAMETRIC_REPRESENTATION_CONTEXT() REPRESENTATION_CONTEXT('2D SPACE',''
  ) );
#4422 = PCURVE('',#3390,#4423);
#4423 = DEFINITIONAL_REPRESENTATION('',(#4424),#4428);
#4424 = LINE('',#4425,#4426);
#4425 = CARTESIAN_POINT('',(0.,-7.2));
#4426 = VECTOR('',#4427,1.);
#4427 = DIRECTION('',(1.,0.));
#4428 = ( GEOMETRIC_REPRESENTATION_CONTEXT(2) 
PARAMETRIC_REPRESENTATION_CONTEXT() REPRESENTATION_CONTEXT('2D SPACE',''
  ) );
#4429 = ORIENTED_EDGE('',*,*,#4430,.T.);
#4430 = EDGE_CURVE('',#4408,#4431,#4433,.T.);
#4431 = VERTEX_POINT('',#4432);
#4432 = CARTESIAN_POINT('',(1.503602359064,127.29997890387,10.1));
#4433 = SURFACE_CURVE('',#4434,(#4438,#4445),.PCURVE_S1.);
#4434 = LINE('',#4435,#4436);
#4435 = CARTESIAN_POINT('',(1.700115459063,91.966707463511,10.1));
#4436 = VECTOR('',#4437,1.);
#4437 = DIRECTION('',(-5.561615235039E-03,0.999984534098,0.));
#4438 = PCURVE('',#1855,#4439);
#4439 = DEFINITIONAL_REPRESENTATION('',(#4440),#4444);
#4440 = LINE('',#4441,#4442);
#4441 = CARTESIAN_POINT('',(7.595246886662,1.541716432444));
#4442 = VECTOR('',#4443,1.);
#4443 = DIRECTION('',(5.561615235039E-03,0.999984534098));
#4444 = ( GEOMETRIC_REPRESENTATION_CONTEXT(2) 
PARAMETRIC_REPRESENTATION_CONTEXT() REPRESENTATION_CONTEXT('2D SPACE',''
  ) );
#4445 = PCURVE('',#3418,#4446);
#4446 = DEFINITIONAL_REPRESENTATION('',(#4447),#4451);
#4447 = LINE('',#4448,#4449);
#4448 = CARTESIAN_POINT('',(0.,-7.2));
#4449 = VECTOR('',#4450,1.);
#4450 = DIRECTION('',(1.,0.));
#4451 = ( GEOMETRIC_REPRESENTATION_CONTEXT(2) 
PARAMETRIC_REPRESENTATION_CONTEXT() REPRESENTATION_CONTEXT('2D SPACE',''
  ) );
#4452 = ORIENTED_EDGE('',*,*,#4453,.T.);
#4453 = EDGE_CURVE('',#4431,#4454,#4456,.T.);
#4454 = VERTEX_POINT('',#4455);
#4455 = CARTESIAN_POINT('',(1.515627386839,128.88526513355,10.1));
#4456 = SURFACE_CURVE('',#4457,(#4461,#4468),.PCURVE_S1.);
#4457 = LINE('',#4458,#4459);
#4458 = CARTESIAN_POINT('',(1.503602359064,127.29997890387,10.1));
#4459 = VECTOR('',#4460,1.);
#4460 = DIRECTION('',(7.585180275156E-03,0.999971232106,0.));
#4461 = PCURVE('',#1855,#4462);
#4462 = DEFINITIONAL_REPRESENTATION('',(#4463),#4467);
#4463 = LINE('',#4464,#4465);
#4464 = CARTESIAN_POINT('',(7.791759986661,36.874987872802));
#4465 = VECTOR('',#4466,1.);
#4466 = DIRECTION('',(-7.585180275156E-03,0.999971232106));
#4467 = ( GEOMETRIC_REPRESENTATION_CONTEXT(2) 
PARAMETRIC_REPRESENTATION_CONTEXT() REPRESENTATION_CONTEXT('2D SPACE',''
  ) );
#4468 = PCURVE('',#3446,#4469);
#4469 = DEFINITIONAL_REPRESENTATION('',(#4470),#4474);
#4470 = LINE('',#4471,#4472);
#4471 = CARTESIAN_POINT('',(0.,-7.2));
#4472 = VECTOR('',#4473,1.);
#4473 = DIRECTION('',(1.,0.));
#4474 = ( GEOMETRIC_REPRESENTATION_CONTEXT(2) 
PARAMETRIC_REPRESENTATION_CONTEXT() REPRESENTATION_CONTEXT('2D SPACE',''
  ) );
#4475 = ORIENTED_EDGE('',*,*,#4476,.T.);
#4476 = EDGE_CURVE('',#4454,#4477,#4479,.T.);
#4477 = VERTEX_POINT('',#4478);
#4478 = CARTESIAN_POINT('',(1.569367777835,130.47067285184,10.1));
#4479 = SURFACE_CURVE('',#4480,(#4484,#4491),.PCURVE_S1.);
#4480 = LINE('',#4481,#4482);
#4481 = CARTESIAN_POINT('',(1.515627386839,128.88526513355,10.1));
#4482 = VECTOR('',#4483,1.);
#4483 = DIRECTION('',(3.387743299412E-02,0.999425995026,0.));
#4484 = PCURVE('',#1855,#4485);
#4485 = DEFINITIONAL_REPRESENTATION('',(#4486),#4490);
#4486 = LINE('',#4487,#4488);
#4487 = CARTESIAN_POINT('',(7.779734958886,38.460274102489));
#4488 = VECTOR('',#4489,1.);
#4489 = DIRECTION('',(-3.387743299412E-02,0.999425995026));
#4490 = ( GEOMETRIC_REPRESENTATION_CONTEXT(2) 
PARAMETRIC_REPRESENTATION_CONTEXT() REPRESENTATION_CONTEXT('2D SPACE',''
  ) );
#4491 = PCURVE('',#3474,#4492);
#4492 = DEFINITIONAL_REPRESENTATION('',(#4493),#4497);
#4493 = LINE('',#4494,#4495);
#4494 = CARTESIAN_POINT('',(0.,-7.2));
#4495 = VECTOR('',#4496,1.);
#4496 = DIRECTION('',(1.,0.));
#4497 = ( GEOMETRIC_REPRESENTATION_CONTEXT(2) 
PARAMETRIC_REPRESENTATION_CONTEXT() REPRESENTATION_CONTEXT('2D SPACE',''
  ) );
#4498 = ORIENTED_EDGE('',*,*,#4499,.T.);
#4499 = EDGE_CURVE('',#4477,#4500,#4502,.T.);
#4500 = VERTEX_POINT('',#4501);
#4501 = CARTESIAN_POINT('',(1.695156086023,132.44954464918,10.1));
#4502 = SURFACE_CURVE('',#4503,(#4507,#4514),.PCURVE_S1.);
#4503 = LINE('',#4504,#4505);
#4504 = CARTESIAN_POINT('',(1.569367777835,130.47067285184,10.1));
#4505 = VECTOR('',#4506,1.);
#4506 = DIRECTION('',(6.343763458828E-02,0.997985804768,0.));
#4507 = PCURVE('',#1855,#4508);
#4508 = DEFINITIONAL_REPRESENTATION('',(#4509),#4513);
#4509 = LINE('',#4510,#4511);
#4510 = CARTESIAN_POINT('',(7.725994567889,40.045681820778));
#4511 = VECTOR('',#4512,1.);
#4512 = DIRECTION('',(-6.343763458828E-02,0.997985804768));
#4513 = ( GEOMETRIC_REPRESENTATION_CONTEXT(2) 
PARAMETRIC_REPRESENTATION_CONTEXT() REPRESENTATION_CONTEXT('2D SPACE',''
  ) );
#4514 = PCURVE('',#3502,#4515);
#4515 = DEFINITIONAL_REPRESENTATION('',(#4516),#4520);
#4516 = LINE('',#4517,#4518);
#4517 = CARTESIAN_POINT('',(0.,-7.2));
#4518 = VECTOR('',#4519,1.);
#4519 = DIRECTION('',(1.,0.));
#4520 = ( GEOMETRIC_REPRESENTATION_CONTEXT(2) 
PARAMETRIC_REPRESENTATION_CONTEXT() REPRESENTATION_CONTEXT('2D SPACE',''
  ) );
#4521 = ORIENTED_EDGE('',*,*,#4522,.T.);
#4522 = EDGE_CURVE('',#4500,#4523,#4525,.T.);
#4523 = VERTEX_POINT('',#4524);
#4524 = CARTESIAN_POINT('',(1.842801351218,134.03095850193,10.1));
#4525 = SURFACE_CURVE('',#4526,(#4530,#4537),.PCURVE_S1.);
#4526 = LINE('',#4527,#4528);
#4527 = CARTESIAN_POINT('',(1.695156086023,132.44954464918,10.1));
#4528 = VECTOR('',#4529,1.);
#4529 = DIRECTION('',(9.295856220048E-02,0.995669978313,0.));
#4530 = PCURVE('',#1855,#4531);
#4531 = DEFINITIONAL_REPRESENTATION('',(#4532),#4536);
#4532 = LINE('',#4533,#4534);
#4533 = CARTESIAN_POINT('',(7.600206259702,42.02455361812));
#4534 = VECTOR('',#4535,1.);
#4535 = DIRECTION('',(-9.295856220048E-02,0.995669978313));
#4536 = ( GEOMETRIC_REPRESENTATION_CONTEXT(2) 
PARAMETRIC_REPRESENTATION_CONTEXT() REPRESENTATION_CONTEXT('2D SPACE',''
  ) );
#4537 = PCURVE('',#3530,#4538);
#4538 = DEFINITIONAL_REPRESENTATION('',(#4539),#4543);
#4539 = LINE('',#4540,#4541);
#4540 = CARTESIAN_POINT('',(0.,-7.2));
#4541 = VECTOR('',#4542,1.);
#4542 = DIRECTION('',(1.,0.));
#4543 = ( GEOMETRIC_REPRESENTATION_CONTEXT(2) 
PARAMETRIC_REPRESENTATION_CONTEXT() REPRESENTATION_CONTEXT('2D SPACE',''
  ) );
#4544 = ORIENTED_EDGE('',*,*,#4545,.T.);
#4545 = EDGE_CURVE('',#4523,#4546,#4548,.T.);
#4546 = VERTEX_POINT('',#4547);
#4547 = CARTESIAN_POINT('',(2.085500103102,135.99891520994,10.1));
#4548 = SURFACE_CURVE('',#4549,(#4553,#4560),.PCURVE_S1.);
#4549 = LINE('',#4550,#4551);
#4550 = CARTESIAN_POINT('',(1.842801351218,134.03095850193,10.1));
#4551 = VECTOR('',#4552,1.);
#4552 = DIRECTION('',(0.122397979263,0.992481100411,0.));
#4553 = PCURVE('',#1855,#4554);
#4554 = DEFINITIONAL_REPRESENTATION('',(#4555),#4559);
#4555 = LINE('',#4556,#4557);
#4556 = CARTESIAN_POINT('',(7.452560994507,43.605967470865));
#4557 = VECTOR('',#4558,1.);
#4558 = DIRECTION('',(-0.122397979263,0.992481100411));
#4559 = ( GEOMETRIC_REPRESENTATION_CONTEXT(2) 
PARAMETRIC_REPRESENTATION_CONTEXT() REPRESENTATION_CONTEXT('2D SPACE',''
  ) );
#4560 = PCURVE('',#3558,#4561);
#4561 = DEFINITIONAL_REPRESENTATION('',(#4562),#4566);
#4562 = LINE('',#4563,#4564);
#4563 = CARTESIAN_POINT('',(0.,-7.2));
#4564 = VECTOR('',#4565,1.);
#4565 = DIRECTION('',(1.,0.));
#4566 = ( GEOMETRIC_REPRESENTATION_CONTEXT(2) 
PARAMETRIC_REPRESENTATION_CONTEXT() REPRESENTATION_CONTEXT('2D SPACE',''
  ) );
#4567 = ORIENTED_EDGE('',*,*,#4568,.T.);
#4568 = EDGE_CURVE('',#4546,#4569,#4571,.T.);
#4569 = VERTEX_POINT('',#4570);
#4570 = CARTESIAN_POINT('',(2.392771890886,137.95782825988,10.1));
#4571 = SURFACE_CURVE('',#4572,(#4576,#4583),.PCURVE_S1.);
#4572 = LINE('',#4573,#4574);
#4573 = CARTESIAN_POINT('',(2.085500103102,135.99891520994,10.1));
#4574 = VECTOR('',#4575,1.);
#4575 = DIRECTION('',(0.154963491231,0.987920197377,0.));
#4576 = PCURVE('',#1855,#4577);
#4577 = DEFINITIONAL_REPRESENTATION('',(#4578),#4582);
#4578 = LINE('',#4579,#4580);
#4579 = CARTESIAN_POINT('',(7.209862242623,45.573924178881));
#4580 = VECTOR('',#4581,1.);
#4581 = DIRECTION('',(-0.154963491231,0.987920197377));
#4582 = ( GEOMETRIC_REPRESENTATION_CONTEXT(2) 
PARAMETRIC_REPRESENTATION_CONTEXT() REPRESENTATION_CONTEXT('2D SPACE',''
  ) );
#4583 = PCURVE('',#3586,#4584);
#4584 = DEFINITIONAL_REPRESENTATION('',(#4585),#4589);
#4585 = LINE('',#4586,#4587);
#4586 = CARTESIAN_POINT('',(0.,-7.2));
#4587 = VECTOR('',#4588,1.);
#4588 = DIRECTION('',(1.,0.));
#4589 = ( GEOMETRIC_REPRESENTATION_CONTEXT(2) 
PARAMETRIC_REPRESENTATION_CONTEXT() REPRESENTATION_CONTEXT('2D SPACE',''
  ) );
#4590 = ORIENTED_EDGE('',*,*,#4591,.T.);
#4591 = EDGE_CURVE('',#4569,#4592,#4594,.T.);
#4592 = VERTEX_POINT('',#4593);
#4593 = CARTESIAN_POINT('',(2.76428445716,139.90557945085,10.1));
#4594 = SURFACE_CURVE('',#4595,(#4599,#4606),.PCURVE_S1.);
#4595 = LINE('',#4596,#4597);
#4596 = CARTESIAN_POINT('',(2.392771890886,137.95782825988,10.1));
#4597 = VECTOR('',#4598,1.);
#4598 = DIRECTION('',(0.187361438943,0.982291042002,0.));
#4599 = PCURVE('',#1855,#4600);
#4600 = DEFINITIONAL_REPRESENTATION('',(#4601),#4605);
#4601 = LINE('',#4602,#4603);
#4602 = CARTESIAN_POINT('',(6.902590454838,47.532837228821));
#4603 = VECTOR('',#4604,1.);
#4604 = DIRECTION('',(-0.187361438943,0.982291042002));
#4605 = ( GEOMETRIC_REPRESENTATION_CONTEXT(2) 
PARAMETRIC_REPRESENTATION_CONTEXT() REPRESENTATION_CONTEXT('2D SPACE',''
  ) );
#4606 = PCURVE('',#3614,#4607);
#4607 = DEFINITIONAL_REPRESENTATION('',(#4608),#4612);
#4608 = LINE('',#4609,#4610);
#4609 = CARTESIAN_POINT('',(0.,-7.2));
#4610 = VECTOR('',#4611,1.);
#4611 = DIRECTION('',(1.,0.));
#4612 = ( GEOMETRIC_REPRESENTATION_CONTEXT(2) 
PARAMETRIC_REPRESENTATION_CONTEXT() REPRESENTATION_CONTEXT('2D SPACE',''
  ) );
#4613 = ORIENTED_EDGE('',*,*,#4614,.T.);
#4614 = EDGE_CURVE('',#4592,#4615,#4617,.T.);
#4615 = VERTEX_POINT('',#4616);
#4616 = CARTESIAN_POINT('',(3.199636080033,141.84006265141,10.1));
#4617 = SURFACE_CURVE('',#4618,(#4622,#4629),.PCURVE_S1.);
#4618 = LINE('',#4619,#4620);
#4619 = CARTESIAN_POINT('',(2.76428445716,139.90557945085,10.1));
#4620 = VECTOR('',#4621,1.);
#4621 = DIRECTION('',(0.219556790032,0.975599721172,0.));
#4622 = PCURVE('',#1855,#4623);
#4623 = DEFINITIONAL_REPRESENTATION('',(#4624),#4628);
#4624 = LINE('',#4625,#4626);
#4625 = CARTESIAN_POINT('',(6.531077888565,49.480588419782));
#4626 = VECTOR('',#4627,1.);
#4627 = DIRECTION('',(-0.219556790032,0.975599721172));
#4628 = ( GEOMETRIC_REPRESENTATION_CONTEXT(2) 
PARAMETRIC_REPRESENTATION_CONTEXT() REPRESENTATION_CONTEXT('2D SPACE',''
  ) );
#4629 = PCURVE('',#3642,#4630);
#4630 = DEFINITIONAL_REPRESENTATION('',(#4631),#4635);
#4631 = LINE('',#4632,#4633);
#4632 = CARTESIAN_POINT('',(0.,-7.2));
#4633 = VECTOR('',#4634,1.);
#4634 = DIRECTION('',(1.,0.));
#4635 = ( GEOMETRIC_REPRESENTATION_CONTEXT(2) 
PARAMETRIC_REPRESENTATION_CONTEXT() REPRESENTATION_CONTEXT('2D SPACE',''
  ) );
#4636 = ORIENTED_EDGE('',*,*,#4637,.T.);
#4637 = EDGE_CURVE('',#4615,#4638,#4640,.T.);
#4638 = VERTEX_POINT('',#4639);
#4639 = CARTESIAN_POINT('',(3.698356007524,143.75918607701,10.1));
#4640 = SURFACE_CURVE('',#4641,(#4645,#4652),.PCURVE_S1.);
#4641 = LINE('',#4642,#4643);
#4642 = CARTESIAN_POINT('',(3.199636080033,141.84006265141,10.1));
#4643 = VECTOR('',#4644,1.);
#4644 = DIRECTION('',(0.251514731202,0.967853470309,0.));
#4645 = PCURVE('',#1855,#4646);
#4646 = DEFINITIONAL_REPRESENTATION('',(#4647),#4651);
#4647 = LINE('',#4648,#4649);
#4648 = CARTESIAN_POINT('',(6.095726265692,51.415071620344));
#4649 = VECTOR('',#4650,1.);
#4650 = DIRECTION('',(-0.251514731202,0.967853470309));
#4651 = ( GEOMETRIC_REPRESENTATION_CONTEXT(2) 
PARAMETRIC_REPRESENTATION_CONTEXT() REPRESENTATION_CONTEXT('2D SPACE',''
  ) );
#4652 = PCURVE('',#3670,#4653);
#4653 = DEFINITIONAL_REPRESENTATION('',(#4654),#4658);
#4654 = LINE('',#4655,#4656);
#4655 = CARTESIAN_POINT('',(0.,-7.2));
#4656 = VECTOR('',#4657,1.);
#4657 = DIRECTION('',(1.,0.));
#4658 = ( GEOMETRIC_REPRESENTATION_CONTEXT(2) 
PARAMETRIC_REPRESENTATION_CONTEXT() REPRESENTATION_CONTEXT('2D SPACE',''
  ) );
#4659 = ORIENTED_EDGE('',*,*,#4660,.T.);
#4660 = EDGE_CURVE('',#4638,#3851,#4661,.T.);
#4661 = SURFACE_CURVE('',#4662,(#4666,#4673),.PCURVE_S1.);
#4662 = LINE('',#4663,#4664);
#4663 = CARTESIAN_POINT('',(3.698356007524,143.75918607701,10.1));
#4664 = VECTOR('',#4665,1.);
#4665 = DIRECTION('',(0.283207802942,0.959058569824,0.));
#4666 = PCURVE('',#1855,#4667);
#4667 = DEFINITIONAL_REPRESENTATION('',(#4668),#4672);
#4668 = LINE('',#4669,#4670);
#4669 = CARTESIAN_POINT('',(5.597006338201,53.334195045951));
#4670 = VECTOR('',#4671,1.);
#4671 = DIRECTION('',(-0.283207802942,0.959058569824));
#4672 = ( GEOMETRIC_REPRESENTATION_CONTEXT(2) 
PARAMETRIC_REPRESENTATION_CONTEXT() REPRESENTATION_CONTEXT('2D SPACE',''
  ) );
#4673 = PCURVE('',#3696,#4674);
#4674 = DEFINITIONAL_REPRESENTATION('',(#4675),#4679);
#4675 = LINE('',#4676,#4677);
#4676 = CARTESIAN_POINT('',(0.,-7.2));
#4677 = VECTOR('',#4678,1.);
#4678 = DIRECTION('',(1.,0.));
#4679 = ( GEOMETRIC_REPRESENTATION_CONTEXT(2) 
PARAMETRIC_REPRESENTATION_CONTEXT() REPRESENTATION_CONTEXT('2D SPACE',''
  ) );
#4680 = FACE_BOUND('',#4681,.T.);
#4681 = EDGE_LOOP('',(#4682));
#4682 = ORIENTED_EDGE('',*,*,#2104,.F.);
#4683 = ADVANCED_FACE('',(#4684),#1930,.F.);
#4684 = FACE_BOUND('',#4685,.F.);
#4685 = EDGE_LOOP('',(#4686,#4687,#4688,#4711));
#4686 = ORIENTED_EDGE('',*,*,#2213,.F.);
#4687 = ORIENTED_EDGE('',*,*,#1913,.F.);
#4688 = ORIENTED_EDGE('',*,*,#4689,.T.);
#4689 = EDGE_CURVE('',#1914,#4690,#4692,.T.);
#4690 = VERTEX_POINT('',#4691);
#4691 = CARTESIAN_POINT('',(7.026561369816,10.228969386336,10.1));
#4692 = SURFACE_CURVE('',#4693,(#4697,#4704),.PCURVE_S1.);
#4693 = LINE('',#4694,#4695);
#4694 = CARTESIAN_POINT('',(13.3,11.177543583027,10.1));
#4695 = VECTOR('',#4696,1.);
#4696 = DIRECTION('',(-0.988760905963,-0.149505420772,0.));
#4697 = PCURVE('',#1930,#4698);
#4698 = DEFINITIONAL_REPRESENTATION('',(#4699),#4703);
#4699 = LINE('',#4700,#4701);
#4700 = CARTESIAN_POINT('',(0.,-7.2));
#4701 = VECTOR('',#4702,1.);
#4702 = DIRECTION('',(1.,0.));
#4703 = ( GEOMETRIC_REPRESENTATION_CONTEXT(2) 
PARAMETRIC_REPRESENTATION_CONTEXT() REPRESENTATION_CONTEXT('2D SPACE',''
  ) );
#4704 = PCURVE('',#1956,#4705);
#4705 = DEFINITIONAL_REPRESENTATION('',(#4706),#4710);
#4706 = LINE('',#4707,#4708);
#4707 = CARTESIAN_POINT('',(-4.004637654275,-79.24744744804));
#4708 = VECTOR('',#4709,1.);
#4709 = DIRECTION('',(0.988760905963,-0.149505420772));
#4710 = ( GEOMETRIC_REPRESENTATION_CONTEXT(2) 
PARAMETRIC_REPRESENTATION_CONTEXT() REPRESENTATION_CONTEXT('2D SPACE',''
  ) );
#4711 = ORIENTED_EDGE('',*,*,#4712,.F.);
#4712 = EDGE_CURVE('',#2214,#4690,#4713,.T.);
#4713 = SURFACE_CURVE('',#4714,(#4718,#4725),.PCURVE_S1.);
#4714 = LINE('',#4715,#4716);
#4715 = CARTESIAN_POINT('',(7.026561369816,10.228969386336,2.9));
#4716 = VECTOR('',#4717,1.);
#4717 = DIRECTION('',(0.,0.,1.));
#4718 = PCURVE('',#1930,#4719);
#4719 = DEFINITIONAL_REPRESENTATION('',(#4720),#4724);
#4720 = LINE('',#4721,#4722);
#4721 = CARTESIAN_POINT('',(6.344747847891,0.));
#4722 = VECTOR('',#4723,1.);
#4723 = DIRECTION('',(0.,-1.));
#4724 = ( GEOMETRIC_REPRESENTATION_CONTEXT(2) 
PARAMETRIC_REPRESENTATION_CONTEXT() REPRESENTATION_CONTEXT('2D SPACE',''
  ) );
#4725 = PCURVE('',#2252,#4726);
#4726 = DEFINITIONAL_REPRESENTATION('',(#4727),#4731);
#4727 = LINE('',#4728,#4729);
#4728 = CARTESIAN_POINT('',(0.,0.));
#4729 = VECTOR('',#4730,1.);
#4730 = DIRECTION('',(0.,-1.));
#4731 = ( GEOMETRIC_REPRESENTATION_CONTEXT(2) 
PARAMETRIC_REPRESENTATION_CONTEXT() REPRESENTATION_CONTEXT('2D SPACE',''
  ) );
#4732 = ADVANCED_FACE('',(#4733),#1982,.F.);
#4733 = FACE_BOUND('',#4734,.F.);
#4734 = EDGE_LOOP('',(#4735,#4736,#4759,#4780));
#4735 = ORIENTED_EDGE('',*,*,#2684,.F.);
#4736 = ORIENTED_EDGE('',*,*,#4737,.T.);
#4737 = EDGE_CURVE('',#2657,#4738,#4740,.T.);
#4738 = VERTEX_POINT('',#4739);
#4739 = CARTESIAN_POINT('',(1.739719841314,15.61622464122,10.1));
#4740 = SURFACE_CURVE('',#4741,(#4745,#4752),.PCURVE_S1.);
#4741 = LINE('',#4742,#4743);
#4742 = CARTESIAN_POINT('',(1.739719841314,15.61622464122,2.9));
#4743 = VECTOR('',#4744,1.);
#4744 = DIRECTION('',(0.,0.,1.));
#4745 = PCURVE('',#1982,#4746);
#4746 = DEFINITIONAL_REPRESENTATION('',(#4747),#4751);
#4747 = LINE('',#4748,#4749);
#4748 = CARTESIAN_POINT('',(0.,0.));
#4749 = VECTOR('',#4750,1.);
#4750 = DIRECTION('',(0.,-1.));
#4751 = ( GEOMETRIC_REPRESENTATION_CONTEXT(2) 
PARAMETRIC_REPRESENTATION_CONTEXT() REPRESENTATION_CONTEXT('2D SPACE',''
  ) );
#4752 = PCURVE('',#2672,#4753);
#4753 = DEFINITIONAL_REPRESENTATION('',(#4754),#4758);
#4754 = LINE('',#4755,#4756);
#4755 = CARTESIAN_POINT('',(0.487657220942,0.));
#4756 = VECTOR('',#4757,1.);
#4757 = DIRECTION('',(0.,-1.));
#4758 = ( GEOMETRIC_REPRESENTATION_CONTEXT(2) 
PARAMETRIC_REPRESENTATION_CONTEXT() REPRESENTATION_CONTEXT('2D SPACE',''
  ) );
#4759 = ORIENTED_EDGE('',*,*,#4760,.T.);
#4760 = EDGE_CURVE('',#4738,#1942,#4761,.T.);
#4761 = SURFACE_CURVE('',#4762,(#4766,#4773),.PCURVE_S1.);
#4762 = LINE('',#4763,#4764);
#4763 = CARTESIAN_POINT('',(1.739719841314,15.61622464122,10.1));
#4764 = VECTOR('',#4765,1.);
#4765 = DIRECTION('',(0.148433347634,0.988922414202,0.));
#4766 = PCURVE('',#1982,#4767);
#4767 = DEFINITIONAL_REPRESENTATION('',(#4768),#4772);
#4768 = LINE('',#4769,#4770);
#4769 = CARTESIAN_POINT('',(0.,-7.2));
#4770 = VECTOR('',#4771,1.);
#4771 = DIRECTION('',(1.,0.));
#4772 = ( GEOMETRIC_REPRESENTATION_CONTEXT(2) 
PARAMETRIC_REPRESENTATION_CONTEXT() REPRESENTATION_CONTEXT('2D SPACE',''
  ) );
#4773 = PCURVE('',#1956,#4774);
#4774 = DEFINITIONAL_REPRESENTATION('',(#4775),#4779);
#4775 = LINE('',#4776,#4777);
#4776 = CARTESIAN_POINT('',(7.55564250441,-74.80876638984));
#4777 = VECTOR('',#4778,1.);
#4778 = DIRECTION('',(-0.148433347634,0.988922414202));
#4779 = ( GEOMETRIC_REPRESENTATION_CONTEXT(2) 
PARAMETRIC_REPRESENTATION_CONTEXT() REPRESENTATION_CONTEXT('2D SPACE',''
  ) );
#4780 = ORIENTED_EDGE('',*,*,#1967,.F.);
#4781 = ADVANCED_FACE('',(#4782,#5153),#1956,.T.);
#4782 = FACE_BOUND('',#4783,.T.);
#4783 = EDGE_LOOP('',(#4784,#4785,#4786,#4809,#4832,#4855,#4878,#4901,
    #4924,#4947,#4970,#4993,#5016,#5039,#5062,#5085,#5108,#5131,#5152));
#4784 = ORIENTED_EDGE('',*,*,#1941,.F.);
#4785 = ORIENTED_EDGE('',*,*,#4689,.T.);
#4786 = ORIENTED_EDGE('',*,*,#4787,.T.);
#4787 = EDGE_CURVE('',#4690,#4788,#4790,.T.);
#4788 = VERTEX_POINT('',#4789);
#4789 = CARTESIAN_POINT('',(6.429930593279,10.200511459692,10.1));
#4790 = SURFACE_CURVE('',#4791,(#4795,#4802),.PCURVE_S1.);
#4791 = LINE('',#4792,#4793);
#4792 = CARTESIAN_POINT('',(7.026561369816,10.228969386336,10.1));
#4793 = VECTOR('',#4794,1.);
#4794 = DIRECTION('',(-0.99886440115,-4.764355271973E-02,0.));
#4795 = PCURVE('',#1956,#4796);
#4796 = DEFINITIONAL_REPRESENTATION('',(#4797),#4801);
#4797 = LINE('',#4798,#4799);
#4798 = CARTESIAN_POINT('',(2.268800975909,-80.19602164473));
#4799 = VECTOR('',#4800,1.);
#4800 = DIRECTION('',(0.99886440115,-4.764355271973E-02));
#4801 = ( GEOMETRIC_REPRESENTATION_CONTEXT(2) 
PARAMETRIC_REPRESENTATION_CONTEXT() REPRESENTATION_CONTEXT('2D SPACE',''
  ) );
#4802 = PCURVE('',#2252,#4803);
#4803 = DEFINITIONAL_REPRESENTATION('',(#4804),#4808);
#4804 = LINE('',#4805,#4806);
#4805 = CARTESIAN_POINT('',(0.,-7.2));
#4806 = VECTOR('',#4807,1.);
#4807 = DIRECTION('',(1.,0.));
#4808 = ( GEOMETRIC_REPRESENTATION_CONTEXT(2) 
PARAMETRIC_REPRESENTATION_CONTEXT() REPRESENTATION_CONTEXT('2D SPACE',''
  ) );
#4809 = ORIENTED_EDGE('',*,*,#4810,.T.);
#4810 = EDGE_CURVE('',#4788,#4811,#4813,.T.);
#4811 = VERTEX_POINT('',#4812);
#4812 = CARTESIAN_POINT('',(5.834113429571,10.246412399581,10.1));
#4813 = SURFACE_CURVE('',#4814,(#4818,#4825),.PCURVE_S1.);
#4814 = LINE('',#4815,#4816);
#4815 = CARTESIAN_POINT('',(6.429930593279,10.200511459692,10.1));
#4816 = VECTOR('',#4817,1.);
#4817 = DIRECTION('',(-0.997045668378,7.681103546313E-02,0.));
#4818 = PCURVE('',#1956,#4819);
#4819 = DEFINITIONAL_REPRESENTATION('',(#4820),#4824);
#4820 = LINE('',#4821,#4822);
#4821 = CARTESIAN_POINT('',(2.865431752446,-80.22447957137));
#4822 = VECTOR('',#4823,1.);
#4823 = DIRECTION('',(0.997045668378,7.681103546313E-02));
#4824 = ( GEOMETRIC_REPRESENTATION_CONTEXT(2) 
PARAMETRIC_REPRESENTATION_CONTEXT() REPRESENTATION_CONTEXT('2D SPACE',''
  ) );
#4825 = PCURVE('',#2280,#4826);
#4826 = DEFINITIONAL_REPRESENTATION('',(#4827),#4831);
#4827 = LINE('',#4828,#4829);
#4828 = CARTESIAN_POINT('',(0.,-7.2));
#4829 = VECTOR('',#4830,1.);
#4830 = DIRECTION('',(1.,0.));
#4831 = ( GEOMETRIC_REPRESENTATION_CONTEXT(2) 
PARAMETRIC_REPRESENTATION_CONTEXT() REPRESENTATION_CONTEXT('2D SPACE',''
  ) );
#4832 = ORIENTED_EDGE('',*,*,#4833,.T.);
#4833 = EDGE_CURVE('',#4811,#4834,#4836,.T.);
#4834 = VERTEX_POINT('',#4835);
#4835 = CARTESIAN_POINT('',(5.249384214133,10.365783760341,10.1));
#4836 = SURFACE_CURVE('',#4837,(#4841,#4848),.PCURVE_S1.);
#4837 = LINE('',#4838,#4839);
#4838 = CARTESIAN_POINT('',(5.834113429571,10.246412399581,10.1));
#4839 = VECTOR('',#4840,1.);
#4840 = DIRECTION('',(-0.979791296767,0.200022535677,0.));
#4841 = PCURVE('',#1956,#4842);
#4842 = DEFINITIONAL_REPRESENTATION('',(#4843),#4847);
#4843 = LINE('',#4844,#4845);
#4844 = CARTESIAN_POINT('',(3.461248916154,-80.17857863148));
#4845 = VECTOR('',#4846,1.);
#4846 = DIRECTION('',(0.979791296767,0.200022535677));
#4847 = ( GEOMETRIC_REPRESENTATION_CONTEXT(2) 
PARAMETRIC_REPRESENTATION_CONTEXT() REPRESENTATION_CONTEXT('2D SPACE',''
  ) );
#4848 = PCURVE('',#2308,#4849);
#4849 = DEFINITIONAL_REPRESENTATION('',(#4850),#4854);
#4850 = LINE('',#4851,#4852);
#4851 = CARTESIAN_POINT('',(0.,-7.2));
#4852 = VECTOR('',#4853,1.);
#4853 = DIRECTION('',(1.,0.));
#4854 = ( GEOMETRIC_REPRESENTATION_CONTEXT(2) 
PARAMETRIC_REPRESENTATION_CONTEXT() REPRESENTATION_CONTEXT('2D SPACE',''
  ) );
#4855 = ORIENTED_EDGE('',*,*,#4856,.T.);
#4856 = EDGE_CURVE('',#4834,#4857,#4859,.T.);
#4857 = VERTEX_POINT('',#4858);
#4858 = CARTESIAN_POINT('',(4.68277199238,10.557288850953,10.1));
#4859 = SURFACE_CURVE('',#4860,(#4864,#4871),.PCURVE_S1.);
#4860 = LINE('',#4861,#4862);
#4861 = CARTESIAN_POINT('',(5.249384214133,10.365783760341,10.1));
#4862 = VECTOR('',#4863,1.);
#4863 = DIRECTION('',(-0.947353656736,0.320189083308,0.));
#4864 = PCURVE('',#1956,#4865);
#4865 = DEFINITIONAL_REPRESENTATION('',(#4866),#4870);
#4866 = LINE('',#4867,#4868);
#4867 = CARTESIAN_POINT('',(4.045978131592,-80.05920727072));
#4868 = VECTOR('',#4869,1.);
#4869 = DIRECTION('',(0.947353656736,0.320189083308));
#4870 = ( GEOMETRIC_REPRESENTATION_CONTEXT(2) 
PARAMETRIC_REPRESENTATION_CONTEXT() REPRESENTATION_CONTEXT('2D SPACE',''
  ) );
#4871 = PCURVE('',#2336,#4872);
#4872 = DEFINITIONAL_REPRESENTATION('',(#4873),#4877);
#4873 = LINE('',#4874,#4875);
#4874 = CARTESIAN_POINT('',(0.,-7.2));
#4875 = VECTOR('',#4876,1.);
#4876 = DIRECTION('',(1.,0.));
#4877 = ( GEOMETRIC_REPRESENTATION_CONTEXT(2) 
PARAMETRIC_REPRESENTATION_CONTEXT() REPRESENTATION_CONTEXT('2D SPACE',''
  ) );
#4878 = ORIENTED_EDGE('',*,*,#4879,.T.);
#4879 = EDGE_CURVE('',#4857,#4880,#4882,.T.);
#4880 = VERTEX_POINT('',#4881);
#4881 = CARTESIAN_POINT('',(4.144834205565,10.817513409435,10.1));
#4882 = SURFACE_CURVE('',#4883,(#4887,#4894),.PCURVE_S1.);
#4883 = LINE('',#4884,#4885);
#4884 = CARTESIAN_POINT('',(4.68277199238,10.557288850953,10.1));
#4885 = VECTOR('',#4886,1.);
#4886 = DIRECTION('',(-0.900203809086,0.435468830235,0.));
#4887 = PCURVE('',#1956,#4888);
#4888 = DEFINITIONAL_REPRESENTATION('',(#4889),#4893);
#4889 = LINE('',#4890,#4891);
#4890 = CARTESIAN_POINT('',(4.612590353344,-79.86770218011));
#4891 = VECTOR('',#4892,1.);
#4892 = DIRECTION('',(0.900203809086,0.435468830235));
#4893 = ( GEOMETRIC_REPRESENTATION_CONTEXT(2) 
PARAMETRIC_REPRESENTATION_CONTEXT() REPRESENTATION_CONTEXT('2D SPACE',''
  ) );
#4894 = PCURVE('',#2364,#4895);
#4895 = DEFINITIONAL_REPRESENTATION('',(#4896),#4900);
#4896 = LINE('',#4897,#4898);
#4897 = CARTESIAN_POINT('',(0.,-7.2));
#4898 = VECTOR('',#4899,1.);
#4899 = DIRECTION('',(1.,0.));
#4900 = ( GEOMETRIC_REPRESENTATION_CONTEXT(2) 
PARAMETRIC_REPRESENTATION_CONTEXT() REPRESENTATION_CONTEXT('2D SPACE',''
  ) );
#4901 = ORIENTED_EDGE('',*,*,#4902,.T.);
#4902 = EDGE_CURVE('',#4880,#4903,#4905,.T.);
#4903 = VERTEX_POINT('',#4904);
#4904 = CARTESIAN_POINT('',(3.643353273295,11.142595499751,10.1));
#4905 = SURFACE_CURVE('',#4906,(#4910,#4917),.PCURVE_S1.);
#4906 = LINE('',#4907,#4908);
#4907 = CARTESIAN_POINT('',(4.144834205565,10.817513409435,10.1));
#4908 = VECTOR('',#4909,1.);
#4909 = DIRECTION('',(-0.839116210271,0.543952190601,0.));
#4910 = PCURVE('',#1956,#4911);
#4911 = DEFINITIONAL_REPRESENTATION('',(#4912),#4916);
#4912 = LINE('',#4913,#4914);
#4913 = CARTESIAN_POINT('',(5.15052814016,-79.60747762163));
#4914 = VECTOR('',#4915,1.);
#4915 = DIRECTION('',(0.839116210271,0.543952190601));
#4916 = ( GEOMETRIC_REPRESENTATION_CONTEXT(2) 
PARAMETRIC_REPRESENTATION_CONTEXT() REPRESENTATION_CONTEXT('2D SPACE',''
  ) );
#4917 = PCURVE('',#2392,#4918);
#4918 = DEFINITIONAL_REPRESENTATION('',(#4919),#4923);
#4919 = LINE('',#4920,#4921);
#4920 = CARTESIAN_POINT('',(0.,-7.2));
#4921 = VECTOR('',#4922,1.);
#4922 = DIRECTION('',(1.,0.));
#4923 = ( GEOMETRIC_REPRESENTATION_CONTEXT(2) 
PARAMETRIC_REPRESENTATION_CONTEXT() REPRESENTATION_CONTEXT('2D SPACE',''
  ) );
#4924 = ORIENTED_EDGE('',*,*,#4925,.T.);
#4925 = EDGE_CURVE('',#4903,#4926,#4928,.T.);
#4926 = VERTEX_POINT('',#4927);
#4927 = CARTESIAN_POINT('',(3.185462923608,11.5281353885,10.1));
#4928 = SURFACE_CURVE('',#4929,(#4933,#4940),.PCURVE_S1.);
#4929 = LINE('',#4930,#4931);
#4930 = CARTESIAN_POINT('',(3.643353273295,11.142595499751,10.1));
#4931 = VECTOR('',#4932,1.);
#4932 = DIRECTION('',(-0.764953985963,0.644084931791,0.));
#4933 = PCURVE('',#1956,#4934);
#4934 = DEFINITIONAL_REPRESENTATION('',(#4935),#4939);
#4935 = LINE('',#4936,#4937);
#4936 = CARTESIAN_POINT('',(5.65200907243,-79.28239553131));
#4937 = VECTOR('',#4938,1.);
#4938 = DIRECTION('',(0.764953985963,0.644084931791));
#4939 = ( GEOMETRIC_REPRESENTATION_CONTEXT(2) 
PARAMETRIC_REPRESENTATION_CONTEXT() REPRESENTATION_CONTEXT('2D SPACE',''
  ) );
#4940 = PCURVE('',#2420,#4941);
#4941 = DEFINITIONAL_REPRESENTATION('',(#4942),#4946);
#4942 = LINE('',#4943,#4944);
#4943 = CARTESIAN_POINT('',(0.,-7.2));
#4944 = VECTOR('',#4945,1.);
#4945 = DIRECTION('',(1.,0.));
#4946 = ( GEOMETRIC_REPRESENTATION_CONTEXT(2) 
PARAMETRIC_REPRESENTATION_CONTEXT() REPRESENTATION_CONTEXT('2D SPACE',''
  ) );
#4947 = ORIENTED_EDGE('',*,*,#4948,.T.);
#4948 = EDGE_CURVE('',#4926,#4949,#4951,.T.);
#4949 = VERTEX_POINT('',#4950);
#4950 = CARTESIAN_POINT('',(2.780263264301,11.966263259479,10.1));
#4951 = SURFACE_CURVE('',#4952,(#4956,#4963),.PCURVE_S1.);
#4952 = LINE('',#4953,#4954);
#4953 = CARTESIAN_POINT('',(3.185462923608,11.5281353885,10.1));
#4954 = VECTOR('',#4955,1.);
#4955 = DIRECTION('',(-0.6789800127,0.734156755982,0.));
#4956 = PCURVE('',#1956,#4957);
#4957 = DEFINITIONAL_REPRESENTATION('',(#4958),#4962);
#4958 = LINE('',#4959,#4960);
#4959 = CARTESIAN_POINT('',(6.109899422117,-78.89685564256));
#4960 = VECTOR('',#4961,1.);
#4961 = DIRECTION('',(0.6789800127,0.734156755982));
#4962 = ( GEOMETRIC_REPRESENTATION_CONTEXT(2) 
PARAMETRIC_REPRESENTATION_CONTEXT() REPRESENTATION_CONTEXT('2D SPACE',''
  ) );
#4963 = PCURVE('',#2448,#4964);
#4964 = DEFINITIONAL_REPRESENTATION('',(#4965),#4969);
#4965 = LINE('',#4966,#4967);
#4966 = CARTESIAN_POINT('',(0.,-7.2));
#4967 = VECTOR('',#4968,1.);
#4968 = DIRECTION('',(1.,0.));
#4969 = ( GEOMETRIC_REPRESENTATION_CONTEXT(2) 
PARAMETRIC_REPRESENTATION_CONTEXT() REPRESENTATION_CONTEXT('2D SPACE',''
  ) );
#4970 = ORIENTED_EDGE('',*,*,#4971,.T.);
#4971 = EDGE_CURVE('',#4949,#4972,#4974,.T.);
#4972 = VERTEX_POINT('',#4973);
#4973 = CARTESIAN_POINT('',(2.491800160301,12.359103552762,10.1));
#4974 = SURFACE_CURVE('',#4975,(#4979,#4986),.PCURVE_S1.);
#4975 = LINE('',#4976,#4977);
#4976 = CARTESIAN_POINT('',(2.780263264301,11.966263259479,10.1));
#4977 = VECTOR('',#4978,1.);
#4978 = DIRECTION('',(-0.591870865041,0.806032802754,0.));
#4979 = PCURVE('',#1956,#4980);
#4980 = DEFINITIONAL_REPRESENTATION('',(#4981),#4985);
#4981 = LINE('',#4982,#4983);
#4982 = CARTESIAN_POINT('',(6.515099081423,-78.45872777158));
#4983 = VECTOR('',#4984,1.);
#4984 = DIRECTION('',(0.591870865041,0.806032802754));
#4985 = ( GEOMETRIC_REPRESENTATION_CONTEXT(2) 
PARAMETRIC_REPRESENTATION_CONTEXT() REPRESENTATION_CONTEXT('2D SPACE',''
  ) );
#4986 = PCURVE('',#2476,#4987);
#4987 = DEFINITIONAL_REPRESENTATION('',(#4988),#4992);
#4988 = LINE('',#4989,#4990);
#4989 = CARTESIAN_POINT('',(0.,-7.2));
#4990 = VECTOR('',#4991,1.);
#4991 = DIRECTION('',(1.,0.));
#4992 = ( GEOMETRIC_REPRESENTATION_CONTEXT(2) 
PARAMETRIC_REPRESENTATION_CONTEXT() REPRESENTATION_CONTEXT('2D SPACE',''
  ) );
#4993 = ORIENTED_EDGE('',*,*,#4994,.T.);
#4994 = EDGE_CURVE('',#4972,#4995,#4997,.T.);
#4995 = VERTEX_POINT('',#4996);
#4996 = CARTESIAN_POINT('',(2.244662653595,12.779165907127,10.1));
#4997 = SURFACE_CURVE('',#4998,(#5002,#5009),.PCURVE_S1.);
#4998 = LINE('',#4999,#5000);
#4999 = CARTESIAN_POINT('',(2.491800160301,12.359103552762,10.1));
#5000 = VECTOR('',#5001,1.);
#5001 = DIRECTION('',(-0.507084154898,0.86189654823,0.));
#5002 = PCURVE('',#1956,#5003);
#5003 = DEFINITIONAL_REPRESENTATION('',(#5004),#5008);
#5004 = LINE('',#5005,#5006);
#5005 = CARTESIAN_POINT('',(6.803562185424,-78.0658874783));
#5006 = VECTOR('',#5007,1.);
#5007 = DIRECTION('',(0.507084154898,0.86189654823));
#5008 = ( GEOMETRIC_REPRESENTATION_CONTEXT(2) 
PARAMETRIC_REPRESENTATION_CONTEXT() REPRESENTATION_CONTEXT('2D SPACE',''
  ) );
#5009 = PCURVE('',#2504,#5010);
#5010 = DEFINITIONAL_REPRESENTATION('',(#5011),#5015);
#5011 = LINE('',#5012,#5013);
#5012 = CARTESIAN_POINT('',(0.,-7.2));
#5013 = VECTOR('',#5014,1.);
#5014 = DIRECTION('',(1.,0.));
#5015 = ( GEOMETRIC_REPRESENTATION_CONTEXT(2) 
PARAMETRIC_REPRESENTATION_CONTEXT() REPRESENTATION_CONTEXT('2D SPACE',''
  ) );
#5016 = ORIENTED_EDGE('',*,*,#5017,.T.);
#5017 = EDGE_CURVE('',#4995,#5018,#5020,.T.);
#5018 = VERTEX_POINT('',#5019);
#5019 = CARTESIAN_POINT('',(2.041159954436,13.222714024959,10.1));
#5020 = SURFACE_CURVE('',#5021,(#5025,#5032),.PCURVE_S1.);
#5021 = LINE('',#5022,#5023);
#5022 = CARTESIAN_POINT('',(2.244662653595,12.779165907127,10.1));
#5023 = VECTOR('',#5024,1.);
#5024 = DIRECTION('',(-0.417009979261,0.908901907357,0.));
#5025 = PCURVE('',#1956,#5026);
#5026 = DEFINITIONAL_REPRESENTATION('',(#5027),#5031);
#5027 = LINE('',#5028,#5029);
#5028 = CARTESIAN_POINT('',(7.05069969213,-77.64582512394));
#5029 = VECTOR('',#5030,1.);
#5030 = DIRECTION('',(0.417009979261,0.908901907357));
#5031 = ( GEOMETRIC_REPRESENTATION_CONTEXT(2) 
PARAMETRIC_REPRESENTATION_CONTEXT() REPRESENTATION_CONTEXT('2D SPACE',''
  ) );
#5032 = PCURVE('',#2532,#5033);
#5033 = DEFINITIONAL_REPRESENTATION('',(#5034),#5038);
#5034 = LINE('',#5035,#5036);
#5035 = CARTESIAN_POINT('',(0.,-7.2));
#5036 = VECTOR('',#5037,1.);
#5037 = DIRECTION('',(1.,0.));
#5038 = ( GEOMETRIC_REPRESENTATION_CONTEXT(2) 
PARAMETRIC_REPRESENTATION_CONTEXT() REPRESENTATION_CONTEXT('2D SPACE',''
  ) );
#5039 = ORIENTED_EDGE('',*,*,#5040,.T.);
#5040 = EDGE_CURVE('',#5018,#5041,#5043,.T.);
#5041 = VERTEX_POINT('',#5042);
#5042 = CARTESIAN_POINT('',(1.883923924039,13.684005447997,10.1));
#5043 = SURFACE_CURVE('',#5044,(#5048,#5055),.PCURVE_S1.);
#5044 = LINE('',#5045,#5046);
#5045 = CARTESIAN_POINT('',(2.041159954436,13.222714024959,10.1));
#5046 = VECTOR('',#5047,1.);
#5047 = DIRECTION('',(-0.322632733408,0.946524230716,0.));
#5048 = PCURVE('',#1956,#5049);
#5049 = DEFINITIONAL_REPRESENTATION('',(#5050),#5054);
#5050 = LINE('',#5051,#5052);
#5051 = CARTESIAN_POINT('',(7.254202391289,-77.2022770061));
#5052 = VECTOR('',#5053,1.);
#5053 = DIRECTION('',(0.322632733408,0.946524230716));
#5054 = ( GEOMETRIC_REPRESENTATION_CONTEXT(2) 
PARAMETRIC_REPRESENTATION_CONTEXT() REPRESENTATION_CONTEXT('2D SPACE',''
  ) );
#5055 = PCURVE('',#2560,#5056);
#5056 = DEFINITIONAL_REPRESENTATION('',(#5057),#5061);
#5057 = LINE('',#5058,#5059);
#5058 = CARTESIAN_POINT('',(0.,-7.2));
#5059 = VECTOR('',#5060,1.);
#5060 = DIRECTION('',(1.,0.));
#5061 = ( GEOMETRIC_REPRESENTATION_CONTEXT(2) 
PARAMETRIC_REPRESENTATION_CONTEXT() REPRESENTATION_CONTEXT('2D SPACE',''
  ) );
#5062 = ORIENTED_EDGE('',*,*,#5063,.T.);
#5063 = EDGE_CURVE('',#5041,#5064,#5066,.T.);
#5064 = VERTEX_POINT('',#5065);
#5065 = CARTESIAN_POINT('',(1.774285972464,14.15879436043,10.1));
#5066 = SURFACE_CURVE('',#5067,(#5071,#5078),.PCURVE_S1.);
#5067 = LINE('',#5068,#5069);
#5068 = CARTESIAN_POINT('',(1.883923924039,13.684005447997,10.1));
#5069 = VECTOR('',#5070,1.);
#5070 = DIRECTION('',(-0.224998387605,0.97435913583,0.));
#5071 = PCURVE('',#1956,#5072);
#5072 = DEFINITIONAL_REPRESENTATION('',(#5073),#5077);
#5073 = LINE('',#5074,#5075);
#5074 = CARTESIAN_POINT('',(7.411438421686,-76.74098558307));
#5075 = VECTOR('',#5076,1.);
#5076 = DIRECTION('',(0.224998387605,0.97435913583));
#5077 = ( GEOMETRIC_REPRESENTATION_CONTEXT(2) 
PARAMETRIC_REPRESENTATION_CONTEXT() REPRESENTATION_CONTEXT('2D SPACE',''
  ) );
#5078 = PCURVE('',#2588,#5079);
#5079 = DEFINITIONAL_REPRESENTATION('',(#5080),#5084);
#5080 = LINE('',#5081,#5082);
#5081 = CARTESIAN_POINT('',(0.,-7.2));
#5082 = VECTOR('',#5083,1.);
#5083 = DIRECTION('',(1.,0.));
#5084 = ( GEOMETRIC_REPRESENTATION_CONTEXT(2) 
PARAMETRIC_REPRESENTATION_CONTEXT() REPRESENTATION_CONTEXT('2D SPACE',''
  ) );
#5085 = ORIENTED_EDGE('',*,*,#5086,.T.);
#5086 = EDGE_CURVE('',#5064,#5087,#5089,.T.);
#5087 = VERTEX_POINT('',#5088);
#5088 = CARTESIAN_POINT('',(1.713318077558,14.64268197553,10.1));
#5089 = SURFACE_CURVE('',#5090,(#5094,#5101),.PCURVE_S1.);
#5090 = LINE('',#5091,#5092);
#5091 = CARTESIAN_POINT('',(1.774285972464,14.15879436043,10.1));
#5092 = VECTOR('',#5093,1.);
#5093 = DIRECTION('',(-0.125007640976,0.992155778947,0.));
#5094 = PCURVE('',#1956,#5095);
#5095 = DEFINITIONAL_REPRESENTATION('',(#5096),#5100);
#5096 = LINE('',#5097,#5098);
#5097 = CARTESIAN_POINT('',(7.521076373261,-76.26619667063));
#5098 = VECTOR('',#5099,1.);
#5099 = DIRECTION('',(0.125007640976,0.992155778947));
#5100 = ( GEOMETRIC_REPRESENTATION_CONTEXT(2) 
PARAMETRIC_REPRESENTATION_CONTEXT() REPRESENTATION_CONTEXT('2D SPACE',''
  ) );
#5101 = PCURVE('',#2616,#5102);
#5102 = DEFINITIONAL_REPRESENTATION('',(#5103),#5107);
#5103 = LINE('',#5104,#5105);
#5104 = CARTESIAN_POINT('',(0.,-7.2));
#5105 = VECTOR('',#5106,1.);
#5106 = DIRECTION('',(1.,0.));
#5107 = ( GEOMETRIC_REPRESENTATION_CONTEXT(2) 
PARAMETRIC_REPRESENTATION_CONTEXT() REPRESENTATION_CONTEXT('2D SPACE',''
  ) );
#5108 = ORIENTED_EDGE('',*,*,#5109,.T.);
#5109 = EDGE_CURVE('',#5087,#5110,#5112,.T.);
#5110 = VERTEX_POINT('',#5111);
#5111 = CARTESIAN_POINT('',(1.701762016404,15.130046928172,10.1));
#5112 = SURFACE_CURVE('',#5113,(#5117,#5124),.PCURVE_S1.);
#5113 = LINE('',#5114,#5115);
#5114 = CARTESIAN_POINT('',(1.713318077558,14.64268197553,10.1));
#5115 = VECTOR('',#5116,1.);
#5116 = DIRECTION('',(-2.370464659098E-02,0.999719005386,0.));
#5117 = PCURVE('',#1956,#5118);
#5118 = DEFINITIONAL_REPRESENTATION('',(#5119),#5123);
#5119 = LINE('',#5120,#5121);
#5120 = CARTESIAN_POINT('',(7.582044268166,-75.78230905553));
#5121 = VECTOR('',#5122,1.);
#5122 = DIRECTION('',(2.370464659098E-02,0.999719005386));
#5123 = ( GEOMETRIC_REPRESENTATION_CONTEXT(2) 
PARAMETRIC_REPRESENTATION_CONTEXT() REPRESENTATION_CONTEXT('2D SPACE',''
  ) );
#5124 = PCURVE('',#2644,#5125);
#5125 = DEFINITIONAL_REPRESENTATION('',(#5126),#5130);
#5126 = LINE('',#5127,#5128);
#5127 = CARTESIAN_POINT('',(0.,-7.2));
#5128 = VECTOR('',#5129,1.);
#5129 = DIRECTION('',(1.,0.));
#5130 = ( GEOMETRIC_REPRESENTATION_CONTEXT(2) 
PARAMETRIC_REPRESENTATION_CONTEXT() REPRESENTATION_CONTEXT('2D SPACE',''
  ) );
#5131 = ORIENTED_EDGE('',*,*,#5132,.T.);
#5132 = EDGE_CURVE('',#5110,#4738,#5133,.T.);
#5133 = SURFACE_CURVE('',#5134,(#5138,#5145),.PCURVE_S1.);
#5134 = LINE('',#5135,#5136);
#5135 = CARTESIAN_POINT('',(1.701762016404,15.130046928172,10.1));
#5136 = VECTOR('',#5137,1.);
#5137 = DIRECTION('',(7.783710212859E-02,0.996966090463,0.));
#5138 = PCURVE('',#1956,#5139);
#5139 = DEFINITIONAL_REPRESENTATION('',(#5140),#5144);
#5140 = LINE('',#5141,#5142);
#5141 = CARTESIAN_POINT('',(7.59360032932,-75.29494410289));
#5142 = VECTOR('',#5143,1.);
#5143 = DIRECTION('',(-7.783710212859E-02,0.996966090463));
#5144 = ( GEOMETRIC_REPRESENTATION_CONTEXT(2) 
PARAMETRIC_REPRESENTATION_CONTEXT() REPRESENTATION_CONTEXT('2D SPACE',''
  ) );
#5145 = PCURVE('',#2672,#5146);
#5146 = DEFINITIONAL_REPRESENTATION('',(#5147),#5151);
#5147 = LINE('',#5148,#5149);
#5148 = CARTESIAN_POINT('',(0.,-7.2));
#5149 = VECTOR('',#5150,1.);
#5150 = DIRECTION('',(1.,0.));
#5151 = ( GEOMETRIC_REPRESENTATION_CONTEXT(2) 
PARAMETRIC_REPRESENTATION_CONTEXT() REPRESENTATION_CONTEXT('2D SPACE',''
  ) );
#5152 = ORIENTED_EDGE('',*,*,#4760,.T.);
#5153 = FACE_BOUND('',#5154,.T.);
#5154 = EDGE_LOOP('',(#5155));
#5155 = ORIENTED_EDGE('',*,*,#2052,.F.);
#5156 = ADVANCED_FACE('',(#5157),#2195,.T.);
#5157 = FACE_BOUND('',#5158,.T.);
#5158 = EDGE_LOOP('',(#5159));
#5159 = ORIENTED_EDGE('',*,*,#2180,.T.);
#5160 = ADVANCED_FACE('',(#5161),#2252,.F.);
#5161 = FACE_BOUND('',#5162,.F.);
#5162 = EDGE_LOOP('',(#5163,#5164,#5165,#5186));
#5163 = ORIENTED_EDGE('',*,*,#4712,.T.);
#5164 = ORIENTED_EDGE('',*,*,#4787,.T.);
#5165 = ORIENTED_EDGE('',*,*,#5166,.F.);
#5166 = EDGE_CURVE('',#2237,#4788,#5167,.T.);
#5167 = SURFACE_CURVE('',#5168,(#5172,#5179),.PCURVE_S1.);
#5168 = LINE('',#5169,#5170);
#5169 = CARTESIAN_POINT('',(6.429930593279,10.200511459692,2.9));
#5170 = VECTOR('',#5171,1.);
#5171 = DIRECTION('',(0.,0.,1.));
#5172 = PCURVE('',#2252,#5173);
#5173 = DEFINITIONAL_REPRESENTATION('',(#5174),#5178);
#5174 = LINE('',#5175,#5176);
#5175 = CARTESIAN_POINT('',(0.597309080042,0.));
#5176 = VECTOR('',#5177,1.);
#5177 = DIRECTION('',(0.,-1.));
#5178 = ( GEOMETRIC_REPRESENTATION_CONTEXT(2) 
PARAMETRIC_REPRESENTATION_CONTEXT() REPRESENTATION_CONTEXT('2D SPACE',''
  ) );
#5179 = PCURVE('',#2280,#5180);
#5180 = DEFINITIONAL_REPRESENTATION('',(#5181),#5185);
#5181 = LINE('',#5182,#5183);
#5182 = CARTESIAN_POINT('',(0.,0.));
#5183 = VECTOR('',#5184,1.);
#5184 = DIRECTION('',(0.,-1.));
#5185 = ( GEOMETRIC_REPRESENTATION_CONTEXT(2) 
PARAMETRIC_REPRESENTATION_CONTEXT() REPRESENTATION_CONTEXT('2D SPACE',''
  ) );
#5186 = ORIENTED_EDGE('',*,*,#2236,.F.);
#5187 = ADVANCED_FACE('',(#5188),#2672,.F.);
#5188 = FACE_BOUND('',#5189,.F.);
#5189 = EDGE_LOOP('',(#5190,#5211,#5212,#5213));
#5190 = ORIENTED_EDGE('',*,*,#5191,.T.);
#5191 = EDGE_CURVE('',#2629,#5110,#5192,.T.);
#5192 = SURFACE_CURVE('',#5193,(#5197,#5204),.PCURVE_S1.);
#5193 = LINE('',#5194,#5195);
#5194 = CARTESIAN_POINT('',(1.701762016404,15.130046928172,2.9));
#5195 = VECTOR('',#5196,1.);
#5196 = DIRECTION('',(0.,0.,1.));
#5197 = PCURVE('',#2672,#5198);
#5198 = DEFINITIONAL_REPRESENTATION('',(#5199),#5203);
#5199 = LINE('',#5200,#5201);
#5200 = CARTESIAN_POINT('',(0.,0.));
#5201 = VECTOR('',#5202,1.);
#5202 = DIRECTION('',(0.,-1.));
#5203 = ( GEOMETRIC_REPRESENTATION_CONTEXT(2) 
PARAMETRIC_REPRESENTATION_CONTEXT() REPRESENTATION_CONTEXT('2D SPACE',''
  ) );
#5204 = PCURVE('',#2644,#5205);
#5205 = DEFINITIONAL_REPRESENTATION('',(#5206),#5210);
#5206 = LINE('',#5207,#5208);
#5207 = CARTESIAN_POINT('',(0.487501938061,0.));
#5208 = VECTOR('',#5209,1.);
#5209 = DIRECTION('',(0.,-1.));
#5210 = ( GEOMETRIC_REPRESENTATION_CONTEXT(2) 
PARAMETRIC_REPRESENTATION_CONTEXT() REPRESENTATION_CONTEXT('2D SPACE',''
  ) );
#5211 = ORIENTED_EDGE('',*,*,#5132,.T.);
#5212 = ORIENTED_EDGE('',*,*,#4737,.F.);
#5213 = ORIENTED_EDGE('',*,*,#2656,.F.);
#5214 = ADVANCED_FACE('',(#5215),#2280,.F.);
#5215 = FACE_BOUND('',#5216,.F.);
#5216 = EDGE_LOOP('',(#5217,#5218,#5219,#5240));
#5217 = ORIENTED_EDGE('',*,*,#5166,.T.);
#5218 = ORIENTED_EDGE('',*,*,#4810,.T.);
#5219 = ORIENTED_EDGE('',*,*,#5220,.F.);
#5220 = EDGE_CURVE('',#2265,#4811,#5221,.T.);
#5221 = SURFACE_CURVE('',#5222,(#5226,#5233),.PCURVE_S1.);
#5222 = LINE('',#5223,#5224);
#5223 = CARTESIAN_POINT('',(5.834113429571,10.246412399581,2.9));
#5224 = VECTOR('',#5225,1.);
#5225 = DIRECTION('',(0.,0.,1.));
#5226 = PCURVE('',#2280,#5227);
#5227 = DEFINITIONAL_REPRESENTATION('',(#5228),#5232);
#5228 = LINE('',#5229,#5230);
#5229 = CARTESIAN_POINT('',(0.597582620942,0.));
#5230 = VECTOR('',#5231,1.);
#5231 = DIRECTION('',(0.,-1.));
#5232 = ( GEOMETRIC_REPRESENTATION_CONTEXT(2) 
PARAMETRIC_REPRESENTATION_CONTEXT() REPRESENTATION_CONTEXT('2D SPACE',''
  ) );
#5233 = PCURVE('',#2308,#5234);
#5234 = DEFINITIONAL_REPRESENTATION('',(#5235),#5239);
#5235 = LINE('',#5236,#5237);
#5236 = CARTESIAN_POINT('',(0.,0.));
#5237 = VECTOR('',#5238,1.);
#5238 = DIRECTION('',(0.,-1.));
#5239 = ( GEOMETRIC_REPRESENTATION_CONTEXT(2) 
PARAMETRIC_REPRESENTATION_CONTEXT() REPRESENTATION_CONTEXT('2D SPACE',''
  ) );
#5240 = ORIENTED_EDGE('',*,*,#2264,.F.);
#5241 = ADVANCED_FACE('',(#5242),#2644,.F.);
#5242 = FACE_BOUND('',#5243,.F.);
#5243 = EDGE_LOOP('',(#5244,#5265,#5266,#5267));
#5244 = ORIENTED_EDGE('',*,*,#5245,.T.);
#5245 = EDGE_CURVE('',#2601,#5087,#5246,.T.);
#5246 = SURFACE_CURVE('',#5247,(#5251,#5258),.PCURVE_S1.);
#5247 = LINE('',#5248,#5249);
#5248 = CARTESIAN_POINT('',(1.713318077558,14.64268197553,2.9));
#5249 = VECTOR('',#5250,1.);
#5250 = DIRECTION('',(0.,0.,1.));
#5251 = PCURVE('',#2644,#5252);
#5252 = DEFINITIONAL_REPRESENTATION('',(#5253),#5257);
#5253 = LINE('',#5254,#5255);
#5254 = CARTESIAN_POINT('',(0.,0.));
#5255 = VECTOR('',#5256,1.);
#5256 = DIRECTION('',(0.,-1.));
#5257 = ( GEOMETRIC_REPRESENTATION_CONTEXT(2) 
PARAMETRIC_REPRESENTATION_CONTEXT() REPRESENTATION_CONTEXT('2D SPACE',''
  ) );
#5258 = PCURVE('',#2616,#5259);
#5259 = DEFINITIONAL_REPRESENTATION('',(#5260),#5264);
#5260 = LINE('',#5261,#5262);
#5261 = CARTESIAN_POINT('',(0.4877133464,0.));
#5262 = VECTOR('',#5263,1.);
#5263 = DIRECTION('',(0.,-1.));
#5264 = ( GEOMETRIC_REPRESENTATION_CONTEXT(2) 
PARAMETRIC_REPRESENTATION_CONTEXT() REPRESENTATION_CONTEXT('2D SPACE',''
  ) );
#5265 = ORIENTED_EDGE('',*,*,#5109,.T.);
#5266 = ORIENTED_EDGE('',*,*,#5191,.F.);
#5267 = ORIENTED_EDGE('',*,*,#2628,.F.);
#5268 = ADVANCED_FACE('',(#5269),#2308,.F.);
#5269 = FACE_BOUND('',#5270,.F.);
#5270 = EDGE_LOOP('',(#5271,#5272,#5273,#5294));
#5271 = ORIENTED_EDGE('',*,*,#5220,.T.);
#5272 = ORIENTED_EDGE('',*,*,#4833,.T.);
#5273 = ORIENTED_EDGE('',*,*,#5274,.F.);
#5274 = EDGE_CURVE('',#2293,#4834,#5275,.T.);
#5275 = SURFACE_CURVE('',#5276,(#5280,#5287),.PCURVE_S1.);
#5276 = LINE('',#5277,#5278);
#5277 = CARTESIAN_POINT('',(5.249384214133,10.365783760341,2.9));
#5278 = VECTOR('',#5279,1.);
#5279 = DIRECTION('',(0.,0.,1.));
#5280 = PCURVE('',#2308,#5281);
#5281 = DEFINITIONAL_REPRESENTATION('',(#5282),#5286);
#5282 = LINE('',#5283,#5284);
#5283 = CARTESIAN_POINT('',(0.596789558518,0.));
#5284 = VECTOR('',#5285,1.);
#5285 = DIRECTION('',(0.,-1.));
#5286 = ( GEOMETRIC_REPRESENTATION_CONTEXT(2) 
PARAMETRIC_REPRESENTATION_CONTEXT() REPRESENTATION_CONTEXT('2D SPACE',''
  ) );
#5287 = PCURVE('',#2336,#5288);
#5288 = DEFINITIONAL_REPRESENTATION('',(#5289),#5293);
#5289 = LINE('',#5290,#5291);
#5290 = CARTESIAN_POINT('',(0.,0.));
#5291 = VECTOR('',#5292,1.);
#5292 = DIRECTION('',(0.,-1.));
#5293 = ( GEOMETRIC_REPRESENTATION_CONTEXT(2) 
PARAMETRIC_REPRESENTATION_CONTEXT() REPRESENTATION_CONTEXT('2D SPACE',''
  ) );
#5294 = ORIENTED_EDGE('',*,*,#2292,.F.);
#5295 = ADVANCED_FACE('',(#5296),#2616,.F.);
#5296 = FACE_BOUND('',#5297,.F.);
#5297 = EDGE_LOOP('',(#5298,#5319,#5320,#5321));
#5298 = ORIENTED_EDGE('',*,*,#5299,.T.);
#5299 = EDGE_CURVE('',#2573,#5064,#5300,.T.);
#5300 = SURFACE_CURVE('',#5301,(#5305,#5312),.PCURVE_S1.);
#5301 = LINE('',#5302,#5303);
#5302 = CARTESIAN_POINT('',(1.774285972464,14.15879436043,2.9));
#5303 = VECTOR('',#5304,1.);
#5304 = DIRECTION('',(0.,0.,1.));
#5305 = PCURVE('',#2616,#5306);
#5306 = DEFINITIONAL_REPRESENTATION('',(#5307),#5311);
#5307 = LINE('',#5308,#5309);
#5308 = CARTESIAN_POINT('',(0.,0.));
#5309 = VECTOR('',#5310,1.);
#5310 = DIRECTION('',(0.,-1.));
#5311 = ( GEOMETRIC_REPRESENTATION_CONTEXT(2) 
PARAMETRIC_REPRESENTATION_CONTEXT() REPRESENTATION_CONTEXT('2D SPACE',''
  ) );
#5312 = PCURVE('',#2588,#5313);
#5313 = DEFINITIONAL_REPRESENTATION('',(#5314),#5318);
#5314 = LINE('',#5315,#5316);
#5315 = CARTESIAN_POINT('',(0.487283276744,0.));
#5316 = VECTOR('',#5317,1.);
#5317 = DIRECTION('',(0.,-1.));
#5318 = ( GEOMETRIC_REPRESENTATION_CONTEXT(2) 
PARAMETRIC_REPRESENTATION_CONTEXT() REPRESENTATION_CONTEXT('2D SPACE',''
  ) );
#5319 = ORIENTED_EDGE('',*,*,#5086,.T.);
#5320 = ORIENTED_EDGE('',*,*,#5245,.F.);
#5321 = ORIENTED_EDGE('',*,*,#2600,.F.);
#5322 = ADVANCED_FACE('',(#5323),#2336,.F.);
#5323 = FACE_BOUND('',#5324,.F.);
#5324 = EDGE_LOOP('',(#5325,#5326,#5327,#5348));
#5325 = ORIENTED_EDGE('',*,*,#5274,.T.);
#5326 = ORIENTED_EDGE('',*,*,#4856,.T.);
#5327 = ORIENTED_EDGE('',*,*,#5328,.F.);
#5328 = EDGE_CURVE('',#2321,#4857,#5329,.T.);
#5329 = SURFACE_CURVE('',#5330,(#5334,#5341),.PCURVE_S1.);
#5330 = LINE('',#5331,#5332);
#5331 = CARTESIAN_POINT('',(4.68277199238,10.557288850953,2.9));
#5332 = VECTOR('',#5333,1.);
#5333 = DIRECTION('',(0.,0.,1.));
#5334 = PCURVE('',#2336,#5335);
#5335 = DEFINITIONAL_REPRESENTATION('',(#5336),#5340);
#5336 = LINE('',#5337,#5338);
#5337 = CARTESIAN_POINT('',(0.59809999964,0.));
#5338 = VECTOR('',#5339,1.);
#5339 = DIRECTION('',(0.,-1.));
#5340 = ( GEOMETRIC_REPRESENTATION_CONTEXT(2) 
PARAMETRIC_REPRESENTATION_CONTEXT() REPRESENTATION_CONTEXT('2D SPACE',''
  ) );
#5341 = PCURVE('',#2364,#5342);
#5342 = DEFINITIONAL_REPRESENTATION('',(#5343),#5347);
#5343 = LINE('',#5344,#5345);
#5344 = CARTESIAN_POINT('',(0.,0.));
#5345 = VECTOR('',#5346,1.);
#5346 = DIRECTION('',(0.,-1.));
#5347 = ( GEOMETRIC_REPRESENTATION_CONTEXT(2) 
PARAMETRIC_REPRESENTATION_CONTEXT() REPRESENTATION_CONTEXT('2D SPACE',''
  ) );
#5348 = ORIENTED_EDGE('',*,*,#2320,.F.);
#5349 = ADVANCED_FACE('',(#5350),#2588,.F.);
#5350 = FACE_BOUND('',#5351,.F.);
#5351 = EDGE_LOOP('',(#5352,#5373,#5374,#5375));
#5352 = ORIENTED_EDGE('',*,*,#5353,.T.);
#5353 = EDGE_CURVE('',#2545,#5041,#5354,.T.);
#5354 = SURFACE_CURVE('',#5355,(#5359,#5366),.PCURVE_S1.);
#5355 = LINE('',#5356,#5357);
#5356 = CARTESIAN_POINT('',(1.883923924039,13.684005447997,2.9));
#5357 = VECTOR('',#5358,1.);
#5358 = DIRECTION('',(0.,0.,1.));
#5359 = PCURVE('',#2588,#5360);
#5360 = DEFINITIONAL_REPRESENTATION('',(#5361),#5365);
#5361 = LINE('',#5362,#5363);
#5362 = CARTESIAN_POINT('',(0.,0.));
#5363 = VECTOR('',#5364,1.);
#5364 = DIRECTION('',(0.,-1.));
#5365 = ( GEOMETRIC_REPRESENTATION_CONTEXT(2) 
PARAMETRIC_REPRESENTATION_CONTEXT() REPRESENTATION_CONTEXT('2D SPACE',''
  ) );
#5366 = PCURVE('',#2560,#5367);
#5367 = DEFINITIONAL_REPRESENTATION('',(#5368),#5372);
#5368 = LINE('',#5369,#5370);
#5369 = CARTESIAN_POINT('',(0.487352999604,0.));
#5370 = VECTOR('',#5371,1.);
#5371 = DIRECTION('',(0.,-1.));
#5372 = ( GEOMETRIC_REPRESENTATION_CONTEXT(2) 
PARAMETRIC_REPRESENTATION_CONTEXT() REPRESENTATION_CONTEXT('2D SPACE',''
  ) );
#5373 = ORIENTED_EDGE('',*,*,#5063,.T.);
#5374 = ORIENTED_EDGE('',*,*,#5299,.F.);
#5375 = ORIENTED_EDGE('',*,*,#2572,.F.);
#5376 = ADVANCED_FACE('',(#5377),#2364,.F.);
#5377 = FACE_BOUND('',#5378,.F.);
#5378 = EDGE_LOOP('',(#5379,#5380,#5381,#5402));
#5379 = ORIENTED_EDGE('',*,*,#5328,.T.);
#5380 = ORIENTED_EDGE('',*,*,#4879,.T.);
#5381 = ORIENTED_EDGE('',*,*,#5382,.F.);
#5382 = EDGE_CURVE('',#2349,#4880,#5383,.T.);
#5383 = SURFACE_CURVE('',#5384,(#5388,#5395),.PCURVE_S1.);
#5384 = LINE('',#5385,#5386);
#5385 = CARTESIAN_POINT('',(4.144834205565,10.817513409435,2.9));
#5386 = VECTOR('',#5387,1.);
#5387 = DIRECTION('',(0.,0.,1.));
#5388 = PCURVE('',#2364,#5389);
#5389 = DEFINITIONAL_REPRESENTATION('',(#5390),#5394);
#5390 = LINE('',#5391,#5392);
#5391 = CARTESIAN_POINT('',(0.597573328824,0.));
#5392 = VECTOR('',#5393,1.);
#5393 = DIRECTION('',(0.,-1.));
#5394 = ( GEOMETRIC_REPRESENTATION_CONTEXT(2) 
PARAMETRIC_REPRESENTATION_CONTEXT() REPRESENTATION_CONTEXT('2D SPACE',''
  ) );
#5395 = PCURVE('',#2392,#5396);
#5396 = DEFINITIONAL_REPRESENTATION('',(#5397),#5401);
#5397 = LINE('',#5398,#5399);
#5398 = CARTESIAN_POINT('',(0.,0.));
#5399 = VECTOR('',#5400,1.);
#5400 = DIRECTION('',(0.,-1.));
#5401 = ( GEOMETRIC_REPRESENTATION_CONTEXT(2) 
PARAMETRIC_REPRESENTATION_CONTEXT() REPRESENTATION_CONTEXT('2D SPACE',''
  ) );
#5402 = ORIENTED_EDGE('',*,*,#2348,.F.);
#5403 = ADVANCED_FACE('',(#5404),#2560,.F.);
#5404 = FACE_BOUND('',#5405,.F.);
#5405 = EDGE_LOOP('',(#5406,#5427,#5428,#5429));
#5406 = ORIENTED_EDGE('',*,*,#5407,.T.);
#5407 = EDGE_CURVE('',#2517,#5018,#5408,.T.);
#5408 = SURFACE_CURVE('',#5409,(#5413,#5420),.PCURVE_S1.);
#5409 = LINE('',#5410,#5411);
#5410 = CARTESIAN_POINT('',(2.041159954436,13.222714024959,2.9));
#5411 = VECTOR('',#5412,1.);
#5412 = DIRECTION('',(0.,0.,1.));
#5413 = PCURVE('',#2560,#5414);
#5414 = DEFINITIONAL_REPRESENTATION('',(#5415),#5419);
#5415 = LINE('',#5416,#5417);
#5416 = CARTESIAN_POINT('',(0.,0.));
#5417 = VECTOR('',#5418,1.);
#5418 = DIRECTION('',(0.,-1.));
#5419 = ( GEOMETRIC_REPRESENTATION_CONTEXT(2) 
PARAMETRIC_REPRESENTATION_CONTEXT() REPRESENTATION_CONTEXT('2D SPACE',''
  ) );
#5420 = PCURVE('',#2532,#5421);
#5421 = DEFINITIONAL_REPRESENTATION('',(#5422),#5426);
#5422 = LINE('',#5423,#5424);
#5423 = CARTESIAN_POINT('',(0.488004386658,0.));
#5424 = VECTOR('',#5425,1.);
#5425 = DIRECTION('',(0.,-1.));
#5426 = ( GEOMETRIC_REPRESENTATION_CONTEXT(2) 
PARAMETRIC_REPRESENTATION_CONTEXT() REPRESENTATION_CONTEXT('2D SPACE',''
  ) );
#5427 = ORIENTED_EDGE('',*,*,#5040,.T.);
#5428 = ORIENTED_EDGE('',*,*,#5353,.F.);
#5429 = ORIENTED_EDGE('',*,*,#2544,.F.);
#5430 = ADVANCED_FACE('',(#5431),#2392,.F.);
#5431 = FACE_BOUND('',#5432,.F.);
#5432 = EDGE_LOOP('',(#5433,#5434,#5435,#5456));
#5433 = ORIENTED_EDGE('',*,*,#5382,.T.);
#5434 = ORIENTED_EDGE('',*,*,#4902,.T.);
#5435 = ORIENTED_EDGE('',*,*,#5436,.F.);
#5436 = EDGE_CURVE('',#2377,#4903,#5437,.T.);
#5437 = SURFACE_CURVE('',#5438,(#5442,#5449),.PCURVE_S1.);
#5438 = LINE('',#5439,#5440);
#5439 = CARTESIAN_POINT('',(3.643353273295,11.142595499751,2.9));
#5440 = VECTOR('',#5441,1.);
#5441 = DIRECTION('',(0.,0.,1.));
#5442 = PCURVE('',#2392,#5443);
#5443 = DEFINITIONAL_REPRESENTATION('',(#5444),#5448);
#5444 = LINE('',#5445,#5446);
#5445 = CARTESIAN_POINT('',(0.597629894562,0.));
#5446 = VECTOR('',#5447,1.);
#5447 = DIRECTION('',(0.,-1.));
#5448 = ( GEOMETRIC_REPRESENTATION_CONTEXT(2) 
PARAMETRIC_REPRESENTATION_CONTEXT() REPRESENTATION_CONTEXT('2D SPACE',''
  ) );
#5449 = PCURVE('',#2420,#5450);
#5450 = DEFINITIONAL_REPRESENTATION('',(#5451),#5455);
#5451 = LINE('',#5452,#5453);
#5452 = CARTESIAN_POINT('',(0.,0.));
#5453 = VECTOR('',#5454,1.);
#5454 = DIRECTION('',(0.,-1.));
#5455 = ( GEOMETRIC_REPRESENTATION_CONTEXT(2) 
PARAMETRIC_REPRESENTATION_CONTEXT() REPRESENTATION_CONTEXT('2D SPACE',''
  ) );
#5456 = ORIENTED_EDGE('',*,*,#2376,.F.);
#5457 = ADVANCED_FACE('',(#5458),#2532,.F.);
#5458 = FACE_BOUND('',#5459,.F.);
#5459 = EDGE_LOOP('',(#5460,#5481,#5482,#5483));
#5460 = ORIENTED_EDGE('',*,*,#5461,.T.);
#5461 = EDGE_CURVE('',#2489,#4995,#5462,.T.);
#5462 = SURFACE_CURVE('',#5463,(#5467,#5474),.PCURVE_S1.);
#5463 = LINE('',#5464,#5465);
#5464 = CARTESIAN_POINT('',(2.244662653595,12.779165907127,2.9));
#5465 = VECTOR('',#5466,1.);
#5466 = DIRECTION('',(0.,0.,1.));
#5467 = PCURVE('',#2532,#5468);
#5468 = DEFINITIONAL_REPRESENTATION('',(#5469),#5473);
#5469 = LINE('',#5470,#5471);
#5470 = CARTESIAN_POINT('',(0.,0.));
#5471 = VECTOR('',#5472,1.);
#5472 = DIRECTION('',(0.,-1.));
#5473 = ( GEOMETRIC_REPRESENTATION_CONTEXT(2) 
PARAMETRIC_REPRESENTATION_CONTEXT() REPRESENTATION_CONTEXT('2D SPACE',''
  ) );
#5474 = PCURVE('',#2504,#5475);
#5475 = DEFINITIONAL_REPRESENTATION('',(#5476),#5480);
#5476 = LINE('',#5477,#5478);
#5477 = CARTESIAN_POINT('',(0.487369807,0.));
#5478 = VECTOR('',#5479,1.);
#5479 = DIRECTION('',(0.,-1.));
#5480 = ( GEOMETRIC_REPRESENTATION_CONTEXT(2) 
PARAMETRIC_REPRESENTATION_CONTEXT() REPRESENTATION_CONTEXT('2D SPACE',''
  ) );
#5481 = ORIENTED_EDGE('',*,*,#5017,.T.);
#5482 = ORIENTED_EDGE('',*,*,#5407,.F.);
#5483 = ORIENTED_EDGE('',*,*,#2516,.F.);
#5484 = ADVANCED_FACE('',(#5485),#2420,.F.);
#5485 = FACE_BOUND('',#5486,.F.);
#5486 = EDGE_LOOP('',(#5487,#5488,#5489,#5510));
#5487 = ORIENTED_EDGE('',*,*,#5436,.T.);
#5488 = ORIENTED_EDGE('',*,*,#4925,.T.);
#5489 = ORIENTED_EDGE('',*,*,#5490,.F.);
#5490 = EDGE_CURVE('',#2405,#4926,#5491,.T.);
#5491 = SURFACE_CURVE('',#5492,(#5496,#5503),.PCURVE_S1.);
#5492 = LINE('',#5493,#5494);
#5493 = CARTESIAN_POINT('',(3.185462923608,11.5281353885,2.9));
#5494 = VECTOR('',#5495,1.);
#5495 = DIRECTION('',(0.,0.,1.));
#5496 = PCURVE('',#2420,#5497);
#5497 = DEFINITIONAL_REPRESENTATION('',(#5498),#5502);
#5498 = LINE('',#5499,#5500);
#5499 = CARTESIAN_POINT('',(0.598585481075,0.));
#5500 = VECTOR('',#5501,1.);
#5501 = DIRECTION('',(0.,-1.));
#5502 = ( GEOMETRIC_REPRESENTATION_CONTEXT(2) 
PARAMETRIC_REPRESENTATION_CONTEXT() REPRESENTATION_CONTEXT('2D SPACE',''
  ) );
#5503 = PCURVE('',#2448,#5504);
#5504 = DEFINITIONAL_REPRESENTATION('',(#5505),#5509);
#5505 = LINE('',#5506,#5507);
#5506 = CARTESIAN_POINT('',(0.,0.));
#5507 = VECTOR('',#5508,1.);
#5508 = DIRECTION('',(0.,-1.));
#5509 = ( GEOMETRIC_REPRESENTATION_CONTEXT(2) 
PARAMETRIC_REPRESENTATION_CONTEXT() REPRESENTATION_CONTEXT('2D SPACE',''
  ) );
#5510 = ORIENTED_EDGE('',*,*,#2404,.F.);
#5511 = ADVANCED_FACE('',(#5512),#2504,.F.);
#5512 = FACE_BOUND('',#5513,.F.);
#5513 = EDGE_LOOP('',(#5514,#5535,#5536,#5537));
#5514 = ORIENTED_EDGE('',*,*,#5515,.T.);
#5515 = EDGE_CURVE('',#2461,#4972,#5516,.T.);
#5516 = SURFACE_CURVE('',#5517,(#5521,#5528),.PCURVE_S1.);
#5517 = LINE('',#5518,#5519);
#5518 = CARTESIAN_POINT('',(2.491800160301,12.359103552762,2.9));
#5519 = VECTOR('',#5520,1.);
#5520 = DIRECTION('',(0.,0.,1.));
#5521 = PCURVE('',#2504,#5522);
#5522 = DEFINITIONAL_REPRESENTATION('',(#5523),#5527);
#5523 = LINE('',#5524,#5525);
#5524 = CARTESIAN_POINT('',(0.,0.));
#5525 = VECTOR('',#5526,1.);
#5526 = DIRECTION('',(0.,-1.));
#5527 = ( GEOMETRIC_REPRESENTATION_CONTEXT(2) 
PARAMETRIC_REPRESENTATION_CONTEXT() REPRESENTATION_CONTEXT('2D SPACE',''
  ) );
#5528 = PCURVE('',#2476,#5529);
#5529 = DEFINITIONAL_REPRESENTATION('',(#5530),#5534);
#5530 = LINE('',#5531,#5532);
#5531 = CARTESIAN_POINT('',(0.487375069527,0.));
#5532 = VECTOR('',#5533,1.);
#5533 = DIRECTION('',(0.,-1.));
#5534 = ( GEOMETRIC_REPRESENTATION_CONTEXT(2) 
PARAMETRIC_REPRESENTATION_CONTEXT() REPRESENTATION_CONTEXT('2D SPACE',''
  ) );
#5535 = ORIENTED_EDGE('',*,*,#4994,.T.);
#5536 = ORIENTED_EDGE('',*,*,#5461,.F.);
#5537 = ORIENTED_EDGE('',*,*,#2488,.F.);
#5538 = ADVANCED_FACE('',(#5539),#2448,.F.);
#5539 = FACE_BOUND('',#5540,.F.);
#5540 = EDGE_LOOP('',(#5541,#5542,#5543,#5564));
#5541 = ORIENTED_EDGE('',*,*,#5490,.T.);
#5542 = ORIENTED_EDGE('',*,*,#4948,.T.);
#5543 = ORIENTED_EDGE('',*,*,#5544,.F.);
#5544 = EDGE_CURVE('',#2433,#4949,#5545,.T.);
#5545 = SURFACE_CURVE('',#5546,(#5550,#5557),.PCURVE_S1.);
#5546 = LINE('',#5547,#5548);
#5547 = CARTESIAN_POINT('',(2.780263264301,11.966263259479,2.9));
#5548 = VECTOR('',#5549,1.);
#5549 = DIRECTION('',(0.,0.,1.));
#5550 = PCURVE('',#2448,#5551);
#5551 = DEFINITIONAL_REPRESENTATION('',(#5552),#5556);
#5552 = LINE('',#5553,#5554);
#5553 = CARTESIAN_POINT('',(0.596777006285,0.));
#5554 = VECTOR('',#5555,1.);
#5555 = DIRECTION('',(0.,-1.));
#5556 = ( GEOMETRIC_REPRESENTATION_CONTEXT(2) 
PARAMETRIC_REPRESENTATION_CONTEXT() REPRESENTATION_CONTEXT('2D SPACE',''
  ) );
#5557 = PCURVE('',#2476,#5558);
#5558 = DEFINITIONAL_REPRESENTATION('',(#5559),#5563);
#5559 = LINE('',#5560,#5561);
#5560 = CARTESIAN_POINT('',(0.,0.));
#5561 = VECTOR('',#5562,1.);
#5562 = DIRECTION('',(0.,-1.));
#5563 = ( GEOMETRIC_REPRESENTATION_CONTEXT(2) 
PARAMETRIC_REPRESENTATION_CONTEXT() REPRESENTATION_CONTEXT('2D SPACE',''
  ) );
#5564 = ORIENTED_EDGE('',*,*,#2432,.F.);
#5565 = ADVANCED_FACE('',(#5566),#2476,.F.);
#5566 = FACE_BOUND('',#5567,.F.);
#5567 = EDGE_LOOP('',(#5568,#5569,#5570,#5571));
#5568 = ORIENTED_EDGE('',*,*,#5544,.T.);
#5569 = ORIENTED_EDGE('',*,*,#4971,.T.);
#5570 = ORIENTED_EDGE('',*,*,#5515,.F.);
#5571 = ORIENTED_EDGE('',*,*,#2460,.F.);
#5572 = ADVANCED_FACE('',(#5573),#3696,.F.);
#5573 = FACE_BOUND('',#5574,.F.);
#5574 = EDGE_LOOP('',(#5575,#5596,#5597,#5598));
#5575 = ORIENTED_EDGE('',*,*,#5576,.T.);
#5576 = EDGE_CURVE('',#3655,#4638,#5577,.T.);
#5577 = SURFACE_CURVE('',#5578,(#5582,#5589),.PCURVE_S1.);
#5578 = LINE('',#5579,#5580);
#5579 = CARTESIAN_POINT('',(3.698356007524,143.75918607701,2.9));
#5580 = VECTOR('',#5581,1.);
#5581 = DIRECTION('',(0.,0.,1.));
#5582 = PCURVE('',#3696,#5583);
#5583 = DEFINITIONAL_REPRESENTATION('',(#5584),#5588);
#5584 = LINE('',#5585,#5586);
#5585 = CARTESIAN_POINT('',(0.,0.));
#5586 = VECTOR('',#5587,1.);
#5587 = DIRECTION('',(0.,-1.));
#5588 = ( GEOMETRIC_REPRESENTATION_CONTEXT(2) 
PARAMETRIC_REPRESENTATION_CONTEXT() REPRESENTATION_CONTEXT('2D SPACE',''
  ) );
#5589 = PCURVE('',#3670,#5590);
#5590 = DEFINITIONAL_REPRESENTATION('',(#5591),#5595);
#5591 = LINE('',#5592,#5593);
#5592 = CARTESIAN_POINT('',(1.982865675933,0.));
#5593 = VECTOR('',#5594,1.);
#5594 = DIRECTION('',(0.,-1.));
#5595 = ( GEOMETRIC_REPRESENTATION_CONTEXT(2) 
PARAMETRIC_REPRESENTATION_CONTEXT() REPRESENTATION_CONTEXT('2D SPACE',''
  ) );
#5596 = ORIENTED_EDGE('',*,*,#4660,.T.);
#5597 = ORIENTED_EDGE('',*,*,#3850,.F.);
#5598 = ORIENTED_EDGE('',*,*,#3682,.F.);
#5599 = ADVANCED_FACE('',(#5600),#3670,.F.);
#5600 = FACE_BOUND('',#5601,.F.);
#5601 = EDGE_LOOP('',(#5602,#5623,#5624,#5625));
#5602 = ORIENTED_EDGE('',*,*,#5603,.T.);
#5603 = EDGE_CURVE('',#3627,#4615,#5604,.T.);
#5604 = SURFACE_CURVE('',#5605,(#5609,#5616),.PCURVE_S1.);
#5605 = LINE('',#5606,#5607);
#5606 = CARTESIAN_POINT('',(3.199636080033,141.84006265141,2.9));
#5607 = VECTOR('',#5608,1.);
#5608 = DIRECTION('',(0.,0.,1.));
#5609 = PCURVE('',#3670,#5610);
#5610 = DEFINITIONAL_REPRESENTATION('',(#5611),#5615);
#5611 = LINE('',#5612,#5613);
#5612 = CARTESIAN_POINT('',(0.,0.));
#5613 = VECTOR('',#5614,1.);
#5614 = DIRECTION('',(0.,-1.));
#5615 = ( GEOMETRIC_REPRESENTATION_CONTEXT(2) 
PARAMETRIC_REPRESENTATION_CONTEXT() REPRESENTATION_CONTEXT('2D SPACE',''
  ) );
#5616 = PCURVE('',#3642,#5617);
#5617 = DEFINITIONAL_REPRESENTATION('',(#5618),#5622);
#5618 = LINE('',#5619,#5620);
#5619 = CARTESIAN_POINT('',(1.982865675933,0.));
#5620 = VECTOR('',#5621,1.);
#5621 = DIRECTION('',(0.,-1.));
#5622 = ( GEOMETRIC_REPRESENTATION_CONTEXT(2) 
PARAMETRIC_REPRESENTATION_CONTEXT() REPRESENTATION_CONTEXT('2D SPACE',''
  ) );
#5623 = ORIENTED_EDGE('',*,*,#4637,.T.);
#5624 = ORIENTED_EDGE('',*,*,#5576,.F.);
#5625 = ORIENTED_EDGE('',*,*,#3654,.F.);
#5626 = ADVANCED_FACE('',(#5627),#3642,.F.);
#5627 = FACE_BOUND('',#5628,.F.);
#5628 = EDGE_LOOP('',(#5629,#5650,#5651,#5652));
#5629 = ORIENTED_EDGE('',*,*,#5630,.T.);
#5630 = EDGE_CURVE('',#3599,#4592,#5631,.T.);
#5631 = SURFACE_CURVE('',#5632,(#5636,#5643),.PCURVE_S1.);
#5632 = LINE('',#5633,#5634);
#5633 = CARTESIAN_POINT('',(2.76428445716,139.90557945085,2.9));
#5634 = VECTOR('',#5635,1.);
#5635 = DIRECTION('',(0.,0.,1.));
#5636 = PCURVE('',#3642,#5637);
#5637 = DEFINITIONAL_REPRESENTATION('',(#5638),#5642);
#5638 = LINE('',#5639,#5640);
#5639 = CARTESIAN_POINT('',(0.,0.));
#5640 = VECTOR('',#5641,1.);
#5641 = DIRECTION('',(0.,-1.));
#5642 = ( GEOMETRIC_REPRESENTATION_CONTEXT(2) 
PARAMETRIC_REPRESENTATION_CONTEXT() REPRESENTATION_CONTEXT('2D SPACE',''
  ) );
#5643 = PCURVE('',#3614,#5644);
#5644 = DEFINITIONAL_REPRESENTATION('',(#5645),#5649);
#5645 = LINE('',#5646,#5647);
#5646 = CARTESIAN_POINT('',(1.982865675933,0.));
#5647 = VECTOR('',#5648,1.);
#5648 = DIRECTION('',(0.,-1.));
#5649 = ( GEOMETRIC_REPRESENTATION_CONTEXT(2) 
PARAMETRIC_REPRESENTATION_CONTEXT() REPRESENTATION_CONTEXT('2D SPACE',''
  ) );
#5650 = ORIENTED_EDGE('',*,*,#4614,.T.);
#5651 = ORIENTED_EDGE('',*,*,#5603,.F.);
#5652 = ORIENTED_EDGE('',*,*,#3626,.F.);
#5653 = ADVANCED_FACE('',(#5654),#2774,.F.);
#5654 = FACE_BOUND('',#5655,.F.);
#5655 = EDGE_LOOP('',(#5656,#5657,#5658,#5679));
#5656 = ORIENTED_EDGE('',*,*,#3825,.T.);
#5657 = ORIENTED_EDGE('',*,*,#3901,.T.);
#5658 = ORIENTED_EDGE('',*,*,#5659,.F.);
#5659 = EDGE_CURVE('',#2759,#3902,#5660,.T.);
#5660 = SURFACE_CURVE('',#5661,(#5665,#5672),.PCURVE_S1.);
#5661 = LINE('',#5662,#5663);
#5662 = CARTESIAN_POINT('',(7.548816647979,87.315986382305,2.9));
#5663 = VECTOR('',#5664,1.);
#5664 = DIRECTION('',(0.,0.,1.));
#5665 = PCURVE('',#2774,#5666);
#5666 = DEFINITIONAL_REPRESENTATION('',(#5667),#5671);
#5667 = LINE('',#5668,#5669);
#5668 = CARTESIAN_POINT('',(0.390346853735,0.));
#5669 = VECTOR('',#5670,1.);
#5670 = DIRECTION('',(0.,-1.));
#5671 = ( GEOMETRIC_REPRESENTATION_CONTEXT(2) 
PARAMETRIC_REPRESENTATION_CONTEXT() REPRESENTATION_CONTEXT('2D SPACE',''
  ) );
#5672 = PCURVE('',#2802,#5673);
#5673 = DEFINITIONAL_REPRESENTATION('',(#5674),#5678);
#5674 = LINE('',#5675,#5676);
#5675 = CARTESIAN_POINT('',(0.,0.));
#5676 = VECTOR('',#5677,1.);
#5677 = DIRECTION('',(0.,-1.));
#5678 = ( GEOMETRIC_REPRESENTATION_CONTEXT(2) 
PARAMETRIC_REPRESENTATION_CONTEXT() REPRESENTATION_CONTEXT('2D SPACE',''
  ) );
#5679 = ORIENTED_EDGE('',*,*,#2758,.F.);
#5680 = ADVANCED_FACE('',(#5681),#3614,.F.);
#5681 = FACE_BOUND('',#5682,.F.);
#5682 = EDGE_LOOP('',(#5683,#5704,#5705,#5706));
#5683 = ORIENTED_EDGE('',*,*,#5684,.T.);
#5684 = EDGE_CURVE('',#3571,#4569,#5685,.T.);
#5685 = SURFACE_CURVE('',#5686,(#5690,#5697),.PCURVE_S1.);
#5686 = LINE('',#5687,#5688);
#5687 = CARTESIAN_POINT('',(2.392771890886,137.95782825988,2.9));
#5688 = VECTOR('',#5689,1.);
#5689 = DIRECTION('',(0.,0.,1.));
#5690 = PCURVE('',#3614,#5691);
#5691 = DEFINITIONAL_REPRESENTATION('',(#5692),#5696);
#5692 = LINE('',#5693,#5694);
#5693 = CARTESIAN_POINT('',(0.,0.));
#5694 = VECTOR('',#5695,1.);
#5695 = DIRECTION('',(0.,-1.));
#5696 = ( GEOMETRIC_REPRESENTATION_CONTEXT(2) 
PARAMETRIC_REPRESENTATION_CONTEXT() REPRESENTATION_CONTEXT('2D SPACE',''
  ) );
#5697 = PCURVE('',#3586,#5698);
#5698 = DEFINITIONAL_REPRESENTATION('',(#5699),#5703);
#5699 = LINE('',#5700,#5701);
#5700 = CARTESIAN_POINT('',(1.982865675933,0.));
#5701 = VECTOR('',#5702,1.);
#5702 = DIRECTION('',(0.,-1.));
#5703 = ( GEOMETRIC_REPRESENTATION_CONTEXT(2) 
PARAMETRIC_REPRESENTATION_CONTEXT() REPRESENTATION_CONTEXT('2D SPACE',''
  ) );
#5704 = ORIENTED_EDGE('',*,*,#4591,.T.);
#5705 = ORIENTED_EDGE('',*,*,#5630,.F.);
#5706 = ORIENTED_EDGE('',*,*,#3598,.F.);
#5707 = ADVANCED_FACE('',(#5708),#2802,.F.);
#5708 = FACE_BOUND('',#5709,.F.);
#5709 = EDGE_LOOP('',(#5710,#5711,#5712,#5733));
#5710 = ORIENTED_EDGE('',*,*,#5659,.T.);
#5711 = ORIENTED_EDGE('',*,*,#3924,.T.);
#5712 = ORIENTED_EDGE('',*,*,#5713,.F.);
#5713 = EDGE_CURVE('',#2787,#3925,#5714,.T.);
#5714 = SURFACE_CURVE('',#5715,(#5719,#5726),.PCURVE_S1.);
#5715 = LINE('',#5716,#5717);
#5716 = CARTESIAN_POINT('',(7.038078234802,87.230254537857,2.9));
#5717 = VECTOR('',#5718,1.);
#5718 = DIRECTION('',(0.,0.,1.));
#5719 = PCURVE('',#2802,#5720);
#5720 = DEFINITIONAL_REPRESENTATION('',(#5721),#5725);
#5721 = LINE('',#5722,#5723);
#5722 = CARTESIAN_POINT('',(0.517883843972,0.));
#5723 = VECTOR('',#5724,1.);
#5724 = DIRECTION('',(0.,-1.));
#5725 = ( GEOMETRIC_REPRESENTATION_CONTEXT(2) 
PARAMETRIC_REPRESENTATION_CONTEXT() REPRESENTATION_CONTEXT('2D SPACE',''
  ) );
#5726 = PCURVE('',#2830,#5727);
#5727 = DEFINITIONAL_REPRESENTATION('',(#5728),#5732);
#5728 = LINE('',#5729,#5730);
#5729 = CARTESIAN_POINT('',(0.,0.));
#5730 = VECTOR('',#5731,1.);
#5731 = DIRECTION('',(0.,-1.));
#5732 = ( GEOMETRIC_REPRESENTATION_CONTEXT(2) 
PARAMETRIC_REPRESENTATION_CONTEXT() REPRESENTATION_CONTEXT('2D SPACE',''
  ) );
#5733 = ORIENTED_EDGE('',*,*,#2786,.F.);
#5734 = ADVANCED_FACE('',(#5735),#3586,.F.);
#5735 = FACE_BOUND('',#5736,.F.);
#5736 = EDGE_LOOP('',(#5737,#5758,#5759,#5760));
#5737 = ORIENTED_EDGE('',*,*,#5738,.T.);
#5738 = EDGE_CURVE('',#3543,#4546,#5739,.T.);
#5739 = SURFACE_CURVE('',#5740,(#5744,#5751),.PCURVE_S1.);
#5740 = LINE('',#5741,#5742);
#5741 = CARTESIAN_POINT('',(2.085500103102,135.99891520994,2.9));
#5742 = VECTOR('',#5743,1.);
#5743 = DIRECTION('',(0.,0.,1.));
#5744 = PCURVE('',#3586,#5745);
#5745 = DEFINITIONAL_REPRESENTATION('',(#5746),#5750);
#5746 = LINE('',#5747,#5748);
#5747 = CARTESIAN_POINT('',(0.,0.));
#5748 = VECTOR('',#5749,1.);
#5749 = DIRECTION('',(0.,-1.));
#5750 = ( GEOMETRIC_REPRESENTATION_CONTEXT(2) 
PARAMETRIC_REPRESENTATION_CONTEXT() REPRESENTATION_CONTEXT('2D SPACE',''
  ) );
#5751 = PCURVE('',#3558,#5752);
#5752 = DEFINITIONAL_REPRESENTATION('',(#5753),#5757);
#5753 = LINE('',#5754,#5755);
#5754 = CARTESIAN_POINT('',(1.982865675933,0.));
#5755 = VECTOR('',#5756,1.);
#5756 = DIRECTION('',(0.,-1.));
#5757 = ( GEOMETRIC_REPRESENTATION_CONTEXT(2) 
PARAMETRIC_REPRESENTATION_CONTEXT() REPRESENTATION_CONTEXT('2D SPACE',''
  ) );
#5758 = ORIENTED_EDGE('',*,*,#4568,.T.);
#5759 = ORIENTED_EDGE('',*,*,#5684,.F.);
#5760 = ORIENTED_EDGE('',*,*,#3570,.F.);
#5761 = ADVANCED_FACE('',(#5762),#2830,.F.);
#5762 = FACE_BOUND('',#5763,.F.);
#5763 = EDGE_LOOP('',(#5764,#5765,#5766,#5787));
#5764 = ORIENTED_EDGE('',*,*,#5713,.T.);
#5765 = ORIENTED_EDGE('',*,*,#3947,.T.);
#5766 = ORIENTED_EDGE('',*,*,#5767,.F.);
#5767 = EDGE_CURVE('',#2815,#3948,#5768,.T.);
#5768 = SURFACE_CURVE('',#5769,(#5773,#5780),.PCURVE_S1.);
#5769 = LINE('',#5770,#5771);
#5770 = CARTESIAN_POINT('',(6.521291312166,87.20004722209,2.9));
#5771 = VECTOR('',#5772,1.);
#5772 = DIRECTION('',(0.,0.,1.));
#5773 = PCURVE('',#2830,#5774);
#5774 = DEFINITIONAL_REPRESENTATION('',(#5775),#5779);
#5775 = LINE('',#5776,#5777);
#5776 = CARTESIAN_POINT('',(0.51766901137,0.));
#5777 = VECTOR('',#5778,1.);
#5778 = DIRECTION('',(0.,-1.));
#5779 = ( GEOMETRIC_REPRESENTATION_CONTEXT(2) 
PARAMETRIC_REPRESENTATION_CONTEXT() REPRESENTATION_CONTEXT('2D SPACE',''
  ) );
#5780 = PCURVE('',#2858,#5781);
#5781 = DEFINITIONAL_REPRESENTATION('',(#5782),#5786);
#5782 = LINE('',#5783,#5784);
#5783 = CARTESIAN_POINT('',(0.,0.));
#5784 = VECTOR('',#5785,1.);
#5785 = DIRECTION('',(0.,-1.));
#5786 = ( GEOMETRIC_REPRESENTATION_CONTEXT(2) 
PARAMETRIC_REPRESENTATION_CONTEXT() REPRESENTATION_CONTEXT('2D SPACE',''
  ) );
#5787 = ORIENTED_EDGE('',*,*,#2814,.F.);
#5788 = ADVANCED_FACE('',(#5789),#3558,.F.);
#5789 = FACE_BOUND('',#5790,.F.);
#5790 = EDGE_LOOP('',(#5791,#5812,#5813,#5814));
#5791 = ORIENTED_EDGE('',*,*,#5792,.T.);
#5792 = EDGE_CURVE('',#3515,#4523,#5793,.T.);
#5793 = SURFACE_CURVE('',#5794,(#5798,#5805),.PCURVE_S1.);
#5794 = LINE('',#5795,#5796);
#5795 = CARTESIAN_POINT('',(1.842801351218,134.03095850193,2.9));
#5796 = VECTOR('',#5797,1.);
#5797 = DIRECTION('',(0.,0.,1.));
#5798 = PCURVE('',#3558,#5799);
#5799 = DEFINITIONAL_REPRESENTATION('',(#5800),#5804);
#5800 = LINE('',#5801,#5802);
#5801 = CARTESIAN_POINT('',(0.,0.));
#5802 = VECTOR('',#5803,1.);
#5803 = DIRECTION('',(0.,-1.));
#5804 = ( GEOMETRIC_REPRESENTATION_CONTEXT(2) 
PARAMETRIC_REPRESENTATION_CONTEXT() REPRESENTATION_CONTEXT('2D SPACE',''
  ) );
#5805 = PCURVE('',#3530,#5806);
#5806 = DEFINITIONAL_REPRESENTATION('',(#5807),#5811);
#5807 = LINE('',#5808,#5809);
#5808 = CARTESIAN_POINT('',(1.588291188034,0.));
#5809 = VECTOR('',#5810,1.);
#5810 = DIRECTION('',(0.,-1.));
#5811 = ( GEOMETRIC_REPRESENTATION_CONTEXT(2) 
PARAMETRIC_REPRESENTATION_CONTEXT() REPRESENTATION_CONTEXT('2D SPACE',''
  ) );
#5812 = ORIENTED_EDGE('',*,*,#4545,.T.);
#5813 = ORIENTED_EDGE('',*,*,#5738,.F.);
#5814 = ORIENTED_EDGE('',*,*,#3542,.F.);
#5815 = ADVANCED_FACE('',(#5816),#2858,.F.);
#5816 = FACE_BOUND('',#5817,.F.);
#5817 = EDGE_LOOP('',(#5818,#5819,#5820,#5841));
#5818 = ORIENTED_EDGE('',*,*,#5767,.T.);
#5819 = ORIENTED_EDGE('',*,*,#3970,.T.);
#5820 = ORIENTED_EDGE('',*,*,#5821,.F.);
#5821 = EDGE_CURVE('',#2843,#3971,#5822,.T.);
#5822 = SURFACE_CURVE('',#5823,(#5827,#5834),.PCURVE_S1.);
#5823 = LINE('',#5824,#5825);
#5824 = CARTESIAN_POINT('',(6.004155512073,87.225679292896,2.9));
#5825 = VECTOR('',#5826,1.);
#5826 = DIRECTION('',(0.,0.,1.));
#5827 = PCURVE('',#2858,#5828);
#5828 = DEFINITIONAL_REPRESENTATION('',(#5829),#5833);
#5829 = LINE('',#5830,#5831);
#5830 = CARTESIAN_POINT('',(0.517770643038,0.));
#5831 = VECTOR('',#5832,1.);
#5832 = DIRECTION('',(0.,-1.));
#5833 = ( GEOMETRIC_REPRESENTATION_CONTEXT(2) 
PARAMETRIC_REPRESENTATION_CONTEXT() REPRESENTATION_CONTEXT('2D SPACE',''
  ) );
#5834 = PCURVE('',#2886,#5835);
#5835 = DEFINITIONAL_REPRESENTATION('',(#5836),#5840);
#5836 = LINE('',#5837,#5838);
#5837 = CARTESIAN_POINT('',(0.,0.));
#5838 = VECTOR('',#5839,1.);
#5839 = DIRECTION('',(0.,-1.));
#5840 = ( GEOMETRIC_REPRESENTATION_CONTEXT(2) 
PARAMETRIC_REPRESENTATION_CONTEXT() REPRESENTATION_CONTEXT('2D SPACE',''
  ) );
#5841 = ORIENTED_EDGE('',*,*,#2842,.F.);
#5842 = ADVANCED_FACE('',(#5843),#3530,.F.);
#5843 = FACE_BOUND('',#5844,.F.);
#5844 = EDGE_LOOP('',(#5845,#5866,#5867,#5868));
#5845 = ORIENTED_EDGE('',*,*,#5846,.T.);
#5846 = EDGE_CURVE('',#3487,#4500,#5847,.T.);
#5847 = SURFACE_CURVE('',#5848,(#5852,#5859),.PCURVE_S1.);
#5848 = LINE('',#5849,#5850);
#5849 = CARTESIAN_POINT('',(1.695156086023,132.44954464918,2.9));
#5850 = VECTOR('',#5851,1.);
#5851 = DIRECTION('',(0.,0.,1.));
#5852 = PCURVE('',#3530,#5853);
#5853 = DEFINITIONAL_REPRESENTATION('',(#5854),#5858);
#5854 = LINE('',#5855,#5856);
#5855 = CARTESIAN_POINT('',(0.,0.));
#5856 = VECTOR('',#5857,1.);
#5857 = DIRECTION('',(0.,-1.));
#5858 = ( GEOMETRIC_REPRESENTATION_CONTEXT(2) 
PARAMETRIC_REPRESENTATION_CONTEXT() REPRESENTATION_CONTEXT('2D SPACE',''
  ) );
#5859 = PCURVE('',#3502,#5860);
#5860 = DEFINITIONAL_REPRESENTATION('',(#5861),#5865);
#5861 = LINE('',#5862,#5863);
#5862 = CARTESIAN_POINT('',(1.982865675933,0.));
#5863 = VECTOR('',#5864,1.);
#5864 = DIRECTION('',(0.,-1.));
#5865 = ( GEOMETRIC_REPRESENTATION_CONTEXT(2) 
PARAMETRIC_REPRESENTATION_CONTEXT() REPRESENTATION_CONTEXT('2D SPACE',''
  ) );
#5866 = ORIENTED_EDGE('',*,*,#4522,.T.);
#5867 = ORIENTED_EDGE('',*,*,#5792,.F.);
#5868 = ORIENTED_EDGE('',*,*,#3514,.F.);
#5869 = ADVANCED_FACE('',(#5870),#2886,.F.);
#5870 = FACE_BOUND('',#5871,.F.);
#5871 = EDGE_LOOP('',(#5872,#5873,#5874,#5895));
#5872 = ORIENTED_EDGE('',*,*,#5821,.T.);
#5873 = ORIENTED_EDGE('',*,*,#3993,.T.);
#5874 = ORIENTED_EDGE('',*,*,#5875,.F.);
#5875 = EDGE_CURVE('',#2871,#3994,#5876,.T.);
#5876 = SURFACE_CURVE('',#5877,(#5881,#5888),.PCURVE_S1.);
#5877 = LINE('',#5878,#5879);
#5878 = CARTESIAN_POINT('',(5.493118451574,87.306793256122,2.9));
#5879 = VECTOR('',#5880,1.);
#5880 = DIRECTION('',(0.,0.,1.));
#5881 = PCURVE('',#2886,#5882);
#5882 = DEFINITIONAL_REPRESENTATION('',(#5883),#5887);
#5883 = LINE('',#5884,#5885);
#5884 = CARTESIAN_POINT('',(0.517434394135,0.));
#5885 = VECTOR('',#5886,1.);
#5886 = DIRECTION('',(0.,-1.));
#5887 = ( GEOMETRIC_REPRESENTATION_CONTEXT(2) 
PARAMETRIC_REPRESENTATION_CONTEXT() REPRESENTATION_CONTEXT('2D SPACE',''
  ) );
#5888 = PCURVE('',#2914,#5889);
#5889 = DEFINITIONAL_REPRESENTATION('',(#5890),#5894);
#5890 = LINE('',#5891,#5892);
#5891 = CARTESIAN_POINT('',(0.,0.));
#5892 = VECTOR('',#5893,1.);
#5893 = DIRECTION('',(0.,-1.));
#5894 = ( GEOMETRIC_REPRESENTATION_CONTEXT(2) 
PARAMETRIC_REPRESENTATION_CONTEXT() REPRESENTATION_CONTEXT('2D SPACE',''
  ) );
#5895 = ORIENTED_EDGE('',*,*,#2870,.F.);
#5896 = ADVANCED_FACE('',(#5897),#3502,.F.);
#5897 = FACE_BOUND('',#5898,.F.);
#5898 = EDGE_LOOP('',(#5899,#5920,#5921,#5922));
#5899 = ORIENTED_EDGE('',*,*,#5900,.T.);
#5900 = EDGE_CURVE('',#3459,#4477,#5901,.T.);
#5901 = SURFACE_CURVE('',#5902,(#5906,#5913),.PCURVE_S1.);
#5902 = LINE('',#5903,#5904);
#5903 = CARTESIAN_POINT('',(1.569367777835,130.47067285184,2.9));
#5904 = VECTOR('',#5905,1.);
#5905 = DIRECTION('',(0.,0.,1.));
#5906 = PCURVE('',#3502,#5907);
#5907 = DEFINITIONAL_REPRESENTATION('',(#5908),#5912);
#5908 = LINE('',#5909,#5910);
#5909 = CARTESIAN_POINT('',(0.,0.));
#5910 = VECTOR('',#5911,1.);
#5911 = DIRECTION('',(0.,-1.));
#5912 = ( GEOMETRIC_REPRESENTATION_CONTEXT(2) 
PARAMETRIC_REPRESENTATION_CONTEXT() REPRESENTATION_CONTEXT('2D SPACE',''
  ) );
#5913 = PCURVE('',#3474,#5914);
#5914 = DEFINITIONAL_REPRESENTATION('',(#5915),#5919);
#5915 = LINE('',#5916,#5917);
#5916 = CARTESIAN_POINT('',(1.586318272869,0.));
#5917 = VECTOR('',#5918,1.);
#5918 = DIRECTION('',(0.,-1.));
#5919 = ( GEOMETRIC_REPRESENTATION_CONTEXT(2) 
PARAMETRIC_REPRESENTATION_CONTEXT() REPRESENTATION_CONTEXT('2D SPACE',''
  ) );
#5920 = ORIENTED_EDGE('',*,*,#4499,.T.);
#5921 = ORIENTED_EDGE('',*,*,#5846,.F.);
#5922 = ORIENTED_EDGE('',*,*,#3486,.F.);
#5923 = ADVANCED_FACE('',(#5924),#2914,.F.);
#5924 = FACE_BOUND('',#5925,.F.);
#5925 = EDGE_LOOP('',(#5926,#5927,#5928,#5949));
#5926 = ORIENTED_EDGE('',*,*,#5875,.T.);
#5927 = ORIENTED_EDGE('',*,*,#4016,.T.);
#5928 = ORIENTED_EDGE('',*,*,#5929,.F.);
#5929 = EDGE_CURVE('',#2899,#4017,#5930,.T.);
#5930 = SURFACE_CURVE('',#5931,(#5935,#5942),.PCURVE_S1.);
#5931 = LINE('',#5932,#5933);
#5932 = CARTESIAN_POINT('',(5.141241473112,87.396330241328,2.9));
#5933 = VECTOR('',#5934,1.);
#5934 = DIRECTION('',(0.,0.,1.));
#5935 = PCURVE('',#2914,#5936);
#5936 = DEFINITIONAL_REPRESENTATION('',(#5937),#5941);
#5937 = LINE('',#5938,#5939);
#5938 = CARTESIAN_POINT('',(0.363089905797,0.));
#5939 = VECTOR('',#5940,1.);
#5940 = DIRECTION('',(0.,-1.));
#5941 = ( GEOMETRIC_REPRESENTATION_CONTEXT(2) 
PARAMETRIC_REPRESENTATION_CONTEXT() REPRESENTATION_CONTEXT('2D SPACE',''
  ) );
#5942 = PCURVE('',#2942,#5943);
#5943 = DEFINITIONAL_REPRESENTATION('',(#5944),#5948);
#5944 = LINE('',#5945,#5946);
#5945 = CARTESIAN_POINT('',(0.,0.));
#5946 = VECTOR('',#5947,1.);
#5947 = DIRECTION('',(0.,-1.));
#5948 = ( GEOMETRIC_REPRESENTATION_CONTEXT(2) 
PARAMETRIC_REPRESENTATION_CONTEXT() REPRESENTATION_CONTEXT('2D SPACE',''
  ) );
#5949 = ORIENTED_EDGE('',*,*,#2898,.F.);
#5950 = ADVANCED_FACE('',(#5951),#3474,.F.);
#5951 = FACE_BOUND('',#5952,.F.);
#5952 = EDGE_LOOP('',(#5953,#5974,#5975,#5976));
#5953 = ORIENTED_EDGE('',*,*,#5954,.T.);
#5954 = EDGE_CURVE('',#3431,#4454,#5955,.T.);
#5955 = SURFACE_CURVE('',#5956,(#5960,#5967),.PCURVE_S1.);
#5956 = LINE('',#5957,#5958);
#5957 = CARTESIAN_POINT('',(1.515627386839,128.88526513355,2.9));
#5958 = VECTOR('',#5959,1.);
#5959 = DIRECTION('',(0.,0.,1.));
#5960 = PCURVE('',#3474,#5961);
#5961 = DEFINITIONAL_REPRESENTATION('',(#5962),#5966);
#5962 = LINE('',#5963,#5964);
#5963 = CARTESIAN_POINT('',(0.,0.));
#5964 = VECTOR('',#5965,1.);
#5965 = DIRECTION('',(0.,-1.));
#5966 = ( GEOMETRIC_REPRESENTATION_CONTEXT(2) 
PARAMETRIC_REPRESENTATION_CONTEXT() REPRESENTATION_CONTEXT('2D SPACE',''
  ) );
#5967 = PCURVE('',#3446,#5968);
#5968 = DEFINITIONAL_REPRESENTATION('',(#5969),#5973);
#5969 = LINE('',#5970,#5971);
#5970 = CARTESIAN_POINT('',(1.585331836344,0.));
#5971 = VECTOR('',#5972,1.);
#5972 = DIRECTION('',(0.,-1.));
#5973 = ( GEOMETRIC_REPRESENTATION_CONTEXT(2) 
PARAMETRIC_REPRESENTATION_CONTEXT() REPRESENTATION_CONTEXT('2D SPACE',''
  ) );
#5974 = ORIENTED_EDGE('',*,*,#4476,.T.);
#5975 = ORIENTED_EDGE('',*,*,#5900,.F.);
#5976 = ORIENTED_EDGE('',*,*,#3458,.F.);
#5977 = ADVANCED_FACE('',(#5978),#2942,.F.);
#5978 = FACE_BOUND('',#5979,.F.);
#5979 = EDGE_LOOP('',(#5980,#5981,#5982,#6003));
#5980 = ORIENTED_EDGE('',*,*,#5929,.T.);
#5981 = ORIENTED_EDGE('',*,*,#4039,.T.);
#5982 = ORIENTED_EDGE('',*,*,#5983,.F.);
#5983 = EDGE_CURVE('',#2927,#4040,#5984,.T.);
#5984 = SURFACE_CURVE('',#5985,(#5989,#5996),.PCURVE_S1.);
#5985 = LINE('',#5986,#5987);
#5986 = CARTESIAN_POINT('',(4.797694245997,87.511998765745,2.9));
#5987 = VECTOR('',#5988,1.);
#5988 = DIRECTION('',(0.,0.,1.));
#5989 = PCURVE('',#2942,#5990);
#5990 = DEFINITIONAL_REPRESENTATION('',(#5991),#5995);
#5991 = LINE('',#5992,#5993);
#5992 = CARTESIAN_POINT('',(0.362496765226,0.));
#5993 = VECTOR('',#5994,1.);
#5994 = DIRECTION('',(0.,-1.));
#5995 = ( GEOMETRIC_REPRESENTATION_CONTEXT(2) 
PARAMETRIC_REPRESENTATION_CONTEXT() REPRESENTATION_CONTEXT('2D SPACE',''
  ) );
#5996 = PCURVE('',#2970,#5997);
#5997 = DEFINITIONAL_REPRESENTATION('',(#5998),#6002);
#5998 = LINE('',#5999,#6000);
#5999 = CARTESIAN_POINT('',(0.,0.));
#6000 = VECTOR('',#6001,1.);
#6001 = DIRECTION('',(0.,-1.));
#6002 = ( GEOMETRIC_REPRESENTATION_CONTEXT(2) 
PARAMETRIC_REPRESENTATION_CONTEXT() REPRESENTATION_CONTEXT('2D SPACE',''
  ) );
#6003 = ORIENTED_EDGE('',*,*,#2926,.F.);
#6004 = ADVANCED_FACE('',(#6005),#3446,.F.);
#6005 = FACE_BOUND('',#6006,.F.);
#6006 = EDGE_LOOP('',(#6007,#6028,#6029,#6030));
#6007 = ORIENTED_EDGE('',*,*,#6008,.T.);
#6008 = EDGE_CURVE('',#3403,#4431,#6009,.T.);
#6009 = SURFACE_CURVE('',#6010,(#6014,#6021),.PCURVE_S1.);
#6010 = LINE('',#6011,#6012);
#6011 = CARTESIAN_POINT('',(1.503602359064,127.29997890387,2.9));
#6012 = VECTOR('',#6013,1.);
#6013 = DIRECTION('',(0.,0.,1.));
#6014 = PCURVE('',#3446,#6015);
#6015 = DEFINITIONAL_REPRESENTATION('',(#6016),#6020);
#6016 = LINE('',#6017,#6018);
#6017 = CARTESIAN_POINT('',(0.,0.));
#6018 = VECTOR('',#6019,1.);
#6019 = DIRECTION('',(0.,-1.));
#6020 = ( GEOMETRIC_REPRESENTATION_CONTEXT(2) 
PARAMETRIC_REPRESENTATION_CONTEXT() REPRESENTATION_CONTEXT('2D SPACE',''
  ) );
#6021 = PCURVE('',#3418,#6022);
#6022 = DEFINITIONAL_REPRESENTATION('',(#6023),#6027);
#6023 = LINE('',#6024,#6025);
#6024 = CARTESIAN_POINT('',(35.33381790971,0.));
#6025 = VECTOR('',#6026,1.);
#6026 = DIRECTION('',(0.,-1.));
#6027 = ( GEOMETRIC_REPRESENTATION_CONTEXT(2) 
PARAMETRIC_REPRESENTATION_CONTEXT() REPRESENTATION_CONTEXT('2D SPACE',''
  ) );
#6028 = ORIENTED_EDGE('',*,*,#4453,.T.);
#6029 = ORIENTED_EDGE('',*,*,#5954,.F.);
#6030 = ORIENTED_EDGE('',*,*,#3430,.F.);
#6031 = ADVANCED_FACE('',(#6032),#2970,.F.);
#6032 = FACE_BOUND('',#6033,.F.);
#6033 = EDGE_LOOP('',(#6034,#6035,#6036,#6057));
#6034 = ORIENTED_EDGE('',*,*,#5983,.T.);
#6035 = ORIENTED_EDGE('',*,*,#4062,.T.);
#6036 = ORIENTED_EDGE('',*,*,#6037,.F.);
#6037 = EDGE_CURVE('',#2955,#4063,#6038,.T.);
#6038 = SURFACE_CURVE('',#6039,(#6043,#6050),.PCURVE_S1.);
#6039 = LINE('',#6040,#6041);
#6040 = CARTESIAN_POINT('',(4.462977660136,87.653675119883,2.9));
#6041 = VECTOR('',#6042,1.);
#6042 = DIRECTION('',(0.,0.,1.));
#6043 = PCURVE('',#2970,#6044);
#6044 = DEFINITIONAL_REPRESENTATION('',(#6045),#6049);
#6045 = LINE('',#6046,#6047);
#6046 = CARTESIAN_POINT('',(0.3634657923,0.));
#6047 = VECTOR('',#6048,1.);
#6048 = DIRECTION('',(0.,-1.));
#6049 = ( GEOMETRIC_REPRESENTATION_CONTEXT(2) 
PARAMETRIC_REPRESENTATION_CONTEXT() REPRESENTATION_CONTEXT('2D SPACE',''
  ) );
#6050 = PCURVE('',#2998,#6051);
#6051 = DEFINITIONAL_REPRESENTATION('',(#6052),#6056);
#6052 = LINE('',#6053,#6054);
#6053 = CARTESIAN_POINT('',(0.,0.));
#6054 = VECTOR('',#6055,1.);
#6055 = DIRECTION('',(0.,-1.));
#6056 = ( GEOMETRIC_REPRESENTATION_CONTEXT(2) 
PARAMETRIC_REPRESENTATION_CONTEXT() REPRESENTATION_CONTEXT('2D SPACE',''
  ) );
#6057 = ORIENTED_EDGE('',*,*,#2954,.F.);
#6058 = ADVANCED_FACE('',(#6059),#3418,.F.);
#6059 = FACE_BOUND('',#6060,.F.);
#6060 = EDGE_LOOP('',(#6061,#6082,#6083,#6084));
#6061 = ORIENTED_EDGE('',*,*,#6062,.T.);
#6062 = EDGE_CURVE('',#3375,#4408,#6063,.T.);
#6063 = SURFACE_CURVE('',#6064,(#6068,#6075),.PCURVE_S1.);
#6064 = LINE('',#6065,#6066);
#6065 = CARTESIAN_POINT('',(1.700115459063,91.966707463511,2.9));
#6066 = VECTOR('',#6067,1.);
#6067 = DIRECTION('',(0.,0.,1.));
#6068 = PCURVE('',#3418,#6069);
#6069 = DEFINITIONAL_REPRESENTATION('',(#6070),#6074);
#6070 = LINE('',#6071,#6072);
#6071 = CARTESIAN_POINT('',(0.,0.));
#6072 = VECTOR('',#6073,1.);
#6073 = DIRECTION('',(0.,-1.));
#6074 = ( GEOMETRIC_REPRESENTATION_CONTEXT(2) 
PARAMETRIC_REPRESENTATION_CONTEXT() REPRESENTATION_CONTEXT('2D SPACE',''
  ) );
#6075 = PCURVE('',#3390,#6076);
#6076 = DEFINITIONAL_REPRESENTATION('',(#6077),#6081);
#6077 = LINE('',#6078,#6079);
#6078 = CARTESIAN_POINT('',(0.340238343147,0.));
#6079 = VECTOR('',#6080,1.);
#6080 = DIRECTION('',(0.,-1.));
#6081 = ( GEOMETRIC_REPRESENTATION_CONTEXT(2) 
PARAMETRIC_REPRESENTATION_CONTEXT() REPRESENTATION_CONTEXT('2D SPACE',''
  ) );
#6082 = ORIENTED_EDGE('',*,*,#4430,.T.);
#6083 = ORIENTED_EDGE('',*,*,#6008,.F.);
#6084 = ORIENTED_EDGE('',*,*,#3402,.F.);
#6085 = ADVANCED_FACE('',(#6086),#2998,.F.);
#6086 = FACE_BOUND('',#6087,.F.);
#6087 = EDGE_LOOP('',(#6088,#6089,#6090,#6111));
#6088 = ORIENTED_EDGE('',*,*,#6037,.T.);
#6089 = ORIENTED_EDGE('',*,*,#4085,.T.);
#6090 = ORIENTED_EDGE('',*,*,#6091,.F.);
#6091 = EDGE_CURVE('',#2983,#4086,#6092,.T.);
#6092 = SURFACE_CURVE('',#6093,(#6097,#6104),.PCURVE_S1.);
#6093 = LINE('',#6094,#6095);
#6094 = CARTESIAN_POINT('',(4.139848649261,87.820324701579,2.9));
#6095 = VECTOR('',#6096,1.);
#6096 = DIRECTION('',(0.,0.,1.));
#6097 = PCURVE('',#2998,#6098);
#6098 = DEFINITIONAL_REPRESENTATION('',(#6099),#6103);
#6099 = LINE('',#6100,#6101);
#6100 = CARTESIAN_POINT('',(0.363571782112,0.));
#6101 = VECTOR('',#6102,1.);
#6102 = DIRECTION('',(0.,-1.));
#6103 = ( GEOMETRIC_REPRESENTATION_CONTEXT(2) 
PARAMETRIC_REPRESENTATION_CONTEXT() REPRESENTATION_CONTEXT('2D SPACE',''
  ) );
#6104 = PCURVE('',#3026,#6105);
#6105 = DEFINITIONAL_REPRESENTATION('',(#6106),#6110);
#6106 = LINE('',#6107,#6108);
#6107 = CARTESIAN_POINT('',(0.,0.));
#6108 = VECTOR('',#6109,1.);
#6109 = DIRECTION('',(0.,-1.));
#6110 = ( GEOMETRIC_REPRESENTATION_CONTEXT(2) 
PARAMETRIC_REPRESENTATION_CONTEXT() REPRESENTATION_CONTEXT('2D SPACE',''
  ) );
#6111 = ORIENTED_EDGE('',*,*,#2982,.F.);
#6112 = ADVANCED_FACE('',(#6113),#3390,.F.);
#6113 = FACE_BOUND('',#6114,.F.);
#6114 = EDGE_LOOP('',(#6115,#6136,#6137,#6138));
#6115 = ORIENTED_EDGE('',*,*,#6116,.T.);
#6116 = EDGE_CURVE('',#3347,#4385,#6117,.T.);
#6117 = SURFACE_CURVE('',#6118,(#6122,#6129),.PCURVE_S1.);
#6118 = LINE('',#6119,#6120);
#6119 = CARTESIAN_POINT('',(1.714532118978,91.626774690651,2.9));
#6120 = VECTOR('',#6121,1.);
#6121 = DIRECTION('',(0.,0.,1.));
#6122 = PCURVE('',#3390,#6123);
#6123 = DEFINITIONAL_REPRESENTATION('',(#6124),#6128);
#6124 = LINE('',#6125,#6126);
#6125 = CARTESIAN_POINT('',(0.,0.));
#6126 = VECTOR('',#6127,1.);
#6127 = DIRECTION('',(0.,-1.));
#6128 = ( GEOMETRIC_REPRESENTATION_CONTEXT(2) 
PARAMETRIC_REPRESENTATION_CONTEXT() REPRESENTATION_CONTEXT('2D SPACE',''
  ) );
#6129 = PCURVE('',#3362,#6130);
#6130 = DEFINITIONAL_REPRESENTATION('',(#6131),#6135);
#6131 = LINE('',#6132,#6133);
#6132 = CARTESIAN_POINT('',(0.339225786984,0.));
#6133 = VECTOR('',#6134,1.);
#6134 = DIRECTION('',(0.,-1.));
#6135 = ( GEOMETRIC_REPRESENTATION_CONTEXT(2) 
PARAMETRIC_REPRESENTATION_CONTEXT() REPRESENTATION_CONTEXT('2D SPACE',''
  ) );
#6136 = ORIENTED_EDGE('',*,*,#4407,.T.);
#6137 = ORIENTED_EDGE('',*,*,#6062,.F.);
#6138 = ORIENTED_EDGE('',*,*,#3374,.F.);
#6139 = ADVANCED_FACE('',(#6140),#3026,.F.);
#6140 = FACE_BOUND('',#6141,.F.);
#6141 = EDGE_LOOP('',(#6142,#6143,#6144,#6165));
#6142 = ORIENTED_EDGE('',*,*,#6091,.T.);
#6143 = ORIENTED_EDGE('',*,*,#4108,.T.);
#6144 = ORIENTED_EDGE('',*,*,#6145,.F.);
#6145 = EDGE_CURVE('',#3011,#4109,#6146,.T.);
#6146 = SURFACE_CURVE('',#6147,(#6151,#6158),.PCURVE_S1.);
#6147 = LINE('',#6148,#6149);
#6148 = CARTESIAN_POINT('',(3.830657768182,88.010687772457,2.9));
#6149 = VECTOR('',#6150,1.);
#6150 = DIRECTION('',(0.,0.,1.));
#6151 = PCURVE('',#3026,#6152);
#6152 = DEFINITIONAL_REPRESENTATION('',(#6153),#6157);
#6153 = LINE('',#6154,#6155);
#6154 = CARTESIAN_POINT('',(0.363093789118,0.));
#6155 = VECTOR('',#6156,1.);
#6156 = DIRECTION('',(0.,-1.));
#6157 = ( GEOMETRIC_REPRESENTATION_CONTEXT(2) 
PARAMETRIC_REPRESENTATION_CONTEXT() REPRESENTATION_CONTEXT('2D SPACE',''
  ) );
#6158 = PCURVE('',#3054,#6159);
#6159 = DEFINITIONAL_REPRESENTATION('',(#6160),#6164);
#6160 = LINE('',#6161,#6162);
#6161 = CARTESIAN_POINT('',(0.,0.));
#6162 = VECTOR('',#6163,1.);
#6163 = DIRECTION('',(0.,-1.));
#6164 = ( GEOMETRIC_REPRESENTATION_CONTEXT(2) 
PARAMETRIC_REPRESENTATION_CONTEXT() REPRESENTATION_CONTEXT('2D SPACE',''
  ) );
#6165 = ORIENTED_EDGE('',*,*,#3010,.F.);
#6166 = ADVANCED_FACE('',(#6167),#3362,.F.);
#6167 = FACE_BOUND('',#6168,.F.);
#6168 = EDGE_LOOP('',(#6169,#6190,#6191,#6192));
#6169 = ORIENTED_EDGE('',*,*,#6170,.T.);
#6170 = EDGE_CURVE('',#3319,#4362,#6171,.T.);
#6171 = SURFACE_CURVE('',#6172,(#6176,#6183),.PCURVE_S1.);
#6172 = LINE('',#6173,#6174);
#6173 = CARTESIAN_POINT('',(1.752842836003,91.289719170721,2.9));
#6174 = VECTOR('',#6175,1.);
#6175 = DIRECTION('',(0.,0.,1.));
#6176 = PCURVE('',#3362,#6177);
#6177 = DEFINITIONAL_REPRESENTATION('',(#6178),#6182);
#6178 = LINE('',#6179,#6180);
#6179 = CARTESIAN_POINT('',(0.,0.));
#6180 = VECTOR('',#6181,1.);
#6181 = DIRECTION('',(0.,-1.));
#6182 = ( GEOMETRIC_REPRESENTATION_CONTEXT(2) 
PARAMETRIC_REPRESENTATION_CONTEXT() REPRESENTATION_CONTEXT('2D SPACE',''
  ) );
#6183 = PCURVE('',#3334,#6184);
#6184 = DEFINITIONAL_REPRESENTATION('',(#6185),#6189);
#6185 = LINE('',#6186,#6187);
#6186 = CARTESIAN_POINT('',(0.363207595174,0.));
#6187 = VECTOR('',#6188,1.);
#6188 = DIRECTION('',(0.,-1.));
#6189 = ( GEOMETRIC_REPRESENTATION_CONTEXT(2) 
PARAMETRIC_REPRESENTATION_CONTEXT() REPRESENTATION_CONTEXT('2D SPACE',''
  ) );
#6190 = ORIENTED_EDGE('',*,*,#4384,.T.);
#6191 = ORIENTED_EDGE('',*,*,#6116,.F.);
#6192 = ORIENTED_EDGE('',*,*,#3346,.F.);
#6193 = ADVANCED_FACE('',(#6194),#3054,.F.);
#6194 = FACE_BOUND('',#6195,.F.);
#6195 = EDGE_LOOP('',(#6196,#6197,#6198,#6219));
#6196 = ORIENTED_EDGE('',*,*,#6145,.T.);
#6197 = ORIENTED_EDGE('',*,*,#4131,.T.);
#6198 = ORIENTED_EDGE('',*,*,#6199,.F.);
#6199 = EDGE_CURVE('',#3039,#4132,#6200,.T.);
#6200 = SURFACE_CURVE('',#6201,(#6205,#6212),.PCURVE_S1.);
#6201 = LINE('',#6202,#6203);
#6202 = CARTESIAN_POINT('',(3.536401115389,88.22414491133,2.9));
#6203 = VECTOR('',#6204,1.);
#6204 = DIRECTION('',(0.,0.,1.));
#6205 = PCURVE('',#3054,#6206);
#6206 = DEFINITIONAL_REPRESENTATION('',(#6207),#6211);
#6207 = LINE('',#6208,#6209);
#6208 = CARTESIAN_POINT('',(0.363525690769,0.));
#6209 = VECTOR('',#6210,1.);
#6210 = DIRECTION('',(0.,-1.));
#6211 = ( GEOMETRIC_REPRESENTATION_CONTEXT(2) 
PARAMETRIC_REPRESENTATION_CONTEXT() REPRESENTATION_CONTEXT('2D SPACE',''
  ) );
#6212 = PCURVE('',#3082,#6213);
#6213 = DEFINITIONAL_REPRESENTATION('',(#6214),#6218);
#6214 = LINE('',#6215,#6216);
#6215 = CARTESIAN_POINT('',(0.,0.));
#6216 = VECTOR('',#6217,1.);
#6217 = DIRECTION('',(0.,-1.));
#6218 = ( GEOMETRIC_REPRESENTATION_CONTEXT(2) 
PARAMETRIC_REPRESENTATION_CONTEXT() REPRESENTATION_CONTEXT('2D SPACE',''
  ) );
#6219 = ORIENTED_EDGE('',*,*,#3038,.F.);
#6220 = ADVANCED_FACE('',(#6221),#3334,.F.);
#6221 = FACE_BOUND('',#6222,.F.);
#6222 = EDGE_LOOP('',(#6223,#6244,#6245,#6246));
#6223 = ORIENTED_EDGE('',*,*,#6224,.T.);
#6224 = EDGE_CURVE('',#3291,#4339,#6225,.T.);
#6225 = SURFACE_CURVE('',#6226,(#6230,#6237),.PCURVE_S1.);
#6226 = LINE('',#6227,#6228);
#6227 = CARTESIAN_POINT('',(1.820140423246,90.93280070392,2.9));
#6228 = VECTOR('',#6229,1.);
#6229 = DIRECTION('',(0.,0.,1.));
#6230 = PCURVE('',#3334,#6231);
#6231 = DEFINITIONAL_REPRESENTATION('',(#6232),#6236);
#6232 = LINE('',#6233,#6234);
#6233 = CARTESIAN_POINT('',(0.,0.));
#6234 = VECTOR('',#6235,1.);
#6235 = DIRECTION('',(0.,-1.));
#6236 = ( GEOMETRIC_REPRESENTATION_CONTEXT(2) 
PARAMETRIC_REPRESENTATION_CONTEXT() REPRESENTATION_CONTEXT('2D SPACE',''
  ) );
#6237 = PCURVE('',#3306,#6238);
#6238 = DEFINITIONAL_REPRESENTATION('',(#6239),#6243);
#6239 = LINE('',#6240,#6241);
#6240 = CARTESIAN_POINT('',(0.363278805842,0.));
#6241 = VECTOR('',#6242,1.);
#6242 = DIRECTION('',(0.,-1.));
#6243 = ( GEOMETRIC_REPRESENTATION_CONTEXT(2) 
PARAMETRIC_REPRESENTATION_CONTEXT() REPRESENTATION_CONTEXT('2D SPACE',''
  ) );
#6244 = ORIENTED_EDGE('',*,*,#4361,.T.);
#6245 = ORIENTED_EDGE('',*,*,#6170,.F.);
#6246 = ORIENTED_EDGE('',*,*,#3318,.F.);
#6247 = ADVANCED_FACE('',(#6248),#3082,.F.);
#6248 = FACE_BOUND('',#6249,.F.);
#6249 = EDGE_LOOP('',(#6250,#6251,#6252,#6273));
#6250 = ORIENTED_EDGE('',*,*,#6199,.T.);
#6251 = ORIENTED_EDGE('',*,*,#4154,.T.);
#6252 = ORIENTED_EDGE('',*,*,#6253,.F.);
#6253 = EDGE_CURVE('',#3067,#4155,#6254,.T.);
#6254 = SURFACE_CURVE('',#6255,(#6259,#6266),.PCURVE_S1.);
#6255 = LINE('',#6256,#6257);
#6256 = CARTESIAN_POINT('',(3.259328349058,88.459089488679,2.9));
#6257 = VECTOR('',#6258,1.);
#6258 = DIRECTION('',(0.,0.,1.));
#6259 = PCURVE('',#3082,#6260);
#6260 = DEFINITIONAL_REPRESENTATION('',(#6261),#6265);
#6261 = LINE('',#6262,#6263);
#6262 = CARTESIAN_POINT('',(0.363274376013,0.));
#6263 = VECTOR('',#6264,1.);
#6264 = DIRECTION('',(0.,-1.));
#6265 = ( GEOMETRIC_REPRESENTATION_CONTEXT(2) 
PARAMETRIC_REPRESENTATION_CONTEXT() REPRESENTATION_CONTEXT('2D SPACE',''
  ) );
#6266 = PCURVE('',#3110,#6267);
#6267 = DEFINITIONAL_REPRESENTATION('',(#6268),#6272);
#6268 = LINE('',#6269,#6270);
#6269 = CARTESIAN_POINT('',(0.,0.));
#6270 = VECTOR('',#6271,1.);
#6271 = DIRECTION('',(0.,-1.));
#6272 = ( GEOMETRIC_REPRESENTATION_CONTEXT(2) 
PARAMETRIC_REPRESENTATION_CONTEXT() REPRESENTATION_CONTEXT('2D SPACE',''
  ) );
#6273 = ORIENTED_EDGE('',*,*,#3066,.F.);
#6274 = ADVANCED_FACE('',(#6275),#3306,.F.);
#6275 = FACE_BOUND('',#6276,.F.);
#6276 = EDGE_LOOP('',(#6277,#6298,#6299,#6300));
#6277 = ORIENTED_EDGE('',*,*,#6278,.T.);
#6278 = EDGE_CURVE('',#3263,#4316,#6279,.T.);
#6279 = SURFACE_CURVE('',#6280,(#6284,#6291),.PCURVE_S1.);
#6280 = LINE('',#6281,#6282);
#6281 = CARTESIAN_POINT('',(1.914254459333,90.581924601876,2.9));
#6282 = VECTOR('',#6283,1.);
#6283 = DIRECTION('',(0.,0.,1.));
#6284 = PCURVE('',#3306,#6285);
#6285 = DEFINITIONAL_REPRESENTATION('',(#6286),#6290);
#6286 = LINE('',#6287,#6288);
#6287 = CARTESIAN_POINT('',(0.,0.));
#6288 = VECTOR('',#6289,1.);
#6289 = DIRECTION('',(0.,-1.));
#6290 = ( GEOMETRIC_REPRESENTATION_CONTEXT(2) 
PARAMETRIC_REPRESENTATION_CONTEXT() REPRESENTATION_CONTEXT('2D SPACE',''
  ) );
#6291 = PCURVE('',#3278,#6292);
#6292 = DEFINITIONAL_REPRESENTATION('',(#6293),#6297);
#6293 = LINE('',#6294,#6295);
#6294 = CARTESIAN_POINT('',(0.362246529058,0.));
#6295 = VECTOR('',#6296,1.);
#6296 = DIRECTION('',(0.,-1.));
#6297 = ( GEOMETRIC_REPRESENTATION_CONTEXT(2) 
PARAMETRIC_REPRESENTATION_CONTEXT() REPRESENTATION_CONTEXT('2D SPACE',''
  ) );
#6298 = ORIENTED_EDGE('',*,*,#4338,.T.);
#6299 = ORIENTED_EDGE('',*,*,#6224,.F.);
#6300 = ORIENTED_EDGE('',*,*,#3290,.F.);
#6301 = ADVANCED_FACE('',(#6302),#3110,.F.);
#6302 = FACE_BOUND('',#6303,.F.);
#6303 = EDGE_LOOP('',(#6304,#6305,#6306,#6327));
#6304 = ORIENTED_EDGE('',*,*,#6253,.T.);
#6305 = ORIENTED_EDGE('',*,*,#4177,.T.);
#6306 = ORIENTED_EDGE('',*,*,#6307,.F.);
#6307 = EDGE_CURVE('',#3095,#4178,#6308,.T.);
#6308 = SURFACE_CURVE('',#6309,(#6313,#6320),.PCURVE_S1.);
#6309 = LINE('',#6310,#6311);
#6310 = CARTESIAN_POINT('',(3.000824948954,88.714307691196,2.9));
#6311 = VECTOR('',#6312,1.);
#6312 = DIRECTION('',(0.,0.,1.));
#6313 = PCURVE('',#3110,#6314);
#6314 = DEFINITIONAL_REPRESENTATION('',(#6315),#6319);
#6315 = LINE('',#6316,#6317);
#6316 = CARTESIAN_POINT('',(0.363263456408,0.));
#6317 = VECTOR('',#6318,1.);
#6318 = DIRECTION('',(0.,-1.));
#6319 = ( GEOMETRIC_REPRESENTATION_CONTEXT(2) 
PARAMETRIC_REPRESENTATION_CONTEXT() REPRESENTATION_CONTEXT('2D SPACE',''
  ) );
#6320 = PCURVE('',#3138,#6321);
#6321 = DEFINITIONAL_REPRESENTATION('',(#6322),#6326);
#6322 = LINE('',#6323,#6324);
#6323 = CARTESIAN_POINT('',(0.,0.));
#6324 = VECTOR('',#6325,1.);
#6325 = DIRECTION('',(0.,-1.));
#6326 = ( GEOMETRIC_REPRESENTATION_CONTEXT(2) 
PARAMETRIC_REPRESENTATION_CONTEXT() REPRESENTATION_CONTEXT('2D SPACE',''
  ) );
#6327 = ORIENTED_EDGE('',*,*,#3094,.F.);
#6328 = ADVANCED_FACE('',(#6329),#3278,.F.);
#6329 = FACE_BOUND('',#6330,.F.);
#6330 = EDGE_LOOP('',(#6331,#6352,#6353,#6354));
#6331 = ORIENTED_EDGE('',*,*,#6332,.T.);
#6332 = EDGE_CURVE('',#3235,#4293,#6333,.T.);
#6333 = SURFACE_CURVE('',#6334,(#6338,#6345),.PCURVE_S1.);
#6334 = LINE('',#6335,#6336);
#6335 = CARTESIAN_POINT('',(2.034256479742,90.24013217523,2.9));
#6336 = VECTOR('',#6337,1.);
#6337 = DIRECTION('',(0.,0.,1.));
#6338 = PCURVE('',#3278,#6339);
#6339 = DEFINITIONAL_REPRESENTATION('',(#6340),#6344);
#6340 = LINE('',#6341,#6342);
#6341 = CARTESIAN_POINT('',(0.,0.));
#6342 = VECTOR('',#6343,1.);
#6343 = DIRECTION('',(0.,-1.));
#6344 = ( GEOMETRIC_REPRESENTATION_CONTEXT(2) 
PARAMETRIC_REPRESENTATION_CONTEXT() REPRESENTATION_CONTEXT('2D SPACE',''
  ) );
#6345 = PCURVE('',#3250,#6346);
#6346 = DEFINITIONAL_REPRESENTATION('',(#6347),#6351);
#6347 = LINE('',#6348,#6349);
#6348 = CARTESIAN_POINT('',(0.363779006245,0.));
#6349 = VECTOR('',#6350,1.);
#6350 = DIRECTION('',(0.,-1.));
#6351 = ( GEOMETRIC_REPRESENTATION_CONTEXT(2) 
PARAMETRIC_REPRESENTATION_CONTEXT() REPRESENTATION_CONTEXT('2D SPACE',''
  ) );
#6352 = ORIENTED_EDGE('',*,*,#4315,.T.);
#6353 = ORIENTED_EDGE('',*,*,#6278,.F.);
#6354 = ORIENTED_EDGE('',*,*,#3262,.F.);
#6355 = ADVANCED_FACE('',(#6356),#3138,.F.);
#6356 = FACE_BOUND('',#6357,.F.);
#6357 = EDGE_LOOP('',(#6358,#6359,#6360,#6381));
#6358 = ORIENTED_EDGE('',*,*,#6307,.T.);
#6359 = ORIENTED_EDGE('',*,*,#4200,.T.);
#6360 = ORIENTED_EDGE('',*,*,#6361,.F.);
#6361 = EDGE_CURVE('',#3123,#4201,#6362,.T.);
#6362 = SURFACE_CURVE('',#6363,(#6367,#6374),.PCURVE_S1.);
#6363 = LINE('',#6364,#6365);
#6364 = CARTESIAN_POINT('',(2.762407468288,88.988289179408,2.9));
#6365 = VECTOR('',#6366,1.);
#6366 = DIRECTION('',(0.,0.,1.));
#6367 = PCURVE('',#3138,#6368);
#6368 = DEFINITIONAL_REPRESENTATION('',(#6369),#6373);
#6369 = LINE('',#6370,#6371);
#6370 = CARTESIAN_POINT('',(0.363192443437,0.));
#6371 = VECTOR('',#6372,1.);
#6372 = DIRECTION('',(0.,-1.));
#6373 = ( GEOMETRIC_REPRESENTATION_CONTEXT(2) 
PARAMETRIC_REPRESENTATION_CONTEXT() REPRESENTATION_CONTEXT('2D SPACE',''
  ) );
#6374 = PCURVE('',#3166,#6375);
#6375 = DEFINITIONAL_REPRESENTATION('',(#6376),#6380);
#6376 = LINE('',#6377,#6378);
#6377 = CARTESIAN_POINT('',(0.,0.));
#6378 = VECTOR('',#6379,1.);
#6379 = DIRECTION('',(0.,-1.));
#6380 = ( GEOMETRIC_REPRESENTATION_CONTEXT(2) 
PARAMETRIC_REPRESENTATION_CONTEXT() REPRESENTATION_CONTEXT('2D SPACE',''
  ) );
#6381 = ORIENTED_EDGE('',*,*,#3122,.F.);
#6382 = ADVANCED_FACE('',(#6383),#3250,.F.);
#6383 = FACE_BOUND('',#6384,.F.);
#6384 = EDGE_LOOP('',(#6385,#6406,#6407,#6408));
#6385 = ORIENTED_EDGE('',*,*,#6386,.T.);
#6386 = EDGE_CURVE('',#3207,#4270,#6387,.T.);
#6387 = SURFACE_CURVE('',#6388,(#6392,#6399),.PCURVE_S1.);
#6388 = LINE('',#6389,#6390);
#6389 = CARTESIAN_POINT('',(2.180361276769,89.90698272878,2.9));
#6390 = VECTOR('',#6391,1.);
#6391 = DIRECTION('',(0.,0.,1.));
#6392 = PCURVE('',#3250,#6393);
#6393 = DEFINITIONAL_REPRESENTATION('',(#6394),#6398);
#6394 = LINE('',#6395,#6396);
#6395 = CARTESIAN_POINT('',(0.,0.));
#6396 = VECTOR('',#6397,1.);
#6397 = DIRECTION('',(0.,-1.));
#6398 = ( GEOMETRIC_REPRESENTATION_CONTEXT(2) 
PARAMETRIC_REPRESENTATION_CONTEXT() REPRESENTATION_CONTEXT('2D SPACE',''
  ) );
#6399 = PCURVE('',#3222,#6400);
#6400 = DEFINITIONAL_REPRESENTATION('',(#6401),#6405);
#6401 = LINE('',#6402,#6403);
#6402 = CARTESIAN_POINT('',(0.363196404142,0.));
#6403 = VECTOR('',#6404,1.);
#6404 = DIRECTION('',(0.,-1.));
#6405 = ( GEOMETRIC_REPRESENTATION_CONTEXT(2) 
PARAMETRIC_REPRESENTATION_CONTEXT() REPRESENTATION_CONTEXT('2D SPACE',''
  ) );
#6406 = ORIENTED_EDGE('',*,*,#4292,.T.);
#6407 = ORIENTED_EDGE('',*,*,#6332,.F.);
#6408 = ORIENTED_EDGE('',*,*,#3234,.F.);
#6409 = ADVANCED_FACE('',(#6410),#3166,.F.);
#6410 = FACE_BOUND('',#6411,.F.);
#6411 = EDGE_LOOP('',(#6412,#6413,#6414,#6435));
#6412 = ORIENTED_EDGE('',*,*,#6361,.T.);
#6413 = ORIENTED_EDGE('',*,*,#4223,.T.);
#6414 = ORIENTED_EDGE('',*,*,#6415,.F.);
#6415 = EDGE_CURVE('',#3151,#4224,#6416,.T.);
#6416 = SURFACE_CURVE('',#6417,(#6421,#6428),.PCURVE_S1.);
#6417 = LINE('',#6418,#6419);
#6418 = CARTESIAN_POINT('',(2.545417970673,89.279470461755,2.9));
#6419 = VECTOR('',#6420,1.);
#6420 = DIRECTION('',(0.,0.,1.));
#6421 = PCURVE('',#3166,#6422);
#6422 = DEFINITIONAL_REPRESENTATION('',(#6423),#6427);
#6423 = LINE('',#6424,#6425);
#6424 = CARTESIAN_POINT('',(0.363140442893,0.));
#6425 = VECTOR('',#6426,1.);
#6426 = DIRECTION('',(0.,-1.));
#6427 = ( GEOMETRIC_REPRESENTATION_CONTEXT(2) 
PARAMETRIC_REPRESENTATION_CONTEXT() REPRESENTATION_CONTEXT('2D SPACE',''
  ) );
#6428 = PCURVE('',#3194,#6429);
#6429 = DEFINITIONAL_REPRESENTATION('',(#6430),#6434);
#6430 = LINE('',#6431,#6432);
#6431 = CARTESIAN_POINT('',(0.,0.));
#6432 = VECTOR('',#6433,1.);
#6433 = DIRECTION('',(0.,-1.));
#6434 = ( GEOMETRIC_REPRESENTATION_CONTEXT(2) 
PARAMETRIC_REPRESENTATION_CONTEXT() REPRESENTATION_CONTEXT('2D SPACE',''
  ) );
#6435 = ORIENTED_EDGE('',*,*,#3150,.F.);
#6436 = ADVANCED_FACE('',(#6437),#3222,.F.);
#6437 = FACE_BOUND('',#6438,.F.);
#6438 = EDGE_LOOP('',(#6439,#6460,#6461,#6462));
#6439 = ORIENTED_EDGE('',*,*,#6440,.T.);
#6440 = EDGE_CURVE('',#3179,#4247,#6441,.T.);
#6441 = SURFACE_CURVE('',#6442,(#6446,#6453),.PCURVE_S1.);
#6442 = LINE('',#6443,#6444);
#6443 = CARTESIAN_POINT('',(2.350983656811,89.586358912742,2.9));
#6444 = VECTOR('',#6445,1.);
#6445 = DIRECTION('',(0.,0.,1.));
#6446 = PCURVE('',#3222,#6447);
#6447 = DEFINITIONAL_REPRESENTATION('',(#6448),#6452);
#6448 = LINE('',#6449,#6450);
#6449 = CARTESIAN_POINT('',(0.,0.));
#6450 = VECTOR('',#6451,1.);
#6451 = DIRECTION('',(0.,-1.));
#6452 = ( GEOMETRIC_REPRESENTATION_CONTEXT(2) 
PARAMETRIC_REPRESENTATION_CONTEXT() REPRESENTATION_CONTEXT('2D SPACE',''
  ) );
#6453 = PCURVE('',#3194,#6454);
#6454 = DEFINITIONAL_REPRESENTATION('',(#6455),#6459);
#6455 = LINE('',#6456,#6457);
#6456 = CARTESIAN_POINT('',(0.363297706786,0.));
#6457 = VECTOR('',#6458,1.);
#6458 = DIRECTION('',(0.,-1.));
#6459 = ( GEOMETRIC_REPRESENTATION_CONTEXT(2) 
PARAMETRIC_REPRESENTATION_CONTEXT() REPRESENTATION_CONTEXT('2D SPACE',''
  ) );
#6460 = ORIENTED_EDGE('',*,*,#4269,.T.);
#6461 = ORIENTED_EDGE('',*,*,#6386,.F.);
#6462 = ORIENTED_EDGE('',*,*,#3206,.F.);
#6463 = ADVANCED_FACE('',(#6464),#3194,.F.);
#6464 = FACE_BOUND('',#6465,.F.);
#6465 = EDGE_LOOP('',(#6466,#6467,#6468,#6469));
#6466 = ORIENTED_EDGE('',*,*,#6415,.T.);
#6467 = ORIENTED_EDGE('',*,*,#4246,.T.);
#6468 = ORIENTED_EDGE('',*,*,#6440,.F.);
#6469 = ORIENTED_EDGE('',*,*,#3178,.F.);
#6470 = ADVANCED_FACE('',(#6471),#3740,.F.);
#6471 = FACE_BOUND('',#6472,.T.);
#6472 = EDGE_LOOP('',(#6473,#6474,#6497,#6524,#6525));
#6473 = ORIENTED_EDGE('',*,*,#3775,.T.);
#6474 = ORIENTED_EDGE('',*,*,#6475,.T.);
#6475 = EDGE_CURVE('',#3722,#6476,#6478,.T.);
#6476 = VERTEX_POINT('',#6477);
#6477 = CARTESIAN_POINT('',(7.5,180.,6.5));
#6478 = SEAM_CURVE('',#6479,(#6483,#6490),.PCURVE_S1.);
#6479 = LINE('',#6480,#6481);
#6480 = CARTESIAN_POINT('',(7.5,190.,6.5));
#6481 = VECTOR('',#6482,1.);
#6482 = DIRECTION('',(0.,-1.,0.));
#6483 = PCURVE('',#3740,#6484);
#6484 = DEFINITIONAL_REPRESENTATION('',(#6485),#6489);
#6485 = LINE('',#6486,#6487);
#6486 = CARTESIAN_POINT('',(-6.28318530718,0.));
#6487 = VECTOR('',#6488,1.);
#6488 = DIRECTION('',(-0.,-1.));
#6489 = ( GEOMETRIC_REPRESENTATION_CONTEXT(2) 
PARAMETRIC_REPRESENTATION_CONTEXT() REPRESENTATION_CONTEXT('2D SPACE',''
  ) );
#6490 = PCURVE('',#3740,#6491);
#6491 = DEFINITIONAL_REPRESENTATION('',(#6492),#6496);
#6492 = LINE('',#6493,#6494);
#6493 = CARTESIAN_POINT('',(-0.,0.));
#6494 = VECTOR('',#6495,1.);
#6495 = DIRECTION('',(-0.,-1.));
#6496 = ( GEOMETRIC_REPRESENTATION_CONTEXT(2) 
PARAMETRIC_REPRESENTATION_CONTEXT() REPRESENTATION_CONTEXT('2D SPACE',''
  ) );
#6497 = ORIENTED_EDGE('',*,*,#6498,.T.);
#6498 = EDGE_CURVE('',#6476,#6476,#6499,.T.);
#6499 = SURFACE_CURVE('',#6500,(#6505,#6512),.PCURVE_S1.);
#6500 = CIRCLE('',#6501,2.5);
#6501 = AXIS2_PLACEMENT_3D('',#6502,#6503,#6504);
#6502 = CARTESIAN_POINT('',(5.,180.,6.5));
#6503 = DIRECTION('',(0.,-1.,0.));
#6504 = DIRECTION('',(1.,0.,0.));
#6505 = PCURVE('',#3740,#6506);
#6506 = DEFINITIONAL_REPRESENTATION('',(#6507),#6511);
#6507 = LINE('',#6508,#6509);
#6508 = CARTESIAN_POINT('',(-0.,-10.));
#6509 = VECTOR('',#6510,1.);
#6510 = DIRECTION('',(-1.,0.));
#6511 = ( GEOMETRIC_REPRESENTATION_CONTEXT(2) 
PARAMETRIC_REPRESENTATION_CONTEXT() REPRESENTATION_CONTEXT('2D SPACE',''
  ) );
#6512 = PCURVE('',#6513,#6518);
#6513 = PLANE('',#6514);
#6514 = AXIS2_PLACEMENT_3D('',#6515,#6516,#6517);
#6515 = CARTESIAN_POINT('',(5.,180.,6.5));
#6516 = DIRECTION('',(-0.,-1.,-0.));
#6517 = DIRECTION('',(0.,0.,-1.));
#6518 = DEFINITIONAL_REPRESENTATION('',(#6519),#6523);
#6519 = CIRCLE('',#6520,2.5);
#6520 = AXIS2_PLACEMENT_2D('',#6521,#6522);
#6521 = CARTESIAN_POINT('',(0.,0.));
#6522 = DIRECTION('',(0.,1.));
#6523 = ( GEOMETRIC_REPRESENTATION_CONTEXT(2) 
PARAMETRIC_REPRESENTATION_CONTEXT() REPRESENTATION_CONTEXT('2D SPACE',''
  ) );
#6524 = ORIENTED_EDGE('',*,*,#6475,.F.);
#6525 = ORIENTED_EDGE('',*,*,#3721,.T.);
#6526 = ADVANCED_FACE('',(#6527),#6513,.F.);
#6527 = FACE_BOUND('',#6528,.F.);
#6528 = EDGE_LOOP('',(#6529));
#6529 = ORIENTED_EDGE('',*,*,#6498,.T.);
#6530 = ( GEOMETRIC_REPRESENTATION_CONTEXT(3) 
GLOBAL_UNCERTAINTY_ASSIGNED_CONTEXT((#6534)) 
GLOBAL_UNIT_ASSIGNED_CONTEXT((#6531,#6532,#6533)) REPRESENTATION_CONTEXT
('Context #1','3D Context with UNIT and UNCERTAINTY') );
#6531 = ( LENGTH_UNIT() NAMED_UNIT(*) SI_UNIT(.MILLI.,.METRE.) );
#6532 = ( NAMED_UNIT(*) PLANE_ANGLE_UNIT() SI_UNIT($,.RADIAN.) );
#6533 = ( NAMED_UNIT(*) SI_UNIT($,.STERADIAN.) SOLID_ANGLE_UNIT() );
#6534 = UNCERTAINTY_MEASURE_WITH_UNIT(LENGTH_MEASURE(1.E-07),#6531,
  'distance_accuracy_value','confusion accuracy');
#6535 = PRODUCT_RELATED_PRODUCT_CATEGORY('part',$,(#7));
ENDSEC;
END-ISO-10303-21;
